numero;nomeProduto;codigoProduto
0;182882 - 114.797 | MUN. ANAT. GM ALT.2.5 SEL.PROTETICA | 554397;182882
1;181424 - 214148 | CONE ESTETICO RETO UNII HE 4.0X1 ST | 401786;181424
2;181425 - 214155 | CONE ESTETICO RETO UNII HE 4.0X2 ST | 401787;181425
3;181426 - 214162 | CONE ESTETICO RETO UNII HE 4.0X3 ST | 401788;181426
4;181427 - 214179 | CONE ESTETICO RETO UNII HI 4.0X1 ST | 401789;181427
5;181428 - 214186 | CONE ESTETICO RETO UNII HI 4.0X2 ST | 401790;181428
6;181409 - 212175 | CONE ESTETICO UNII CONE MORSE 0.8 ST | 401771;181409
7;181410 - 212199 | CONE ESTETICO UNII CONE MORSE 1.5 ST | 401772;181410
8;181411 - 212212 | CONE ESTETICO UNII CONE MORSE 2.5 ST | 401773;181411
9;181412 - 212236 | CONE ESTETICO UNII CONE MORSE 3.5 ST | 401774;181412
10;181413 - 212250 | CONE ESTETICO UNII CONE MORSE 4.5 ST | 401775;181413
11;182110 - 26949 | CONE ESTETICO UNII CONE MORSE 4.8X0.8 | 402472;182110
12;182108 - 26932 | CONE ESTETICO UNII CONE MORSE 4.8X1.5 | 402470;182108
13;182107 - 26925 | CONE ESTETICO UNII CONE MORSE 4.8X2.5 | 402469;182107
14;182111 - 26956 | CONE ESTETICO UNII CONE MORSE 4.8X3.5 | 402473;182111
15;182112 - 26963 | CONE ESTETICO UNII CONE MORSE 4.8X4.5 | 402474;182112
16;182113 - 26970 | CONE ESTETICO UNII CONE MORSE 4.8X5.5 | 402475;182113
17;181414 - 212274 | CONE ESTETICO UNII CONE MORSE 5.5 ST | 401776;181414
18;181702 - 227353 | CONE ESTETICO UNII CONE MORSE AR 4.8X0.8 | 402064;181702
19;181703 - 227377 | CONE ESTETICO UNII CONE MORSE AR 4.8X1.5 | 402065;181703
20;181704 - 227391 | CONE ESTETICO UNII CONE MORSE AR 4.8X2.5 | 402066;181704
21;181705 - 227414 | CONE ESTETICO UNII CONE MORSE AR 4.8X3.5 | 402067;181705
22;181707 - 227438 | CONE ESTETICO UNII CONE MORSE AR 4.8X4.5 | 402069;181707
23;181708 - 227452 | CONE ESTETICO UNII CONE MORSE AR 4.8X5.5 | 402070;181708
24;181955 - 2509 | CONICO ESTETICO ANGULADO UNII HE 3.5 17° M1.6 | 402317;181955
25;181294 - 204095 | CONICO ESTETICO ANGULADO UNII HE 3.5 17° M1.8 | 401656;181294
26;181964 - 2516 | CONICO ESTETICO ANGULADO UNII HE 3.5 30° M1.6 | 402326;181964
27;181295 - 204118 | CONICO ESTETICO ANGULADO UNII HE 3.5 30° M1.8 | 401657;181295
28;181967 - 2523 | CONICO ESTETICO ANGULADO UNII HE 4.0 17° | 402329;181967
29;182295 - 4930 | CONICO ESTETICO ANGULADO UNII HE 4.0 30° | 402657;182295
30;182297 - 5036 | CONICO ESTETICO ANGULADO UNII HE 5.0 17° | 402659;182297
31;182298 - 5043 | CONICO ESTETICO ANGULADO UNII HE 5.0 30° | 402660;182298
32;181813 - 2363 | CONICO ESTETICO ANGULADO UNII HI 3.5 17° | 402175;181813
33;181816 - 2370 | CONICO ESTETICO ANGULADO UNII HI 3.5 30° | 402178;181816
34;181833 - 2387 | CONICO ESTETICO ANGULADO UNII HI 4.0 17° | 402195;181833
35;181836 - 2394 | CONICO ESTETICO ANGULADO UNII HI 4.0 30° | 402198;181836
36;181843 - 2400 | CONICO ESTETICO ANGULADO UNII HI 5.0 17° | 402205;181843
37;182293 - 4916 | CONICO ESTETICO ANGULADO UNII HI 5.0 30° | 402655;182293
38;181854 - 2417 | CONICO ESTETICO RETO UNII HE 3.5X1 M1.6 | 402216;181854
39;181296 - 204132 | CONICO ESTETICO RETO UNII HE 3.5X1 M1.8 | 401658;181296
40;181861 - 2424 | CONICO ESTETICO RETO UNII HE 3.5X2 M1.6 | 402223;181861
41;181297 - 204156 | CONICO ESTETICO RETO UNII HE 3.5X2 M1.8 | 401659;181297
42;181868 - 2431 | CONICO ESTETICO RETO UNII HE 3.5X3 M1.6 | 402230;181868
43;181298 - 204170 | CONICO ESTETICO RETO UNII HE 3.5X3 M1.8 | 401660;181298
44;181874 - 2448 | CONICO ESTETICO RETO UNII HE 4.0X1 | 402236;181874
45;181894 - 2455 | CONICO ESTETICO RETO UNII HE 4.0X2 | 402256;181894
46;181940 - 2493 | CONICO ESTETICO RETO UNII HE 4.0X3 | 402302;181940
47;181789 - 23108 | CONICO ESTETICO RETO UNII HE 5.0X1 | 402151;181789
48;181910 - 2479 | CONICO ESTETICO RETO UNII HE 5.0X2 | 402272;181910
49;181928 - 2486 | CONICO ESTETICO RETO UNII HE 5.0X3 | 402290;181928
50;181701 - 2271 | CONICO ESTETICO RETO UNII HI 3.5X1 | 402063;181701
51;181718 - 2288 | CONICO ESTETICO RETO UNII HI 3.5X2 | 402080;181718
52;181750 - 2295 | CONICO ESTETICO RETO UNII HI 3.5X3 | 402112;181750
53;181786 - 2301 | CONICO ESTETICO RETO UNII HI 4.0X1 | 402148;181786
54;181804 - 2318 | CONICO ESTETICO RETO UNII HI 4.0X2 | 402166;181804
55;181809 - 2325 | CONICO ESTETICO RETO UNII HI 4.0X3 | 402171;181809
56;181810 - 2332 | CONICO ESTETICO RETO UNII HI 5.0X1 | 402172;181810
57;181811 - 2349 | CONICO ESTETICO RETO UNII HI 5.0X2 | 402173;181811
58;181812 - 2356 | CONICO ESTETICO RETO UNII HI 5.0X3 | 402174;181812
59;182881 - 114.796 | MUN. ANAT. GM ALT.1.5 SEL.PROTETICA | 554396;182881
60;182883 - 114.798 | MUN. ANAT. GM ALT.3.5 SEL.PROTETICA | 554398;182883
61;182884 - 114.799 | MUN. ANAT. GM LAT. ALT.1.5 SEL.PROTETICA | 554399;182884
62;182885 - 114.800 | MUN. ANAT. GM LAT. ALT.2.5 SEL.PROTETICA | 554400;182885
63;182886 - 114.801 | MUN. ANAT. GM LAT. ALT.3.5 SEL.PROTETICA | 554401;182886
64;182887 - 114.226 | MUN. ANATOMICO CM ALT.1.5 SEL.PROTETICA | 554402;182887
65;182888 - 114.227 | MUN. ANATOMICO CM ALT.2.5 SEL.PROTETICA | 554403;182888
66;182889 - 114.228 | MUN. ANATOMICO CM ALT.3.5 SEL.PROTETICA | 554404;182889
67;182890 - 114.784 | MUN. GM 17° 3.3X6X1.5 SEL.PROTETICA | 554405;182890
68;182891 - 114.785 | MUN. GM 17° 3.3X6X2.5 SEL.PROTETICA | 554406;182891
69;182900 - 114.786 | MUN. GM 17° 3.3X6X3.5 SEL.PROTETIC | 554415;182900
70;182901 - 114.787 | MUN. GM 17° 4.5X6X1.5 SEL.PROTETICA | 554416;182901
71;182905 - 114.788 | MUN. GM 17° 4.5X6X1.5 SEL.PROTETICA | 554420;182905
72;182908 - 114.789 | MUN. GM 17° 4.5X6X3.5 SEL.PROTETICA | 554423;182908
73;182909 - 114.790 | MUN. GM 30° 3.3X6X1.5 SEL.PROTETICA | 554424;182909
74;182910 - 114.791 | MUN. GM 30° 3.3X6X2.5 SEL.PROTETICA | 554425;182910
75;182913 - 114.792 | MUN. GM 30° 3.3X6X3.5 SEL.PROTETICA | 554428;182913
76;182915 - 114.793 | MUN. GM 30° 4.5X6X1.5 SEL.PROTETICA | 554430;182915
77;182917 - 114.794 | MUN. GM 30° 4.5X6X2.5 SEL.PROTETICA | 554432;182917
78;182919 - 114.795 | MUN. GM 30° 4.5X6X3.5 SEL.PROTETICA | 554434;182919
79;184649 - 114.425 | MUN.ANAT. CM EXACT LAT. TITANIO ALT.1.5 | 585656;184649
80;184648 - 114.426 | MUN.ANAT. CM EXACT LAT. TITANIO ALT.2.5 | 585655;184648
81;184647 - 114.427 | MUN.ANAT. CM EXACT LAT. TITANIO ALT.3.5 | 585654;184647
82;184652 - 114.422 | MUN.ANAT. CM EXACT TITANIO ALT.1.5 | 585659;184652
83;184651 - 114.423 | MUN.ANAT. CM EXACT TITANIO ALT.2.5 | 585658;184651
84;184650 - 114.424 | MUN.ANAT. CM EXACT TITANIO ALT.3.5 | 585657;184650
85;182922 - 114.335 | MUN.ANAT. CM LAT.ALT.1.5 SEL.PROTETICA | 554437;182922
86;182925 - 114.336 | MUN.ANAT. CM LAT.ALT.2.5 SEL.PROTETICA | 554440;182925
87;184655 - 114.419 | MUN.ANAT. CM LATERAL TITANIO ALT.1.5 | 585662;184655
88;184654 - 114.420 | MUN.ANAT. CM LATERAL TITANIO ALT.2.5 | 585661;184654
89;184653 - 114.421 | MUN.ANAT. CM LATERAL TITANIO ALT.3.5 | 585660;184653
90;184633 - 114.461 | MUN.ANAT.ANG.CM 17G TITANIO ALT 2.5 | 585640;184633
91;184634 - 114.460 | MUN.ANAT.ANG.CM 17° TITANIO ALT 1,5 | 585641;184634
92;184632 - 114.462 | MUN.ANAT.ANG.CM 17° TITANIO ALT 3,5 | 585639;184632
93;184640 - 114.454 | MUN.ANAT.ANG.CM EXACT 17° TITANIO ALT1,5 | 585647;184640
94;184639 - 114.455 | MUN.ANAT.ANG.CM EXACT 17° TITANIO ALT2,5 | 585646;184639
95;184638 - 114.456 | MUN.ANAT.ANG.CM EXACT 17° TITANIO ALT3,5 | 585645;184638
96;184637 - 114.457 | MUN.ANAT.ANG.CM EXACT LAT.17° TIT.ALT1,5 | 585644;184637
97;184636 - 114.458 | MUN.ANAT.ANG.CM EXACT LAT.17° TIT.ALT2,5 | 585643;184636
98;184635 - 114.459 | MUN.ANAT.ANG.CM EXACT LAT.17° TIT.ALT3,5 | 585642;184635
99;184631 - 114.463 | MUN.ANAT.ANG.CM LAT.17° TITANIO ALT 1,5 | 585638;184631
100;184630 - 114.464 | MUN.ANAT.ANG.CM LAT.17° TITANIO ALT 2,5 | 585637;184630
101;184629 - 114.465 | MUN.ANAT.ANG.CM LAT.17° TITANIO ALT 3,5 | 585636;184629
102;184643 - 114.450 | MUN.ANAT.FACILITY ALT 1.5 SEL. PROTETICA | 585650;184643
103;184642 - 114.451 | MUN.ANAT.FACILITY ALT 2.5 SEL. PROTETICA | 585649;184642
104;184641 - 114.452 | MUN.ANAT.FACILITY ALT 3.5 SEL. PROTETICA | 585648;184641
105;182929 - 114.219 | MUN.ANG. CM 17° 3.3X6X1.5 SEL. PROTETICA | 554444;182929
106;182967 - 114.220 | MUN.ANG. CM 17° 3.3X6X2.5 SEL. PROTETICA | 554482;182967
107;182972 - 114.221 | MUN.ANG. CM 17° 3.3X6X3.5 SEL. PROTETICA | 554487;182972
108;182975 - 114.222 | MUN.ANG. CM 30° 3.3X6X1.5 SEL. PROTETICA | 554490;182975
109;182976 - 114.223 | MUN.ANG. CM 30° 3.3X6X2.5 SEL. PROTETICA | 554491;182976
110;182977 - 114.224 | MUN.ANG. CM 30° 3.3X6X3.5 SEL. PROTETICA | 554492;182977
111;184792 - 114.089 | MUN.UNIV. ANGULADO CM 17 GRAUS 3.3X4X1.5 | 585900;184792
112;184791 - 114.090 | MUN.UNIV. ANGULADO CM 17 GRAUS 3.3X4X2.5 | 585899;184791
113;184790 - 114.091 | MUN.UNIV. ANGULADO CM 17 GRAUS 3.3X4X3.5 | 585898;184790
114;184789 - 114.092 | MUN.UNIV. ANGULADO CM 17 GRAUS 3.3X6X1.5 | 585897;184789
115;184788 - 114.093 | MUN.UNIV. ANGULADO CM 17 GRAUS 3.3X6X2.5 | 585896;184788
116;184787 - 114.094 | MUN.UNIV. ANGULADO CM 17 GRAUS 3.3X6X3.5 | 585895;184787
117;184786 - 114.095 | MUN.UNIV. ANGULADO CM 17 GRAUS 4.5X4X1.5 | 585894;184786
118;184785 - 114.096 | MUN.UNIV. ANGULADO CM 17 GRAUS 4.5X4X2.5 | 585893;184785
119;184784 - 114.097 | MUN.UNIV. ANGULADO CM 17 GRAUS 4.5X4X3.5 | 585892;184784
120;184783 - 114.098 | MUN.UNIV. ANGULADO CM 17 GRAUS 4.5X6X1.5 | 585891;184783
121;184782 - 114.099 | MUN.UNIV. ANGULADO CM 17 GRAUS 4.5X6X2.5 | 585890;184782
122;184780 - 114.101 | MUN.UNIV. ANGULADO CM 30 GRAUS 3.3X4X1.5 | 585888;184780
123;184779 - 114.102 | MUN.UNIV. ANGULADO CM 30 GRAUS 3.3X4X2.5 | 585887;184779
124;184778 - 114.103 | MUN.UNIV. ANGULADO CM 30 GRAUS 3.3X4X3.5 | 585886;184778
125;184777 - 114.104 | MUN.UNIV. ANGULADO CM 30 GRAUS 3.3X6X1.5 | 585885;184777
126;184776 - 114.105 | MUN.UNIV. ANGULADO CM 30 GRAUS 3.3X6X2.5 | 585884;184776
127;184775 - 114.106 | MUN.UNIV. ANGULADO CM 30 GRAUS 3.3X6X3.5 | 585883;184775
128;184774 - 114.107 | MUN.UNIV. ANGULADO CM 30 GRAUS 4.5X4X1.5 | 585882;184774
129;184773 - 114.108 | MUN.UNIV. ANGULADO CM 30 GRAUS 4.5X4X2.5 | 585881;184773
130;184772 - 114.109 | MUN.UNIV. ANGULADO CM 30 GRAUS 4.5X4X3.5 | 585880;184772
131;184771 - 114.110 | MUN.UNIV. ANGULADO CM 30 GRAUS 4.5X6X1.5 | 585879;184771
132;184770 - 114.111 | MUN.UNIV. ANGULADO CM 30 GRAUS 4.5X6X2.5 | 585878;184770
133;184769 - 114.112 | MUN.UNIV. ANGULADO CM 30 GRAUS 4.5X6X3.5 | 585877;184769
134;184738 - 114.148 | MUN.UNIV. CM COM PARAFUSO PASS.3.3X4X0.8 | 585846;184738
135;184737 - 114.149 | MUN.UNIV. CM COM PARAFUSO PASS.3.3X4X1.5 | 585845;184737
136;184736 - 114.150 | MUN.UNIV. CM COM PARAFUSO PASS.3.3X4X2.5 | 585844;184736
137;184735 - 114.151 | MUN.UNIV. CM COM PARAFUSO PASS.3.3X4X3.5 | 585843;184735
138;184734 - 114.152 | MUN.UNIV. CM COM PARAFUSO PASS.3.3X4X4.5 | 585842;184734
139;184733 - 114.153 | MUN.UNIV. CM COM PARAFUSO PASS.3.3X4X5.5 | 585841;184733
140;184732 - 114.154 | MUN.UNIV. CM COM PARAFUSO PASS.3.3X4X6.5 | 585840;184732
141;184731 - 114.155 | MUN.UNIV. CM COM PARAFUSO PASS.3.3X6X0.8 | 585839;184731
142;184730 - 114.156 | MUN.UNIV. CM COM PARAFUSO PASS.3.3X6X1.5 | 585838;184730
143;184729 - 114.157 | MUN.UNIV. CM COM PARAFUSO PASS.3.3X6X2.5 | 585837;184729
144;184728 - 114.158 | MUN.UNIV. CM COM PARAFUSO PASS.3.3X6X3.5 | 585836;184728
145;184727 - 114.159 | MUN.UNIV. CM COM PARAFUSO PASS.3.3X6X4.5 | 585835;184727
146;184726 - 114.160 | MUN.UNIV. CM COM PARAFUSO PASS.3.3X6X5.5 | 585834;184726
147;184768 - 114.115 | MUN.UNIV. CM COM PARAFUSO PASS.4.5X4X0.8 | 585876;184768
148;184766 - 114.117 | MUN.UNIV. CM COM PARAFUSO PASS.4.5X4X1.5 | 585874;184766
149;184765 - 114.118 | MUN.UNIV. CM COM PARAFUSO PASS.4.5X4X2.5 | 585873;184765
150;184725 - 114.162 | MUN.UNIV. CM COM PARAFUSO PASS.4.5X4X4.5 | 585833;184725
151;184724 - 114.163 | MUN.UNIV. CM COM PARAFUSO PASS.4.5X4X5.5 | 585832;184724
152;184767 - 114.116 | MUN.UNIV. CM COM PARAFUSO PASS.4.5X6X0.8 | 585875;184767
153;184763 - 114.120 | MUN.UNIV. CM COM PARAFUSO PASS.4.5X6X1.5 | 585871;184763
154;184762 - 114.121 | MUN.UNIV. CM COM PARAFUSO PASS.4.5X6X2.5 | 585870;184762
155;184761 - 114.122 | MUN.UNIV. CM COM PARAFUSO PASS.4.5X6X3.5 | 585869;184761
156;184723 - 114.165 | MUN.UNIV. CM COM PARAFUSO PASS.4.5X6X4.5 | 585831;184723
157;184722 - 114.166 | MUN.UNIV. CM COM PARAFUSO PASS.4.5X6X5.5 | 585830;184722
158;184685 - 114.384 | MUN.UNIV.ANG. CM EXACT 17° 3.3X4X1.5 | 585694;184685
159;184684 - 114.385 | MUN.UNIV.ANG. CM EXACT 17° 3.3X4X2.5 | 585693;184684
160;184683 - 114.386 | MUN.UNIV.ANG. CM EXACT 17° 3.3X4X3.5 | 585692;184683
161;184682 - 114.387 | MUN.UNIV.ANG. CM EXACT 17° 3.3X6X1.5 | 585691;184682
162;184681 - 114.388 | MUN.UNIV.ANG. CM EXACT 17° 3.3X6X2.5 | 585690;184681
163;184680 - 114.389 | MUN.UNIV.ANG. CM EXACT 17° 3.3X6X3.5 | 585689;184680
164;184679 - 114.390 | MUN.UNIV.ANG. CM EXACT 17° 4.5X4X1.5 | 585688;184679
165;184678 - 114.391 | MUN.UNIV.ANG. CM EXACT 17° 4.5X4X2.5 | 585687;184678
166;184677 - 114.392 | MUN.UNIV.ANG. CM EXACT 17° 4.5X4X3.5 | 585686;184677
167;184676 - 114.393 | MUN.UNIV.ANG. CM EXACT 17° 4.5X6X1.5 | 585685;184676
168;184675 - 114.394 | MUN.UNIV.ANG. CM EXACT 17° 4.5X6X2.5 | 585684;184675
169;184674 - 114.395 | MUN.UNIV.ANG. CM EXACT 17° 4.5X6X3.5 | 585683;184674
170;184672 - 114.397 | MUN.UNIV.ANG. CM EXACT 30° 3.3X4X2.5 | 585681;184672
171;184671 - 114.398 | MUN.UNIV.ANG. CM EXACT 30° 3.3X4X3.5 | 585680;184671
172;184670 - 114.399 | MUN.UNIV.ANG. CM EXACT 30° 3.3X6X1.5 | 585679;184670
173;184669 - 114.400 | MUN.UNIV.ANG. CM EXACT 30° 3.3X6X2.5 | 585678;184669
174;184667 - 114.401 | MUN.UNIV.ANG. CM EXACT 30° 3.3X6X3.5 | 585676;184667
175;184666 - 114.402 | MUN.UNIV.ANG. CM EXACT 30° 4.5X4X1.5 | 585673;184666
176;184665 - 114.403 | MUN.UNIV.ANG. CM EXACT 30° 4.5X4X2.5 | 585672;184665
177;184664 - 114.404 | MUN.UNIV.ANG. CM EXACT 30° 4.5X4X3.5 | 585671;184664
178;184663 - 114.405 | MUN.UNIV.ANG. CM EXACT 30° 4.5X6X1.5 | 585670;184663
179;184662 - 114.406 | MUN.UNIV.ANG. CM EXACT 30° 4.5X6X2.5 | 585669;184662
180;184661 - 114.407 | MUN.UNIV.ANG. CM EXACT 30° 4.5X6X3.5 | 585668;184661
181;182943 - 114.542 | MUN.UNIV.CLICK ANG.GM EXACT 17°3.3X4X1.5 | 554458;182943
182;182944 - 114.543 | MUN.UNIV.CLICK ANG.GM EXACT 17°3.3X4X2.5 | 554459;182944
183;182946 - 114.544 | MUN.UNIV.CLICK ANG.GM EXACT 17°3.3X4X3.5 | 554461;182946
184;182949 - 114.545 | MUN.UNIV.CLICK ANG.GM EXACT 17°3.3X6X1.5 | 554464;182949
185;182950 - 114.546 | MUN.UNIV.CLICK ANG.GM EXACT 17°3.3X6X2.5 | 554465;182950
186;182952 - 114.547 | MUN.UNIV.CLICK ANG.GM EXACT 17°3.3X6X3.5.5 | 554467;182952
187;182985 - 114.548 | MUN.UNIV.CLICK ANG.GM EXACT 17°4.5X4X1.5 | 554500;182985
188;182987 - 114.549 | MUN.UNIV.CLICK ANG.GM EXACT 17°4.5X4X2.5 | 554502;182987
189;182988 - 114.550 | MUN.UNIV.CLICK ANG.GM EXACT 17°4.5X4X3.5 | 554503;182988
190;182989 - 114.551 | MUN.UNIV.CLICK ANG.GM EXACT 17°4.5X6X1.5 | 554504;182989
191;182990 - 114.552 | MUN.UNIV.CLICK ANG.GM EXACT 17°4.5X6X2.5 | 554505;182990
192;182991 - 114.553 | MUN.UNIV.CLICK ANG.GM EXACT 17°4.5X6X3.5 | 554506;182991
193;182992 - 114.554 | MUN.UNIV.CLICK ANG.GM EXACT 30°3.3X4X1.5 | 554507;182992
194;182993 - 114.555 | MUN.UNIV.CLICK ANG.GM EXACT 30°3.3X4X2.5 | 554508;182993
195;184624 - 114.556 | MUN.UNIV.CLICK ANG.GM EXACT 30°3.3X4X3.5 | 585631;184624
196;182994 - 114.557 | MUN.UNIV.CLICK ANG.GM EXACT 30°3.3X6X1.5 | 554509;182994
197;182995 - 114.558 | MUN.UNIV.CLICK ANG.GM EXACT 30°3.3X6X2.5 | 554510;182995
198;182996 - 114.559 | MUN.UNIV.CLICK ANG.GM EXACT 30°3.3X6X3.5 | 554511;182996
199;182997 - 114.560 | MUN.UNIV.CLICK ANG.GM EXACT 30°4.5X4X1.5 | 554512;182997
200;182998 - 114.561 | MUN.UNIV.CLICK ANG.GM EXACT 30°4.5X4X2.5 | 554513;182998
201;182999 - 114.562 | MUN.UNIV.CLICK ANG.GM EXACT 30°4.5X4X3.5 | 554514;182999
202;183000 - 114.563 | MUN.UNIV.CLICK ANG.GM EXACT 30°4.5X6X1.5 | 554515;183000
203;183001 - 114.564 | MUN.UNIV.CLICK ANG.GM EXACT 30°4.5X6X2.5 | 554516;183001
204;183002 - 114.565 | MUN.UNIV.CLICK ANG.GM EXACT 30°4.5X6X3.5 | 554517;183002
205;183003 - 114.566 | MUN.UNIV.CLICK GM EXACT 3.3X4X0.8 | 554518;183003
206;183004 - 114.567 | MUN.UNIV.CLICK GM EXACT 3.3X4X1.5 | 554519;183004
207;183005 - 114.568 | MUN.UNIV.CLICK GM EXACT 3.3X4X2.5 | 554520;183005
208;183006 - 114.569 | MUN.UNIV.CLICK GM EXACT 3.3X4X3.5 | 554521;183006
209;183007 - 114.570 | MUN.UNIV.CLICK GM EXACT 3.3X4X4.5 | 554522;183007
210;183008 - 114.571 | MUN.UNIV.CLICK GM EXACT 3.3X4X5.5 | 554523;183008
211;183009 - 114.572 | MUN.UNIV.CLICK GM EXACT 3.3X6X0.8 | 554524;183009
212;183010 - 114.573 | MUN.UNIV.CLICK GM EXACT 3.3X6X1.5 | 554525;183010
213;183072 - 114.574 | MUN.UNIV.CLICK GM EXACT 3.3X6X2.5 | 554587;183072
214;183075 - 114.575 | MUN.UNIV.CLICK GM EXACT 3.3X6X3.5 | 554590;183075
215;183110 - 114.576 | MUN.UNIV.CLICK GM EXACT 3.3X6X4.5 | 554625;183110
216;183116 - 114.577 | MUN.UNIV.CLICK GM EXACT 3.3X6X5.5 | 554645;183116
217;183119 - 114.578 | MUN.UNIV.CLICK GM EXACT 4.5X4X0.8 | 554648;183119
218;183121 - 114.579 | MUN.UNIV.CLICK GM EXACT 4.5X4X1.5 | 554650;183121
219;183095 - 114.580 | MUN.UNIV.CLICK GM EXACT 4.5X4X2.5 | 554610;183095
220;183125 - 114.581 | MUN.UNIV.CLICK GM EXACT 4.5X4X3.5 | 554654;183125
221;183128 - 114.582 | MUN.UNIV.CLICK GM EXACT 4.5X4X4.5 | 554657;183128
222;183132 - 114.583 | MUN.UNIV.CLICK GM EXACT 4.5X4X5.5 | 554661;183132
223;183134 - 114.584 | MUN.UNIV.CLICK GM EXACT 4.5X6X0.8 | 554663;183134
224;183139 - 114.585 | MUN.UNIV.CLICK GM EXACT 4.5X6X1.5 | 554685;183139
225;183142 - 114.586 | MUN.UNIV.CLICK GM EXACT 4.5X6X2.5 | 554688;183142
226;183144 - 114.587 | MUN.UNIV.CLICK GM EXACT 4.5X6X3.5 | 554690;183144
227;184623 - 114.587 | MUN.UNIV.CLICK GM EXACT 4.5X6X3.5 | 585629;184623
228;183152 - 114.588 | MUN.UNIV.CLICK GM EXACT 4.5X6X4.5 | 554698;183152
229;183153 - 114.589 | MUN.UNIV.CLICK GM EXACT 4.5X6X5.5 | 554699;183153
230;183161 - 114.865 | MUNHAO ANAT GM 17G PF REM ALT 1.5 | 554707;183161
231;183166 - 114.866 | MUNHAO ANAT GM 17G PF REM ALT 2.5 | 554714;183166
232;183167 - 114.867 | MUNHAO ANAT GM 17G PF REM ALT 3.5 | 554715;183167
233;183168 - 114.871 | MUNHAO ANAT GM LAT 17 PF REM ALT 1.5 | 554716;183168
234;183170 - 114.872 | MUNHAO ANAT GM LAT 17 PF REM ALT 2.5 | 554718;183170
235;183172 - 114.873 | MUNHAO ANAT GM LAT 17 PF REM ALT 3.5 | 554720;183172
236;183207 - 114.868 | MUNHAO ANAT GM LAT PF REM ALT 1.5 | 554755;183207
237;183208 - 114.869 | MUNHAO ANAT GM LAT PF REM ALT 2.5 | 554756;183208
238;183209 - 114.870 | MUNHAO ANAT GM LAT PF REM ALT 3.5 | 554757;183209
239;183210 - 114.862 | MUNHAO ANAT GM PF REM ALT 1.5 | 554758;183210
240;183211 - 114.863 | MUNHAO ANAT GM PF REM ALT 2.5 | 554759;183211
241;183212 - 114.864 | MUNHAO ANAT GM PF REM ALT 3.5 | 554760;183212
242;183213 - 114.761 | MUNHAO ANAT. CLICK GM EX. LAT.17 ALT.1.5 | 554761;183213
243;184622 - 114.762 | MUNHAO ANAT. CLICK GM EX. LAT.17 ALT.2.5 | 585628;184622
244;184621 - 114.763 | MUNHAO ANAT. CLICK GM EX. LAT.17 ALT.3.5 | 585627;184621
245;183214 - 114.755 | MUNHAO ANAT. CLICK GM EXACT 17  ALT.1.5 | 554762;183214
246;183215 - 114.756 | MUNHAO ANAT. CLICK GM EXACT 17  ALT.2.5 | 554763;183215
247;183216 - 114.757 | MUNHAO ANAT. CLICK GM EXACT 17  ALT.3.5 | 554764;183216
248;183217 - 114.758 | MUNHAO ANAT. CLICK GM EXACT LAT. ALT.1.5 | 554765;183217
249;183218 - 114.759 | MUNHAO ANAT. CLICK GM EXACT LAT. ALT.2.5 | 554766;183218
250;183219 - 114.760 | MUNHAO ANAT. CLICK GM EXACT LAT. ALT.3.5 | 554767;183219
251;183220 - 114.752 | MUNHAO ANATOMICO CLICK GM EXACT ALT. 1.5 | 554769;183220
252;183221 - 114.753 | MUNHAO ANATOMICO CLICK GM EXACT ALT. 2.5 | 554773;183221
253;183222 - 114.754 | MUNHAO ANATOMICO CLICK GM EXACT ALT. 3.5 | 554774;183222
254;184709 - 114.328 | MUNHAO ANATOMICO CM TITANIO ALT. 1.5 | 585817;184709
255;184708 - 114.329 | MUNHAO ANATOMICO CM TITANIO ALT. 2.5 | 585816;184708
256;184707 - 114.330 | MUNHAO ANATOMICO CM TITANIO ALT. 3.5 | 585815;184707
257;184646 - 114.442 | MUNHAO ANATOMICO FACILITY ALT. 1,5 | 585653;184646
258;184645 - 114.443 | MUNHAO ANATOMICO FACILITY ALT. 2,5 | 585652;184645
259;184644 - 114.444 | MUNHAO ANATOMICO FACILITY ALT. 3.5 | 585651;184644
260;183223 - 114.025 | MUNHAO ANGULADO 17 GRAUS 3.3 ALT.2 | 554775;183223
261;183224 - 114.026 | MUNHAO ANGULADO 17 GRAUS 3.3 ALT.3 | 554776;183224
262;183225 - 114.027 | MUNHAO ANGULADO 17 GRAUS 3.3 ALT.4 | 554777;183225
263;183226 - 114.016 | MUNHAO ANGULADO 17 GRAUS 4.1 ALT.2 | 554778;183226
264;183227 - 114.017 | MUNHAO ANGULADO 17 GRAUS 4.1 ALT.3 | 554779;183227
265;183228 - 114.018 | MUNHAO ANGULADO 17 GRAUS 4.1 ALT.4 | 554780;183228
266;183229 - 114.071 | MUNHAO ANGULADO 17 GRAUS 5.0 ALT.2 | 554781;183229
267;183230 - 114.072 | MUNHAO ANGULADO 17 GRAUS 5.0 ALT.3 | 554782;183230
268;183231 - 114.073 | MUNHAO ANGULADO 17 GRAUS 5.0 ALT.4 | 554783;183231
269;183232 - 114.009 | MUNHAO ANGULADO 30 GRAUS 4.1 ALT.3 | 554784;183232
270;183233 - 114.010 | MUNHAO ANGULADO 30 GRAUS 4.1 ALT.4 | 554786;183233
271;183234 - 114.191 | MUNHAO CM 3.3X4X0.8 SELECAO PROTETICA | 554787;183234
272;183235 - 114.192 | MUNHAO CM 3.3X4X1.5 SELECAO PROTETICA | 554788;183235
273;183236 - 114.193 | MUNHAO CM 3.3X4X2.5 SELECAO PROTETICA | 554789;183236
274;183237 - 114.194 | MUNHAO CM 3.3X4X3.5 SELECAO PROTETICA | 554790;183237
275;183238 - 114.195 | MUNHAO CM 3.3X4X4.5 SELECAO PROTETICA | 554791;183238
276;183239 - 114.196 | MUNHAO CM 3.3X4X5.5 SELECAO PROTETICA | 554792;183239
277;183240 - 114.197 | MUNHAO CM 3.3X4X6.5 SELECAO PROTETICA | 554793;183240
278;183241 - 114.198 | MUNHAO CM 3.3X6X0.8 SELECAO PROTETICA | 554794;183241
279;183242 - 114.199 | MUNHAO CM 3.3X6X1.5 SELECAO PROTETICA | 554795;183242
280;183243 - 114.200 | MUNHAO CM 3.3X6X2.5 SELECAO PROTETICA | 554796;183243
281;183244 - 114.201 | MUNHAO CM 3.3X6X3.5 SELECAO PROTETICA | 554797;183244
282;183245 - 114.202 | MUNHAO CM 3.3X6X4.5 SELECAO PROTETICA | 554798;183245
283;183246 - 114.203 | MUNHAO CM 3.3X6X5.5 SELECAO PROTETICA | 554799;183246
284;183247 - 114.204 | MUNHAO CM 3.3X6X6.5 SELECA | 554800;183247
285;183248 - 114.205 | MUNHAO CM 4.5X4X0.8 SELECAO PROTETICA | 554801;183248
286;183249 - 114.206 | MUNHAO CM 4.5X4X1.5 SELECAO PROTETICA | 554802;183249
287;183251 - 114.207 | MUNHAO CM 4.5X4X2.5 SELECAO PROTETICA | 554804;183251
288;183253 - 114.208 | MUNHAO CM 4.5X4X3.5 SELECAO PROTETICA | 554806;183253
289;183256 - 114.209 | MUNHAO CM 4.5X4X4.5 SELECAO PROTETICA | 554809;183256
290;183258 - 114.210 | MUNHAO CM 4.5X4X5.5 SELECAO PROTETICA | 554811;183258
291;183260 - 114.211 | MUNHAO CM 4.5X4X6.5 SELECAO PROTETICA | 554813;183260
292;183262 - 114.212 | MUNHAO CM 4.5X6X0.8 SELECAO PROTETICA | 554815;183262
293;183254 - 114.213 | MUNHAO CM 4.5X6X1.5 SELECAO PROTETICA | 554807;183254
294;183264 - 114.214 | MUNHAO CM 4.5X6X2.5 SELECAO PROTETICA | 554817;183264
295;183255 - 114.215 | MUNHAO CM 4.5X6X3.5 SELECAO PROTETICA | 554808;183255
296;183266 - 114.216 | MUNHAO CM 4.5X6X4.5 SELECAO PROTETICA | 554819;183266
297;183257 - 114.217 | MUNHAO CM 4.5X6X5.5 SELECAO PROTETICA | 554810;183257
298;183268 - 114.218 | MUNHAO CM 4.5X6X6.5 SELECAO PROTETICA | 554821;183268
299;183267 - 114.888 | MUNHAO CR EM PEEK ESTREITO ALT 1.5 | 554820;183267
300;183278 - 114.889 | MUNHAO CR EM PEEK ESTREITO ALT 2.5 | 554831;183278
301;183263 - 114.886 | MUNHAO CR EM PEEK REGULAR ALT 1.5 | 554816;183263
302;183281 - 114.887 | MUNHAO CR EM PEEK REGULAR ALT 2.5 | 554834;183281
303;183282 - 114.772 | MUNHAO GM 3.3X6X0.8 SELECAO PROTETICA | 554835;183282
304;183283 - 114.773 | MUNHAO GM 3.3X6X1.5 SELECAO PROTETICA | 554836;183283
305;183269 - 114.774 | MUNHAO GM 3.3X6X2.5 SELECAO PROTETICA | 554822;183269
306;183271 - 114.775 | MUNHAO GM 3.3X6X3.5 SELECAO PROTETICA | 554824;183271
307;183252 - 114.776 | MUNHAO GM 3.3X6X4.5 SELECAO PROTETICA | 554805;183252
308;183288 - 114.777 | MUNHAO GM 3.3X6X5.5 SELECAO PROTETICA | 554841;183288
309;183290 - 114.778 | MUNHAO GM 4.5X6X0.8 SELECAO PROTETICA | 554843;183290
310;183292 - 114.779 | MUNHAO GM 4.5X6X1.5 SELECAO PROTETICA | 554845;183292
311;183273 - 114.780 | MUNHAO GM 4.5X6X2.5 SELECAO PROTETICA | 554826;183273
312;183300 - 114.781 | MUNHAO GM 4.5X6X3.5 SELECAO PROTETICA | 554853;183300
313;183303 - 114.782 | MUNHAO GM 4.5X6X4.5 SELECAO PROTETICA | 554856;183303
314;183304 - 114.783 | MUNHAO GM 4.5X6X5.5 SELECAO PROTETICA | 554857;183304
315;184568 - 114.029 | MUNHAO PERSONALIZAVEL 4.1 P/ 5.0 | 585568;184568
316;184549 - 114.035 | MUNHAO PERSONALIZAVEL 5.0 P/ 6.0 | 585549;184549
317;184628 - 114.530 | MUNHAO PRO PEEK 4.5X0.8 | 585635;184628
318;184627 - 114.531 | MUNHAO PRO PEEK 4.5X1.5 | 585634;184627
319;184626 - 114.532 | MUNHAO PRO PEEK 4.5X2.5 | 585633;184626
320;184625 - 114.534 | MUNHAO PRO PEEK 4.5X4.5 | 585632;184625
321;183306 - 114.738 | MUNHAO PRO PEEK GM 4.5X0.8 | 554859;183306
322;183308 - 114.739 | MUNHAO PRO PEEK GM 4.5X1.5 | 554861;183308
323;183310 - 114.740 | MUNHAO PRO PEEK GM 4.5X2.5 | 554863;183310
324;183311 - 114.741 | MUNHAO PRO PEEK GM 4.5X3.5 | 554864;183311
325;183315 - 114.742 | MUNHAO PRO PEEK GM 4.5X4.5 | 554868;183315
326;183276 - 114.743 | MUNHAO PRO PEEK GM 4.5X5.5 | 554829;183276
327;183277 - 114.744 | MUNHAO PRO PEEK GM 6.0X0.8 | 554830;183277
328;183319 - 114.745 | MUNHAO PRO PEEK GM 6.0X1.5 | 554872;183319
329;183279 - 114.746 | MUNHAO PRO PEEK GM 6.0X2.5 | 554832;183279
330;183280 - 114.747 | MUNHAO PRO PEEK GM 6.0X3.5 | 554833;183280
331;183286 - 114.748 | MUNHAO PRO PEEK GM 6.0X4.5 | 554839;183286
332;183325 - 114.874 | MUNHÃO PROPEEK GM PARAFUSO REMOV 4.5X0.8 | 554878;183325
333;183314 - 114.875 | MUNHÃO PROPEEK GM PARAFUSO REMOV 4.5X1.5 | 554867;183314
334;183324 - 114.876 | MUNHÃO PROPEEK GM PARAFUSO REMOV 4.5X2.5 | 554877;183324
335;183289 - 114.877 | MUNHÃO PROPEEK GM PARAFUSO REMOV 4.5X3.5 | 554842;183289
336;183296 - 114.878 | MUNHÃO PROPEEK GM PARAFUSO REMOV 4.5X4.5 | 554849;183296
337;183291 - 114.879 | MUNHÃO PROPEEK GM PARAFUSO REMOV 4.5X5.5 | 554844;183291
338;183293 - 114.880 | MUNHÃO PROPEEK GM PARAFUSO REMOV 6.0X0.8 | 554846;183293
339;183299 - 114.881 | MUNHÃO PROPEEK GM PARAFUSO REMOV 6.0X1.5 | 554852;183299
340;183298 - 114.882 | MUNHÃO PROPEEK GM PARAFUSO REMOV 6.0X2.5 | 554851;183298
341;183317 - 114.883 | MUNHÃO PROPEEK GM PARAFUSO REMOV 6.0X3.5 | 554870;183317
342;183301 - 114.884 | MUNHÃO PROPEEK GM PARAFUSO REMOV 6.0X4.5 | 554854;183301
343;183321 - 114.885 | MUNHÃO PROPEEK GM PARAFUSO REMOV 6.0X5.5 | 554874;183321
344;183305 - 114.910 | MUNHAO UNIV 17 CLICK NGM EXACT 3.3X4X1.5 | 554858;183305
345;183326 - 114.911 | MUNHAO UNIV 17 CLICK NGM EXACT 3.3X4X2.5 | 554880;183326
346;183322 - 114.912 | MUNHAO UNIV 17 CLICK NGM EXACT 3.3X4X3.5 | 554875;183322
347;183313 - 114.913 | MUNHAO UNIV 17 CLICK NGM EXACT 3.3X6X1.5 | 554866;183313
348;183307 - 114.914 | MUNHAO UNIV 17 CLICK NGM EXACT 3.3X6X2.5 | 554860;183307
349;183309 - 114.915 | MUNHAO UNIV 17 CLICK NGM EXACT 3.3X6X3.5 | 554862;183309
350;183328 - 114.902 | MUNHAO UNIV CLICK NGM EXACT 3.3X4X0.8 | 554882;183328
351;183332 - 114.903 | MUNHAO UNIV CLICK NGM EXACT 3.3X4X1.5 | 554886;183332
352;183337 - 114.904 | MUNHAO UNIV CLICK NGM EXACT 3.3X4X2.5 | 554891;183337
353;183330 - 114.905 | MUNHAO UNIV CLICK NGM EXACT 3.3X4X3.5 | 554884;183330
354;183340 - 114.906 | MUNHAO UNIV CLICK NGM EXACT 3.3X6X0.8 | 554894;183340
355;183339 - 114.907 | MUNHAO UNIV CLICK NGM EXACT 3.3X6X1.5 | 554893;183339
356;183344 - 114.908 | MUNHAO UNIV CLICK NGM EXACT 3.3X6X2.5 | 554898;183344
357;183345 - 114.909 | MUNHAO UNIV CLICK NGM EXACT 3.3X6X3.5 | 554899;183345
358;183342 - 114.802 | MUNHAO UNIV GM 17G PARAF REM 3.3X4X1.5 | 554896;183342
359;183347 - 114.803 | MUNHAO UNIV GM 17G PARAF REM 3.3X4X2.5 | 554901;183347
360;183351 - 114.804 | MUNHAO UNIV GM 17G PARAF REM 3.3X4X3.5 | 554905;183351
361;183349 - 114.805 | MUNHAO UNIV GM 17G PARAF REM 3.3X6X1.5 | 554903;183349
362;183348 - 114.806 | MUNHAO UNIV GM 17G PARAF REM 3.3X6X2.5 | 554902;183348
363;183353 - 114.807 | MUNHAO UNIV GM 17G PARAF REM 3.3X6X3.5 | 554907;183353
364;183352 - 114.808 | MUNHAO UNIV GM 17G PARAF REM 4.5X4X1.5 | 554906;183352
365;183350 - 114.809 | MUNHAO UNIV GM 17G PARAF REM 4.5X4X2.5 | 554904;183350
366;183354 - 114.810 | MUNHAO UNIV GM 17G PARAF REM 4.5X4X3.5 | 554908;183354
367;183355 - 114.811 | MUNHAO UNIV GM 17G PARAF REM 4.5X6X1.5 | 554909;183355
368;183356 - 114.812 | MUNHAO UNIV GM 17G PARAF REM 4.5X6X2.5 | 554910;183356
369;183357 - 114.813 | MUNHAO UNIV GM 17G PARAF REM 4.5X6X3.5 | 554911;183357
370;183359 - 114.814 | MUNHAO UNIV GM 30G PARAF REM 3.3X4X1.5 | 554913;183359
371;183361 - 114.815 | MUNHAO UNIV GM 30G PARAF REM 3.3X4X2.5 | 554915;183361
372;183364 - 114.816 | MUNHAO UNIV GM 30G PARAF REM 3.3X4X3.5 | 554918;183364
373;183365 - 114.817 | MUNHAO UNIV GM 30G PARAF REM 3.3X6X1.5 | 554919;183365
374;183362 - 114.818 | MUNHAO UNIV GM 30G PARAF REM 3.3X6X2.5 | 554916;183362
375;183366 - 114.819 | MUNHAO UNIV GM 30G PARAF REM 3.3X6X3.5 | 554920;183366
376;183369 - 114.820 | MUNHAO UNIV GM 30G PARAF REM 4.5X4X1.5 | 554923;183369
377;183371 - 114.821 | MUNHAO UNIV GM 30G PARAF REM 4.5X4X2.5 | 554925;183371
378;183372 - 114.822 | MUNHAO UNIV GM 30G PARAF REM 4.5X4X3.5 | 554926;183372
379;183374 - 114.823 | MUNHAO UNIV GM 30G PARAF REM 4.5X6X1.5 | 554928;183374
380;183377 - 114.824 | MUNHAO UNIV GM 30G PARAF REM 4.5X6X2.5 | 554931;183377
381;183381 - 114.825 | MUNHAO UNIV GM 30G PARAF REM 4.5X6X3.5 | 554935;183381
382;183383 - 114.826 | MUNHAO UNIV GM PARAF REM 3.3X4X0.8 | 554937;183383
383;184164 - 114.827 | MUNHAO UNIV GM PARAF REM 3.3X4X1.5 | 555853;184164
384;183379 - 114.828 | MUNHAO UNIV GM PARAF REM 3.3X4X2.5 | 554933;183379
385;183386 - 114.829 | MUNHAO UNIV GM PARAF REM 3.3X4X3.5 | 554940;183386
386;183402 - 114.830 | MUNHAO UNIV GM PARAF REM 3.3X4X4.5 | 554958;183402
387;183398 - 114.831 | MUNHAO UNIV GM PARAF REM 3.3X4X5.5 | 554953;183398
388;183393 - 114.832 | MUNHAO UNIV GM PARAF REM 3.3X6X0.8 | 554947;183393
389;183399 - 114.833 | MUNHAO UNIV GM PARAF REM 3.3X6X1.5 | 554955;183399
390;184619 - 114.834 | MUNHAO UNIV GM PARAF REM 3.3X6X2.5 | 585625;184619
391;183411 - 114.835 | MUNHAO UNIV GM PARAF REM 3.3X6X3.5 | 554967;183411
392;183414 - 114.836 | MUNHAO UNIV GM PARAF REM 3.3X6X4.5 | 554970;183414
393;184618 - 114.836 | MUNHAO UNIV GM PARAF REM 3.3X6X4.5 | 585623;184618
394;183417 - 114.837 | MUNHAO UNIV GM PARAF REM 3.3X6X5.5 | 554973;183417
395;183419 - 114.838 | MUNHAO UNIV GM PARAF REM 4.5X4X0.8 | 554975;183419
396;183422 - 114.839 | MUNHAO UNIV GM PARAF REM 4.5X4X1.5 | 554978;183422
397;183424 - 114.840 | MUNHAO UNIV GM PARAF REM 4.5X4X2.5 | 554980;183424
398;183425 - 114.841 | MUNHAO UNIV GM PARAF REM 4.5X4X3.5 | 554981;183425
399;183428 - 114.842 | MUNHAO UNIV GM PARAF REM 4.5X4X4.5 | 554984;183428
400;183432 - 114.843 | MUNHAO UNIV GM PARAF REM 4.5X4X5.5 | 554988;183432
401;183434 - 114.844 | MUNHAO UNIV GM PARAF REM 4.5X6X0.8 | 554990;183434
402;183436 - 114.845 | MUNHAO UNIV GM PARAF REM 4.5X6X1.5 | 554992;183436
403;183439 - 114.846 | MUNHAO UNIV GM PARAF REM 4.5X6X2.5 | 554995;183439
404;183442 - 114.847 | MUNHAO UNIV GM PARAF REM 4.5X6X3.5 | 554998;183442
405;183444 - 114.848 | MUNHAO UNIV GM PARAF REM 4.5X6X4.5 | 555000;183444
406;183445 - 114.849 | MUNHAO UNIV GM PARAF REM 4.5X6X5.5 | 555001;183445
407;184754 - 114.129 | MUNHAO UNIVERSAL CM 3.3X4X0.8 | 585862;184754
408;184569 - 114.077 | MUNHAO UNIVERSAL CM 3.3X4X1.5 | 585569;184569
409;184570 - 114.078 | MUNHAO UNIVERSAL CM 3.3X4X2.5 | 585570;184570
410;184571 - 114.079 | MUNHAO UNIVERSAL CM 3.3X4X3.5 | 585571;184571
411;184750 - 114.136 | MUNHAO UNIVERSAL CM 3.3X4X4.5 | 585858;184750
412;184749 - 114.137 | MUNHAO UNIVERSAL CM 3.3X4X5.5 | 585857;184749
413;184748 - 114.138 | MUNHAO UNIVERSAL CM 3.3X4X6.5 | 585856;184748
414;184753 - 114.130 | MUNHAO UNIVERSAL CM 3.3X6X0.8 | 585861;184753
415;184577 - 114.086 | MUNHAO UNIVERSAL CM 3.3X6X1.5 | 585578;184577
416;184578 - 114.087 | MUNHAO UNIVERSAL CM 3.3X6X2.5 | 585579;184578
417;184579 - 114.088 | MUNHAO UNIVERSAL CM 3.3X6X3.5 | 585580;184579
418;184747 - 114.139 | MUNHAO UNIVERSAL CM 3.3X6X4.5 | 585855;184747
419;184746 - 114.140 | MUNHAO UNIVERSAL CM 3.3X6X5.5 | 585854;184746
420;184745 - 114.141 | MUNHAO UNIVERSAL CM 3.3X6X6.5 | 585853;184745
421;184752 - 114.131 | MUNHAO UNIVERSAL CM 4.5X4X0.8 | 585860;184752
422;184572 - 114.080 | MUNHAO UNIVERSAL CM 4.5X4X1.5 | 585572;184572
423;184573 - 114.081 | MUNHAO UNIVERSAL CM 4.5X4X2.5 | 585573;184573
424;184291 - 114.082 | MUNHAO UNIVERSAL CM 4.5X4X3.5 | 585068;184291
425;184744 - 114.142 | MUNHAO UNIVERSAL CM 4.5X4X4.5 | 585852;184744
426;184743 - 114.143 | MUNHAO UNIVERSAL CM 4.5X4X5.5 | 585851;184743
427;184742 - 114.144 | MUNHAO UNIVERSAL CM 4.5X4X6.5 | 585850;184742
428;184751 - 114.132 | MUNHAO UNIVERSAL CM 4.5X6X0.8 | 585859;184751
429;184574 - 114.083 | MUNHAO UNIVERSAL CM 4.5X6X1.5 | 585574;184574
430;184575 - 114.084 | MUNHAO UNIVERSAL CM 4.5X6X2.5 | 585575;184575
431;184576 - 114.085 | MUNHAO UNIVERSAL CM 4.5X6X3.5 | 585576;184576
432;184741 - 114.145 | MUNHAO UNIVERSAL CM 4.5X6X4.5 | 585849;184741
433;184740 - 114.146 | MUNHAO UNIVERSAL CM 4.5X6X5.5 | 585848;184740
434;184739 - 114.147 | MUNHAO UNIVERSAL CM 4.5X6X6.5 | 585847;184739
435;184660 - 114.408 | MUNHAO UNIVERSAL CM EXACT 3.3X4X0.8 | 585667;184660
436;184700 - 114.360 | MUNHAO UNIVERSAL CM EXACT 3.3X4X1.5 | 585791;184700
437;184698 - 114.361 | MUNHAO UNIVERSAL CM EXACT 3.3X4X2.5 | 585707;184698
438;184697 - 114.362 | MUNHAO UNIVERSAL CM EXACT 3.3X4X3.5 | 585706;184697
439;184696 - 114.363 | MUNHAO UNIVERSAL CM EXACT 3.3X4X4.5 | 585705;184696
440;184658 - 114.409 | MUNHAO UNIVERSAL CM EXACT 3.3X6X0.8 | 585665;184658
441;184694 - 114.366 | MUNHAO UNIVERSAL CM EXACT 3.3X6X1.5 | 585703;184694
442;184693 - 114.367 | MUNHAO UNIVERSAL CM EXACT 3.3X6X2.5 | 585702;184693
443;184691 - 114.369 | MUNHAO UNIVERSAL CM EXACT 3.3X6X4.5 | 585700;184691
444;184690 - 114.370 | MUNHAO UNIVERSAL CM EXACT 3.3X6X5.5 | 585699;184690
445;184657 - 114.410 | MUNHAO UNIVERSAL CM EXACT 4.5X4X0.8 | 585664;184657
446;184703 - 114.357 | MUNHAO UNIVERSAL CM EXACT 4.5X4X1.5 | 585811;184703
447;184702 - 114.358 | MUNHAO UNIVERSAL CM EXACT 4.5X4X2.5 | 585793;184702
448;184701 - 114.359 | MUNHAO UNIVERSAL CM EXACT 4.5X4X3.5 | 585792;184701
449;184689 - 114.372 | MUNHAO UNIVERSAL CM EXACT 4.5X4X4.5 | 585698;184689
450;184688 - 114.373 | MUNHAO UNIVERSAL CM EXACT 4.5X4X5.5 | 585697;184688
451;184656 - 114.411 | MUNHAO UNIVERSAL CM EXACT 4.5X6X0.8 | 585663;184656
452;184706 - 114.340 | MUNHAO UNIVERSAL CM EXACT 4.5X6X1.5 | 585814;184706
453;184705 - 114.341 | MUNHAO UNIVERSAL CM EXACT 4.5X6X2.5 | 585813;184705
454;184704 - 114.342 | MUNHAO UNIVERSAL CM EXACT 4.5X6X3.5 | 585812;184704
455;184686 - 114.376 | MUNHAO UNIVERSAL CM EXACT 4.5X6X5.5 | 585695;184686
456;184760 - 114.123 | MUNHAO UNIVERSAL II PLUS 4.5X4X1 | 585868;184760
457;184759 - 114.124 | MUNHAO UNIVERSAL II PLUS 4.5X4X2 | 585867;184759
458;184758 - 114.125 | MUNHAO UNIVERSAL II PLUS 4.5X4X3 | 585866;184758
459;184757 - 114.126 | MUNHAO UNIVERSAL II PLUS 4.5X6X1 | 585865;184757
460;184756 - 114.127 | MUNHAO UNIVERSAL II PLUS 4.5X6X2 | 585864;184756
461;184755 - 114.128 | MUNHAO UNIVERSAL II PLUS 4.5X6X3 | 585863;184755
462;183447 - 114.428 | MUNHAO UNIVERSAL SF 4.5X4X1 | 555003;183447
463;183450 - 114.429 | MUNHAO UNIVERSAL SF 4.5X4X2 | 555006;183450
464;183451 - 114.430 | MUNHAO UNIVERSAL SF 4.5X4X3 | 555007;183451
465;183751 - 114.431 | MUNHAO UNIVERSAL SF 4.5X6X1 | 555307;183751
466;183601 - 114.432 | MUNHAO UNIVERSAL SF 4.5X6X2 | 555157;183601
467;183456 - 114.433 | MUNHAO UNIVERSAL SF 4.5X6X3 | 555012;183456
468;184713 - 114.230 | MUNHAO WS 4.5X6X0.8 SELECAO PROTETICA | 585821;184713
469;184712 - 114.231 | MUNHAO WS 4.5X6X1.5 SELECAO PROTETICA | 585820;184712
470;184711 - 114.232 | MUNHAO WS 4.5X6X2.5 SELECAO PROTETICA | 585819;184711
471;184710 - 114.233 | MUNHAO WS 4.5X6X3.5 SELECAO PROTETICA | 585818;184710
472;182803 - 118.381 | CIL TIT MICRO PILAR CÔNICO ASS. PAS NEO | 554318;182803
473;182804 - 118.378 | CIL TIT MICRO PILAR CÔNICO ASS. PASSIVO | 554319;182804
474;182805 - 118.382 | CIL TIT MINI PILAR CÔNI 4.1 ASS. PAS NEO | 554320;182805
475;182806 - 118.379 | CIL TIT MINI PILAR CÔNICO 4.1 ASS. PASSI | 554321;182806
476;182807 - 118.380 | CIL TIT MINI PILAR CÔNICO 5.0 ASS. PASSI | 554322;182807
477;182808 - 118.322 | CILIN.CALC.BASE TITANIO 3.5X4 | 554323;182808
478;182817 - 118.323 | CILIN.CALC.BASE TITANIO 3.5X6 | 554332;182817
479;182818 - 118.324 | CILIN.CALC.BASE TITANIO 4.0X4 | 554333;182818
480;182819 - 118.325 | CILIN.CALC.BASE TITANIO 4.5X4 (PF.NEO) | 554334;182819
481;182820 - 118.326 | CILIN.CALC.BASE TITANIO 4.5X4 PARAF.1.2 | 554335;182820
482;182821 - 118.327 | CILIN.CALC.BASE TITANIO 4.5X6 | 554336;182821
483;182822 - 118.328 | CILIN.CALC.BASE TITANIO 5.3X4 | 554337;182822
484;182823 - 118.329 | CILIN.CALC.BASE TITANIO 5.5X4 | 554338;182823
485;182824 - 118.342 | CILIN.CALC.BASE TITANIO 5.5X6 | 554339;182824
486;182825 - 118.341 | CILIN.CALC.MIC.PILAR CON.4.1 ASS.PAS.NEO | 554340;182825
487;182826 - 118.315 | CILIN.CALC.MICRO PILAR ANTIR.NEO | 554341;182826
488;182827 - 118.250 | CILIN.CALC.MICRO PILAR CON.ASS.PAS. | 554342;182827
489;182828 - 118.340 | CILIN.CALC.MIN.PILAR CON.4.1 ASS.PAS.NEO | 554343;182828
490;182829 - 118.112 | CILIN.CALC.MINI PILAR CON.4.1 | 554344;182829
491;182830 - 118.083 | CILIN.CALC.MINI PILAR CON.4.1 ASSE.PASS | 554345;182830
492;182831 - 118.301 | CILIN.CALC.MINI PILAR CON.4.1 NEO | 554346;182831
493;182832 - 118.114 | CILIN.CALC.MINI PILAR CON.5.0 | 554347;182832
494;182833 - 118.089 | CILIN.CALC.MINI PILAR CON.5.0 ASS.PAS. | 554348;182833
495;182834 - 118.181 | CILIN.CALC.MUN.UNIV.3.3X4 | 554349;182834
496;182835 - 118.182 | CILIN.CALC.MUN.UNIV.3.3X6 | 554350;182835
497;182836 - 118.183 | CILIN.CALC.MUN.UNIV.4.5X4 | 554351;182836
498;182837 - 118.184 | CILIN.CALC.MUN.UNIV.4.5X6 | 554352;182837
499;182838 - 118.298 | CILIN.CALC.PILAR 4.8 ANTIR.NEO | 554353;182838
500;182839 - 118.106 | CILIN.CALC.PILAR CON.4.1 (ANTIR.) | 554354;182839
501;182840 - 118.104 | CILIN.CALC.PILAR CON.4.1 (ROTAC.) | 554355;182840
502;182842 - 118.110 | CILIN.CALC.PILAR CON.5.0 (ANTIR.) | 554357;182842
503;182843 - 118.034 | CILIN.CALC.PILAR TRANSEPITELIAL | 554358;182843
504;182844 - 118.086 | CILIN.CALC.PILAR TRANSEPITELIAL ASS.PAS. | 554359;182844
505;182854 - 118.174 | CILIN.GT CALC.ASS.PASS. | 554369;182854
506;182857 - 118.172 | CILIN.GT TITANIO ASS.PASS. | 554372;182857
507;182858 - 118.081 | CILIN.LATAO M.P.CON.4.1 C.B.ASS.PAS. | 554373;182858
508;182859 - 118.248 | CILIN.LATAO MICRO PILAR CON.ASS.PASS. | 554374;182859
509;182860 - 118.333 | CILIN.LATAO MICRO.P.CON.ASS.PASS.NEO | 554375;182860
510;182861 - 118.087 | CILIN.LATAO MINI PILAR CON.5.0 ASS.PAS. | 554376;182861
511;182862 - 118.331 | CILIN.LATAO MINI.P.CON.4.1 ASS.PAS.NEO | 554377;182862
512;182863 - 118.084 | CILIN.LATAO PILAR TRANSEP.ASS.PAS. | 554378;182863
513;184435 - 118.308 | CILIN.MINI PILAR CON.4.1 EXT.DISTAL NEO | 585406;184435
514;184450 - 118.169 | CILIN.MINI PILAR CON.4.1 EXTENSAO DISTAL | 585422;184450
515;184449 - 118.170 | CILIN.MINI PILAR CON.5.0 EXTENSAO DISTAL | 585421;184449
516;182899 - 118.317 | CILIN.TITANIO MICRO PILAR ANTIR.NEO | 554414;182899
517;182902 - 118.332 | CILIN.TITANIO MICRO.P.CON.ASS.PASS.NEO | 554417;182902
518;184451 - 118.113 | CILIN.TITANIO MINI PILAR CON.4.1 | 585423;184451
519;182903 - 118.302 | CILIN.TITANIO MINI PILAR CON.4.1 NEO | 554418;182903
520;182906 - 118.115 | CILIN.TITANIO MINI PILAR CON.5.0 | 554421;182906
521;182907 - 118.330 | CILIN.TITANIO MINI.P.CON.4.1 ASS.PAS.NEO | 554422;182907
522;184436 - 118.300 | CILIN.TITANIO PILAR 4.8 ANTIR.NEO | 585407;184436
523;184452 - 118.107 | CILIN.TITANIO PILAR CON.4.1 (ANTIR.) | 585451;184452
524;182911 - 118.105 | CILIN.TITANIO PILAR CON.4.1 (ROTAC.) | 554426;182911
525;182912 - 118.111 | CILIN.TITANIO PILAR CON.5.0 (ANTIR.) | 554427;182912
526;182940 - 118.247 | CILINDRO CALCINAVEL DO MICRO PILAR | 554455;182940
527;182942 - 118.295 | CILINDRO CALCINAVEL DO MICRO PILAR NEO | 554457;182942
528;189981 - 877.110 | CILINDRO CALCINÁVEL DO MUNHÃO 3.3 ALT 4 PLUS | 405729;189981
529;189982 - 877.111 | CILINDRO CALCINÁVEL DO MUNHÃO 3.3 ALT 6 PLUS | 405730;189982
530;190177 - 882.020 | CILINDRO CALCINÁVEL DO MUNHÃO 4.00 MM ALURRRE | 405925;190177
531;189983 - 877.112 | CILINDRO CALCINÁVEL DO MUNHÃO 4.5 ALT 4 PLUS | 405731;189983
532;189984 - 877.113 | CILINDRO CALCINÁVEL DO MUNHÃO 4.5 ALT 6 PLUS | 405732;189984
533;190178 - 882.021 | CILINDRO CALCINÁVEL DO MUNHÃO 6.0 MM ALURRRE | 405926;190178
534;182650 - 106.054 | CILINDRO DE PROTEÇÃO DO MINI PILAR CÔNICO 4.1 | 435587;182650
535;182651 - 106.055 | CILINDRO DE PROTEÇÃO DO MINI PILAR CÔNICO 5.0 | 435588;182651
536;182953 - 106.268 | CILINDRO DE PROTECAO MINI PILAR CONI NEO | 554468;182953
537;190222 - 812.002 | CILINDRO DE PROTECAO MINI PILAR CONICO THIN | 434492;190222
538;189028 - 812.700 | CILINDRO DE PROTEÇÃO DO MUNHÃO ALT 5:3.5 MM ATTRACT | 404776;189028
539;189029 - 812.701 | CILINDRO DE PROTEÇÃO DO MUNHÃO ALT 5:4.3/5.0 MM ATTRACT | 404777;189029
540;189030 - 812.702 | CILINDRO DE PROTEÇÃO DO MUNHÃO ALT 7:3.5 MM ATTRACT | 404778;189030
541;189031 - 812.703 | CILINDRO DE PROTEÇÃO DO MUNHÃO ALT 7:4.3/5.0 MM ATTRACT | 404779;189031
542;189769 - 855.810 | CILINDRO DE PROTEÇÃO DO MUNHÃO CONEFIX | 405517;189769
543;189032 - 812.704 | CILINDRO DE PROTEÇÃO DO MUNHÃO DIRECTHIN ALT 4.5 MM | 404780;189032
544;189033 - 812.705 | CILINDRO DE PROTEÇÃO DO MUNHÃO DIRECTHIN ALT 6.0 MM | 404781;189033
545;189026 - 812.001 | CILINDRO DE PROTEÇÃO MPC HE/HI/ICM | 404774;189026
546;189027 - 812.001 | CILINDRO DE PROTEÇÃO MPC HE/HI/ICM | 404775;189027
547;189034 - 813.001 | CILINDRO DE PROTEÇÃO PC HE/HI/ICM | 404782;189034
548;189035 - 813.001 | CILINDRO DE PROTEÇÃO PC HE/HI/ICM | 404783;189035
549;187165 - 141 CTE | CILINDRO DE TITÂNIO EQUATOR | 586148;187165
550;182965 - 118.391 | CILINDRO MINI PILAR CON PRÓT REMOVÍVEL | 554480;182965
551;182973 - 106.278 | CILINDRO PROTEÇÃO MINI PILAR CONIC LARGO | 554488;182973
552;182974 - 106.220 | CCILINDRO PROTECAO MINI PILAR CONICO NEO | 554489;182974
553;182845 - 118.296 | CILIN.COBALTO-CROMO MICRO PILAR NEO | 554360;182845
554;182846 - 118.299 | CILIN.COBALTO-CROMO PILAR 4.8 ANTIR.NEO | 554361;182846
555;182848 - 118.316 | CILIN.COCR MICRO PILAR ANTIR.NEO | 554363;182848
556;182849 - 118.303 | CILIN.COCR MINI PILAR CON.4.1 NEO | 554364;182849
557;182850 - 118.210 | CILIN.COCR MINI PILAR CON.4.1 SOLDA | 554365;182850
558;182851 - 118.232 | CILIN.COCR PILAR CON.4.1 (ROTAC.) | 554366;182851
559;182852 - 118.233 | CILIN.COCR PILAR CON.4.1 ANTIR. | 554367;182852
560;182853 - 118.253 | CILIN.COCR PILAR CON.5.0 ANTIR. | 554368;182853
561;182855 - 118.242 | CILIN.GT COBALTO-CROMO ANTIR. | 554370;182855
562;182655 - 118.209 | CILINDRO EM COBALTO-CROMO DO MINI PILAR 4.1 | 435592;182655
563;182656 - 118.240 | CILINDRO EM COBALTO-CROMO DO MINI PILAR CONICO 5.0 | 435593;182656
564;182847 - 118.254 | CILIN.COBALTO-CROMO PILAR TRANSEPITELIAL | 554362;182847
565;182914 - 118.085 | CILIN.TITANIO PILAR TRANSEP.ASS.PAS. | 554429;182914
566;182864 - 118.334 | CILIN.PROVISORIO MUN.ANAT.CLICK | 554379;182864
567;182865 - 118.335 | CILIN.PROVISORIO MUN.ANAT.LATERAL CLICK | 554380;182865
568;184443 - 118.192 | CILIN.PROVISORIO MUN.UNIV.3.3X4 | 585415;184443
569;182892 - 118.193 | CILIN.PROVISORIO MUN.UNIV.3.3X6 | 554407;182892
570;182893 - 118.194 | CILIN.PROVISORIO MUN.UNIV.4.5X4 | 554408;182893
571;182894 - 118.195 | CILIN.PROVISORIO MUN.UNIV.4.5X6 | 554409;182894
572;182895 - 118.304 | CILIN.PROVISORIO MUN.UNIV.CLICK 3.3X4 | 554410;182895
573;182896 - 118.305 | CILIN.PROVISORIO MUN.UNIV.CLICK 3.3X6 | 554411;182896
574;182897 - 118.306 | CILIN.PROVISORIO MUN.UNIV.CLICK 4.5X4 | 554412;182897
575;182898 - 118.307 | CILIN.PROVISORIO MUN.UNIV.CLICK 4.5X6 | 554413;182898
576;182564 - 34577 | Coifa Cimentada Pilar Stretto 3.0x3.5 - Seleçao | 611808;182564
577;182565 - 34578 | Coifa Cimentada Pilar Stretto 3.0x4.8 - Seleçao | 611809;182565
578;181452 - 21470 | COIFA CONE ESTETICO | 401814;181452
579;181968 - 25265 | COIFA CONE ESTETICO AR CC 4.8 | 402330;181968
580;182129 - 27427 | COIFA CONE ESTETICO CC 4.8 | 402491;182129
581;181978 - 25476 | COIFA MICRO CONICO CC 3.5 | 402340;181978
582;182130 - 27434 | COIFA MINI CONICO CC 4.8 | 402492;182130
583;182566 - 34575 | Coifa Parafusada Pilar Stretto 3.0x3.5 - Seleção | 611810;182566
584;182567 - 34576 | Coifa Parafusada Pilar Stretto 3.0x4.8 - Seleção | 611811;182567
585;182288 - 4619 | COIFA PLASTICA CONICO ESTETICO C/HEX | 402650;182288
586;175066 - 24026499 | TRANSFER CLOSED PB/S 3,8 | 400216;175066
587;181976 - 25472 | COIFA PLASTICA MICRO CONICO | 402338;181976
588;181217 - 17749 | COIFA PLASTICA MINI CONICO L11 | 401579;181217
589;181204 - 17466 | COIFA PLASTICA MUNHAO CONE MORSE AR C 3.5X4 | 401566;181204
590;181207 - 17503 | COIFA PLASTICA MUNHAO CONE MORSE AR C 3.5X6 | 401569;181207
591;181205 - 17473 | COIFA PLASTICA MUNHAO CONE MORSE AR C 4.5X4 | 401567;181205
592;181206 - 17480 | COIFA PLASTICA MUNHAO CONE MORSE AR C 4.5X6 | 401568;181206
593;181475 - 217415 | COIFA PLASTICA MUNHAO CONE MORSE AR P 3.5X4 | 401837;181475
594;181476 - 217422 | COIFA PLASTICA MUNHAO CONE MORSE AR P 3.5X6 | 401838;181476
595;181661 - 224284 | COIFA PLASTICA MUNHAO CONE MORSE AR P 4.5X4 | 402023;181661
596;181662 - 224314 | COIFA PLASTICA MUNHAO CONE MORSE AR P 4.5X6 | 402024;181662
597;182043 - 25849 | COIFA PLASTICA PILAR IDEALE CONE MORSE 3.3X4 C/AR | 402405;182043
598;182045 - 25852 | COIFA PLASTICA PILAR IDEALE CONE MORSE 3.3X6 C/AR | 402407;182045
599;182046 - 25855 | COIFA PLASTICA PILAR IDEALE CONE MORSE 4.5X4 C/AR | 402408;182046
600;182047 - 25858 | COIFA PLASTICA PILAR IDEALE CONE MORSE 4.5X6 C/AR | 402409;182047
601;182568 - 34347 | Coifa Plastica Pilar Stretto 3.0x3.5 | 611812;182568
602;182569 - 34348 | Coifa Plastica Pilar Stretto 3.0x4.8 | 611813;182569
603;181473 - 217392 | COIFA PLASTICA ROTAC MUNHAO CM P 3.5X4 | 401835;181473
604;181474 - 217408 | COIFA PLASTICA ROTAC MUNHAO CM P 3.5X6 | 401836;181474
605;181663 - 224345 | COIFA PLASTICA ROTAC MUNHAO CM P 4.5X4 | 402025;181663
606;181664 - 224369 | COIFA PLASTICA ROTAC MUNHAO CM P 4.5X6 | 402026;181664
607;182115 - 26994 | COIFA PLASTICA ROTACIONAL MUNHAO CM C 3.5X4 | 402477;182115
608;182116 - 27007 | COIFA PLASTICA ROTACIONAL MUNHAO CM C 3.5X6 | 402478;182116
609;182114 - 26987 | COIFA PLASTICA ROTACIONAL MUNHAO CM C 4.5X4 | 402476;182114
610;182117 - 27014 | COIFA PLASTICA ROTACIONAL MUNHAO CM C 4.5X6 | 402479;182117
611;182100 - 26802 | COIFA TITANIO CONE ESTETICO AR | 402462;182100
612;181977 - 25474 | COIFA TITANIO MICRO CONICO | 402339;181977
613;181227 - 18302 | COIFA TITANIO MINI CONICO | 401589;181227
614;182048 - 25861 | COIFA TITANIO PILAR IDEALE CONE MORSE AR 3.3X4 | 402410;182048
615;182049 - 25864 | COIFA TITANIO PILAR IDEALE CONE MORSE AR 3.3X6 | 402411;182049
616;182050 - 25866 | COIFA TITANIO PILAR IDEALE CONE MORSE AR 4.5X4 | 402412;182050
617;182051 - 25868 | COIFA TITANIO PILAR IDEALE CONE MORSE AR 4.5X6 | 402413;182051
618;182571 - 34536 | Coifa Titanio Pilar Stretto 3.0x4.8 | 611815;182571
619;182570 - 34535 | Coifa Titânio Pilar Stretto 3.0x3.5 | 611814;182570
620;177065 - 02.09.07.272 | COPING COCR MINI PILAR CÔNICO  | 400886;177065
621;177064 - 02.09.06.272 | COPING PLÁSTICO MINI PILAR CÔNICO  | 400885;177064
622;177063 - 02.09.05.272 | COPING PROVISÓRIO MINI PILAR CÔNICO  | 400884;177063
623;181125 - EFF6805.50A.1S | LINK TIBASE SMALL CM C/ AR CINTA 0.60MM IMP. Ø3.00 Ø3.50 PLAT. Ø3.50 MINI TS | 615918;181125
624;181126 - EFF6805.50A.2S | LINK TIBASE SMALL CM C/ AR CINTA 2.00MM IMP. Ø3.00 Ø3.50 PLAT. Ø3.50 MINI TS | 615919;181126
625;181127 - EFF6805.50A.3S | LINK TIBASE SMALL CM C/ AR CINTA 3.00MM IMP. Ø3.00 Ø3.50 PLAT. Ø3.50 MINI TS | 615920;181127
626;182664 - 115.212 | MICRO PILAR CM ALT. 0.8 | 502344;182664
627;182665 - 115.256 | MICRO PILAR CM ALT. 1.5 | 502345;182665
628;184505 - 115.200 | MICRO PILAR CM ALT. 1.5 | 585505;184505
629;184504 - 115.201 | MICRO PILAR CM ALT. 2.5 | 585504;184504
630;184503 - 115.202 | MICRO PILAR CM ALT. 3.5 | 585503;184503
631;184489 - 115.213 | MICRO PILAR CM ALT. 4.5 | 585488;184489
632;184488 - 115.215 | MICRO PILAR FACILITY ALT. 1.5 | 585487;184488
633;184487 - 115.216 | MICRO PILAR FACILITY ALT. 2.5 | 585486;184487
634;184486 - 115.217 | MICRO PILAR FACILITY ALT. 3.5 | 585485;184486
635;184485 - 115.224 | MICRO PILAR FACILITY ALT. 4.5 | 585484;184485
636;184484 - 115.255 | MICRO PILAR GM ALT. 0.8 | 585483;184484
637;183881 - 115.257 | MICRO PILAR GM ALT. 2.5 | 555437;183881
638;184027 - 115.258 | MICRO PILAR GM ALT. 3.5 | 555583;184027
639;183882 - 115.259 | MICRO PILAR GM ALT. 4.5 | 555438;183882
640;183914 - 115.260 | MICRO PILAR GM ALT. 5.5 | 555470;183914
641;183884 - 115.287 | MICRO PILAR NGM 0.8 | 555440;183884
642;183973 - 115.288 | MICRO PILAR NGM 1.5 | 555529;183973
643;183885 - 115.289 | MICRO PILAR NGM 2.5 | 555441;183885
644;184001 - 115.290 | MICRO PILAR NGM 3.5 | 555557;184001
645;177938 - EFF1105.29.4D.CJ | Micro Pilar cinta 3.5MM EGM | 501608;177938
646;178462 - EFF1105.05.4A.CJ | MICRO PILAR RETO CM CINTA 0.80MM IMP. Ø3.50 - Ø5.00 PLAT. Ø3.50 - Ø5.00 | 589299;178462
647;178538 - EFF1105.29.4A.CJ | MICRO PILAR RETO CM CINTA 0.80MM IMP. Ø3.50 Ø5.00 PLAT. Ø3.00 EGM | 589375;178538
648;178463 - EFF1105.05.4B.CJ | MICRO PILAR RETO CM CINTA 1.50MM IMP. Ø3.50 - Ø5.00 PLAT. Ø3.50 - Ø5.00 | 589300;178463
649;178539 - EFF1105.29.4B.CJ | MICRO PILAR RETO CM CINTA 1.50MM IMP. Ø3.50 Ø5.00 PLAT. Ø3.00 EGM | 589376;178539
650;178464 - EFF1105.05.4C.CJ | MICRO PILAR RETO CM CINTA 2.50MM IMP. Ø3.50 - Ø5.00 PLAT. Ø3.50 - Ø5.00 | 589301;178464
651;178540 - EFF1105.29.4C.CJ | MICRO PILAR RETO CM CINTA 2.50MM IMP. Ø3.50 Ø5.00 PLAT. Ø3.00 EGM | 589377;178540
652;178465 - EFF1105.05.4D.CJ | MICRO PILAR RETO CM CINTA 3.50MM IMP. Ø3.50 - Ø5.00 PLAT. Ø3.50 - Ø5.00 | 589302;178465
653;178466 - EFF1105.05.4E.CJ | MICRO PILAR RETO CM CINTA 4.50MM IMP. Ø3.50 - Ø5.00 PLAT. Ø3.50 - Ø5.00 | 589303;178466
654;178541 - EFF1105.29.4E.CJ | MICRO PILAR RETO CM CINTA 4.50MM IMP. Ø3.50 Ø5.00 PLAT. Ø3.00 EGM | 589378;178541
655;178467 - EFF1105.05.4F.CJ | MICRO PILAR RETO CM CINTA 5.50MM IMP. Ø3.50 - Ø5.00 PLAT. Ø3.50 - Ø5.00 | 589304;178467
656;178542 - EFF1105.29.4F.CJ | MICRO PILAR RETO CM CINTA 5.50MM IMP. Ø3.50 Ø5.00 PLAT. Ø3.00 EGM | 589379;178542
657;178468 - EFF1105.05.4G.CJ | MICRO PILAR RETO CM CINTA 6.50MM IMP. Ø3.50 - Ø5.00 PLAT. Ø3.50 - Ø5.00 | 589305;178468
658;178469 - EFF1105.05.4H.CJ | MICRO PILAR RETO CM CINTA 7.50MM IMP. Ø3.50 - Ø5.00 PLAT. Ø3.50 - Ø5.00 | 589306;178469
659;178470 - EFF1105.05.4I.CJ | MICRO PILAR RETO CM CINTA 8.50MM IMP. Ø3.50 - Ø5.00 PLAT. Ø3.50 - Ø5.00 | 589307;178470
660;178197 - EFF1101.04.1A.CJ | MINI PILAR ANG. 17° CE CINTA 2.00MM IMP. Ø3.25 - Ø4.10 PLAT. Ø4.10 RP | 589034;178197
661;178181 - EFF1101.02.1A.CJ | MINI PILAR ANG. 17° CE CINTA 2.00MM IMP. Ø3.25 Ø4.50 PLAT. Ø3.40 | 589018;178181
662;178189 - EFF1101.03.1A.CJ | MINI PILAR ANG. 17° CE CINTA 2.00MM IMP. Ø3.30 Ø3.50 PLAT. Ø3.30 | 589026;178189
663;178207 - EFF1101.05.1A.CJ | MINI PILAR ANG. 17° CE CINTA 2.00MM IMP. Ø4.30 PLAT. Ø4.30 | 589044;178207
664;178226 - EFF1101.08.1A.CJ | MINI PILAR ANG. 17° CE CINTA 2.00MM IMP. Ø4.50 Ø5.00 PLAT. Ø5.00 | 589063;178226
665;178219 - EFF1101.07.1A.CJ | MINI PILAR ANG. 17° CE CINTA 2.00MM IMP. Ø4.75 Ø5.00 PLAT. Ø5.00 | 589056;178219
666;178198 - EFF1101.04.1B.CJ | MINI PILAR ANG. 17° CE CINTA 3.00MM IMP. Ø3.25 - Ø4.10 PLAT. Ø4.10 RP | 589035;178198
667;178182 - EFF1101.02.1B.CJ | MINI PILAR ANG. 17° CE CINTA 3.00MM IMP. Ø3.25 Ø4.50 PLAT. Ø3.40 | 589019;178182
668;178190 - EFF1101.03.1B.CJ | MINI PILAR ANG. 17° CE CINTA 3.00MM IMP. Ø3.30 Ø3.50 PLAT. Ø3.30 | 589027;178190
669;178227 - EFF1101.08.1B.CJ | MINI PILAR ANG. 17° CE CINTA 3.00MM IMP. Ø4.50 Ø5.00 PLAT. Ø5.00 | 589064;178227
670;178220 - EFF1101.07.1B.CJ | MINI PILAR ANG. 17° CE CINTA 3.00MM IMP. Ø4.75 Ø5.00 PLAT. Ø5.00 | 589057;178220
671;178199 - EFF1101.04.1C.CJ | MINI PILAR ANG. 17° CE CINTA 4.00MM IMP. Ø3.25 - Ø4.10 PLAT. Ø4.10 RP | 589036;178199
672;178183 - EFF1101.02.1C.CJ | MINI PILAR ANG. 17° CE CINTA 4.00MM IMP. Ø3.25 Ø4.50 PLAT. Ø3.40 | 589020;178183
673;178191 - EFF1101.03.1C.CJ | MINI PILAR ANG. 17° CE CINTA 4.00MM IMP. Ø3.30 Ø3.50 PLAT. Ø3.30 | 589028;178191
674;178228 - EFF1101.08.1C.CJ | MINI PILAR ANG. 17° CE CINTA 4.00MM IMP. Ø4.50 Ø5.00 PLAT. Ø5.00 | 589065;178228
675;178221 - EFF1101.07.1C.CJ | MINI PILAR ANG. 17° CE CINTA 4.00MM IMP. Ø4.75 Ø5.00 PLAT. Ø5.00 | 589058;178221
676;178262 - EFF1103.01.1A.CJ | MINI PILAR ANG. 17° CI CINTA 2.00MM IMP. Ø3.30 Ø3.50 PLAT. Ø3.50 | 589099;178262
677;178367 - EFF1104.09.1A.CJ | MINI PILAR ANG. 17° CI CINTA 2.00MM IMP. Ø3.75 - Ø5.00 PLAT. Ø4.30 Ø5.00 | 589204;178367
678;178271 - EFF1103.02.1A.CJ | MINI PILAR ANG. 17° CI CINTA 2.00MM IMP. Ø3.75 Ø4.30 PLAT. Ø4.00 | 589108;178271
679;178278 - EFF1103.03.1A.CJ | MINI PILAR ANG. 17° CI CINTA 2.00MM IMP. Ø4.75 Ø5.00 PLAT. Ø5.00 | 589115;178278
680;178263 - EFF1103.01.1B.CJ | MINI PILAR ANG. 17° CI CINTA 3.00MM IMP. Ø3.30 Ø3.50 PLAT. Ø3.50 | 589100;178263
681;178264 - EFF1103.01.1C.CJ | MINI PILAR ANG. 17° CI CINTA 4.00MM IMP. Ø3.30 Ø3.50 PLAT. Ø3.50 | 589101;178264
682;178369 - EFF1104.09.1C.CJ | MINI PILAR ANG. 17° CI CINTA 4.00MM IMP. Ø3.75 - Ø5.00 PLAT. Ø4.30 Ø5.00 | 589206;178369
683;178273 - EFF1103.02.1C.CJ | MINI PILAR ANG. 17° CI CINTA 4.00MM IMP. Ø3.75 Ø4.30 PLAT. Ø4.00 | 589110;178273
684;178446 - EFF1105.05.1A.2.CJ | MINI PILAR ANG. 17° CM C/ AR CINTA 1.50MM IMP. Ø3.50 - Ø5.00 PLAT. Ø3.50 - Ø5.00 | 589283;178446
685;178449 - EFF1105.05.1B.2.CJ | MINI PILAR ANG. 17° CM C/ AR CINTA 2.50MM IMP. Ø3.50 - Ø5.00 PLAT. Ø3.50 - Ø5.00 | 589286;178449
686;178452 - EFF1105.05.1C.2.CJ | MINI PILAR ANG. 17° CM C/ AR CINTA 3.50MM IMP. Ø3.50 - Ø5.00 PLAT. Ø3.50 - Ø5.00 | 589289;178452
687;178531 - EFF1105.29.1A.CJ | MINI PILAR ANG. 17° CM CINTA 1.50MM IMP. Ø3.50 Ø5.00 PLAT. Ø3.00 EGM | 589368;178531
688;178493 - EFF1105.10.1A.CJ | MINI PILAR ANG. 17° CM CINTA 2.00MM IMP. Ø3.50 - Ø5.50 PLAT. Ø3.50 - Ø5.50 SW | 589330;178493
689;178532 - EFF1105.29.1B.CJ | MINI PILAR ANG. 17° CM CINTA 2.50MM IMP. Ø3.50 Ø5.00 PLAT. Ø3.00 EGM | 589369;178532
690;178533 - EFF1105.29.1C.CJ | MINI PILAR ANG. 17° CM CINTA 3.50MM IMP. Ø3.50 Ø5.00 PLAT. Ø3.00 EGM | 589370;178533
691;178445 - EFF1105.05.1A.1.CJ | MINI PILAR ANG. 17° CM S/ AR CINTA 1.50MM IMP. Ø3.50 - Ø5.00 PLAT. Ø3.50 - Ø5.00 | 589282;178445
692;178448 - EFF1105.05.1B.1.CJ | MINI PILAR ANG. 17° CM S/ AR CINTA 2.50MM IMP. Ø3.50 - Ø5.00 PLAT. Ø3.50 - Ø5.00 | 589285;178448
693;178451 - EFF1105.05.1C.1.CJ | MINI PILAR ANG. 17° CM S/ AR CINTA 3.50MM IMP. Ø3.50 - Ø5.00 PLAT. Ø3.50 - Ø5.00 | 589288;178451
694;178368 - EFF1104.09.1B.CJ | MINI PILAR ANG. 17º CINTA 3.00MM Ø3.75 Ø4.30 HI | 589205;178368
695;178272 - EFF1103.02.1B.CJ | MINI PILAR ANG. 17º H3.00MM Ø4.00 | 589109;178272
696;178200 - EFF1101.04.2A.CJ | MINI PILAR ANG. 30° CE CINTA 3.00MM IMP. Ø3.25 - Ø4.10 PLAT. Ø4.10 RP | 589037;178200
697;178184 - EFF1101.02.2A.CJ | MINI PILAR ANG. 30° CE CINTA 3.00MM IMP. Ø3.25 Ø4.50 PLAT. Ø3.40 | 589021;178184
698;178192 - EFF1101.03.2A.CJ | MINI PILAR ANG. 30° CE CINTA 3.00MM IMP. Ø3.30 Ø3.50 PLAT. Ø3.30 | 589029;178192
699;178229 - EFF1101.08.2A.CJ | MINI PILAR ANG. 30° CE CINTA 3.00MM IMP. Ø4.50 Ø5.00 PLAT. Ø5.00 | 589066;178229
700;178201 - EFF1101.04.2B.CJ | MINI PILAR ANG. 30° CE CINTA 4.00MM IMP. Ø3.25 - Ø4.10 PLAT. Ø4.10 RP | 589038;178201
701;178202 - EFF1101.04.2C.CJ | MINI PILAR ANG. 30° CE CINTA 5.00MM IMP. Ø3.25 - Ø4.10 PLAT. Ø4.10 RP | 589039;178202
702;178265 - EFF1103.01.2A.CJ | MINI PILAR ANG. 30° CI CINTA 3.00MM IMP. Ø3.30 Ø3.50 PLAT. Ø3.50 | 589102;178265
703;178370 - EFF1104.09.2A.CJ | MINI PILAR ANG. 30° CI CINTA 3.00MM IMP. Ø3.75 - Ø5.00 PLAT. Ø4.30 Ø5.00 | 589207;178370
704;178266 - EFF1103.01.2B.CJ | MINI PILAR ANG. 30° CI CINTA 4.00MM IMP. Ø3.30 Ø3.50 PLAT. Ø3.50 | 589103;178266
705;178371 - EFF1104.09.2B.CJ | MINI PILAR ANG. 30° CI CINTA 4.00MM IMP. Ø3.75 - Ø5.00 PLAT. Ø4.30 Ø5.00 | 589208;178371
706;178457 - EFF1105.05.2A.2.CJ | MINI PILAR ANG. 30° CM C/ AR CINTA 1.50MM IMP. Ø3.50 - Ø5.00 PLAT. Ø3.50 - Ø5.00 | 589294;178457
707;178459 - EFF1105.05.2B.2.CJ | MINI PILAR ANG. 30° CM C/ AR CINTA 2.50MM IMP. Ø3.50 - Ø5.00 PLAT. Ø3.50 - Ø5.00 | 589296;178459
708;178461 - EFF1105.05.2C.2.CJ | MINI PILAR ANG. 30° CM C/ AR CINTA 3.50MM IMP. Ø3.50 - Ø5.00 PLAT. Ø3.50 - Ø5.00 | 589298;178461
709;178534 - EFF1105.29.2A.CJ | MINI PILAR ANG. 30° CM CINTA 1.50MM IMP. Ø3.50 Ø5.00 PLAT. Ø3.00 EGM | 589371;178534
710;178535 - EFF1105.29.2B.CJ | MINI PILAR ANG. 30° CM CINTA 2.50MM IMP. Ø3.50 Ø5.00 PLAT. Ø3.00 EGM | 589372;178535
711;178536 - EFF1105.29.2C.CJ | MINI PILAR ANG. 30° CM CINTA 3.50MM IMP. Ø3.50 Ø5.00 PLAT. Ø3.00 EGM | 589373;178536
712;178456 - EFF1105.05.2A.1.CJ | MINI PILAR ANG. 30° CM S/ AR CINTA 1.50MM IMP. Ø3.50 - Ø5.00 PLAT. Ø3.50 - Ø5.00 | 589293;178456
713;178458 - EFF1105.05.2B.1.CJ | MINI PILAR ANG. 30° CM S/ AR CINTA 2.50MM IMP. Ø3.50 - Ø5.00 PLAT. Ø3.50 - Ø5.00 | 589295;178458
714;178460 - EFF1105.05.2C.1.CJ | MINI PILAR ANG. 30° CM S/ AR CINTA 3.50MM IMP. Ø3.50 - Ø5.00 PLAT. Ø3.50 - Ø5.00 | 589297;178460
715;189941 - 877.020 | MINI PILAR ANGULADO 17° ALT 0.8 AVANTT | 405689;189941
716;189944 - 877.021 | MINI PILAR ANGULADO 17° ALT 1.5 AVANTT | 405692;189944
717;189935 - 877.010 | MINI PILAR AVANTT 0,8 | 405683;189935
718;189936 - 877.011 | MINI PILAR AVANTT 1,5 | 405684;189936
719;189937 - 877.012 | MINI PILAR AVANTT 2,5 MM | 405685;189937
720;189938 - 877.013 | MINI PILAR AVANTT 3.5 | 405686;189938
721;189939 - 877.014 | MINI PILAR AVANTT 4,5 | 405687;189939
722;183887 - 115.302 | MINI PILAR CON ANG GM EXACT 45G SLIM 1.5 | 555443;183887
723;184056 - 115.303 | MINI PILAR CON ANG GM EXACT 45G SLIM 2.5 | 555612;184056
724;183917 - 115.267 | MINI PILAR CON ANG GM EXACT 45G TI 1.5 | 555473;183917
725;183890 - 115.268 | MINI PILAR CON ANG GM EXACT 45G TI 2.5 | 555446;183890
726;184047 - 115.285 | MINI PILAR CON ANG GM EXACT 60 GRAUS 1.5 | 555603;184047
727;184482 - 115.286 | MINI PILAR CON ANG GM EXACT 60 GRAUS 2.5 | 585481;184482
728;183920 - 115.139 | MINI PILAR CON. ANG.17  3.3 ALT.4 | 555476;183920
729;184605 - 115.138 | MINI PILAR CON. ANG.17 3.3 ALT.3 | 585609;184605
730;183893 - 115.084 | MINI PILAR CON. ANG.17 4.1 ALT.2 | 555449;183893
731;183923 - 115.076 | MINI PILAR CON. ANG.17 4.3 ALT.2 | 555479;183923
732;184610 - 115.078 | MINI PILAR CON. ANG.17 4.3 ALT.4 | 585614;184610
733;183897 - 115.140 | MINI PILAR CON. ANG.30  4.1 ALT.3 | 555453;183897
734;183979 - 115.141 | MINI PILAR CON. ANG.30  4.1 ALT.4 | 555535;183979
735;184030 - 115.142 | MINI PILAR CON. ANG.30  4.1 ALT.5 | 555586;184030
736;184054 - 115.143 | MINI PILAR CON. ANG.30  5.0 ALT.3 | 555610;184054
737;183981 - 115.144 | MINI PILAR CON. ANG.30  5.0 ALT.4 | 555537;183981
738;184588 - 115.167 | MINI PILAR CON. ANG.CM 17 ALT.2.5 | 585592;184588
739;184587 - 115.168 | MINI PILAR CON. ANG.CM 17 ALT.3.5 | 585591;184587
740;184586 - 115.169 | MINI PILAR CON. ANG.CM 30 ALT.1.5 | 585590;184586
741;184585 - 115.170 | MINI PILAR CON. ANG.CM 30 ALT.2.5 | 585589;184585
742;184584 - 115.171 | MINI PILAR CON. ANG.CM 30 ALT.3.5 | 585588;184584
743;184499 - 115.206 | MINI PILAR CON.ANG.CM EXACT 17°ALT.1.5 | 585499;184499
744;184498 - 115.207 | MINI PILAR CON.ANG.CM EXACT 17°ALT.2.5 | 585498;184498
745;184497 - 115.208 | MINI PILAR CON.ANG.CM EXACT 17°ALT.3.5 | 585497;184497
746;184496 - 115.209 | MINI PILAR CON.ANG.CM EXACT 30°ALT.1.5 | 585496;184496
747;184495 - 115.210 | MINI PILAR CON.ANG.CM EXACT 30°ALT.2.5 | 585495;184495
748;184494 - 115.211 | MINI PILAR CON.ANG.CM EXACT 30°ALT.3.5 | 585494;184494
749;183873 - 115.249 | MINI PILAR CON.ANG.GM EXACT 17°ALT.1.5 | 555429;183873
750;183898 - 115.250 | MINI PILAR CON.ANG.GM EXACT 17°ALT.2.5 | 555454;183898
751;183925 - 115.251 | MINI PILAR CON.ANG.GM EXACT 17°ALT.3.5 | 555481;183925
752;183876 - 115.252 | MINI PILAR CON.ANG.GM EXACT 30°ALT.1.5 | 555432;183876
753;183901 - 115.253 | MINI PILAR CON.ANG.GM EXACT 30°ALT.2.5 | 555457;183901
754;184057 - 115.254 | MINI PILAR CON.ANG.GM EXACT 30°ALT.3.5 | 555692;184057
755;183905 - 115.134 | MINI PILAR CONICO 3.3 ALT.1 | 555461;183905
756;183879 - 115.135 | MINI PILAR CONICO 3.3 ALT.2 | 555435;183879
757;183869 - 115.136 | MINI PILAR CONICO 3.3 ALT.3 | 555425;183869
758;182636 - 115.056 | MINI PILAR CONICO 4.3 ALT 3ALT 3 | 427933;182636
759;182667 - 115.054 | MINI PILAR CONICO 4.3 ALT.1 | 554119;182667
760;182668 - 115.055 | MINI PILAR CONICO 4.3 ALT.2 | 554120;182668
761;184611 - 115.057 | MINI PILAR CONICO 4.3 ALT.4 | 585615;184611
762;182671 - 115.137 | MINI PILAR CONICO ANG.17  3.3 ALT.2 | 554123;182671
763;182672 - 115.095 | MINI PILAR CONICO ANG.17  5.0 ALT.3 | 554124;182672
764;182674 - 115.096 | MINI PILAR CONICO ANG.17  5.0 ALT.4 | 554126;182674
765;182678 - 115.074 | MINI PILAR CONICO ANG.17 4.1 ALT.3 | 554131;182678
766;182679 - 115.194 | MINI PILAR CONICO ANG.17 5.0 ALT.2 | 554132;182679
767;184608 - 115.094 | MINI PILAR CONICO ANG.17 5.0 ALT.2 | 585612;184608
768;182680 - 115.111 | MINI PILAR CONICO ANG.30  4.3 ALT.3 | 554133;182680
769;184607 - 115.112 | MINI PILAR CONICO ANG.30 4.3 ALT.4 | 585611;184607
770;184589 - 115.166 | MINI PILAR CONICO ANG.CM 17 ALT.1.5 | 585593;184589
771;182681 - 115.300 | MINI PILAR CONICO ANGUL GM EXACT 52G 1.5 | 554134;182681
772;182682 - 115.301 | MINI PILAR CONICO ANGUL GM EXACT 52G 2.5 | 554137;182682
773;190209 - 825.299 | MINI PILAR CONICO ANGULADO 17° 3.3HE ALT=2MM | 428247;190209
774;184597 - 115.154 | MINI PILAR CONICO CM ALT. 0.8 | 585601;184597
775;184600 - 115.151 | MINI PILAR CONICO CM ALT. 3.5 | 585604;184600
776;184598 - 115.153 | MINI PILAR CONICO CM ALT. 4.5 | 585602;184598
777;184595 - 115.160 | MINI PILAR CONICO CM ALT. 5.5 | 585599;184595
778;184594 - 115.161 | MINI PILAR CONICO CM ALT. 6.5 | 585598;184594
779;184602 - 115.149 | MINI PILAR CONICO CM ALT.1.5 | 585606;184602
780;184601 - 115.150 | MINI PILAR CONICO CM ALT.2.5 | 585605;184601
781;182683 - 115.275 | MINI PILAR CONICO GM 17 PARAFUSO REM 1.5 | 554138;182683
782;182684 - 115.276 | MINI PILAR CONICO GM 17 PARAFUSO REM 2.5 | 554139;182684
783;182685 - 115.277 | MINI PILAR CONICO GM 17 PARAFUSO REM 3.5 | 554140;182685
784;182686 - 115.278 | MINI PILAR CONICO GM 30 PARAFUSO REM 1.5 | 554141;182686
785;182687 - 115.279 | MINI PILAR CONICO GM 30 PARAFUSO REM 2.5 | 554142;182687
786;182688 - 115.280 | MINI PILAR CONICO GM 30 PARAFUSO REM 3.5 | 554143;182688
787;182866 - 115.281 | MINI PILAR CONICO GM 45 PARAFUSO REM 1.5 | 554381;182866
788;184483 - 115.282 | MINI PILAR CONICO GM 45 PARAFUSO REM 2.5 | 585482;184483
789;182809 - 115.243 | MINI PILAR CONICO GM ALT. 0.8 | 554324;182809
790;182810 - 115.244 | MINI PILAR CONICO GM ALT. 1.5 | 554325;182810
791;182811 - 115.245 | MINI PILAR CONICO GM ALT. 2.5 | 554326;182811
792;182812 - 115.246 | MINI PILAR CONICO GM ALT. 3.5 | 554327;182812
793;182813 - 115.247 | MINI PILAR CONICO GM ALT. 4.5 | 554328;182813
794;182814 - 115.248 | MINI PILAR CONICO GM ALT. 5.5 | 554329;182814
795;182815 - 115.291 | MINI PILAR CONICO HS 0.2 | 554330;182815
796;182816 - 115.292 | MINI PILAR CONICO HS 1.5 | 554331;182816
797;182867 - 115.296 | MINI PILAR CONICO HS 17G 0.6 | 554382;182867
798;182868 - 115.297 | MINI PILAR CONICO HS 17G 1.5 | 554383;182868
799;182869 - 115.298 | MINI PILAR CONICO HS 17G 2.5 | 554384;182869
800;182870 - 115.299 | MINI PILAR CONICO HS 17G 3.5 | 554385;182870
801;182871 - 115.293 | MINI PILAR CONICO HS 2.5 | 554386;182871
802;182872 - 115.294 | MINI PILAR CONICO HS 3.5 | 554387;182872
803;182873 - 115.295 | MINI PILAR CONICO HS 4.5 | 554388;182873
804;184596 - 115.155 | MINI PILAR CONICO II PLUS ALT.1 | 585600;184596
805;184276 - 115.156 | MINI PILAR CONICO II PLUS ALT.2 | 556019;184276
806;182646 - 115.187 | MINI PILAR CONICO SF 4.1 ALT.1 | 435583;182646
807;182874 - 115.188 | MINI PILAR CONICO SF 4.1 ALT.2 | 554389;182874
808;182875 - 115.189 | MINI PILAR CONICO SF 4.1 ALT.3 | 554390;182875
809;182876 - 115.190 | MINI PILAR CONICO SF 4.1 ALT.4 | 554391;182876
810;182877 - 115.191 | MINI PILAR CONICO SF 4.1 ALT.5 | 554392;182877
811;182647 - 115.197 | MINI PILAR CONICO SF 5.0 ALT.1 | 435584;182647
812;182878 - 115.198 | MINI PILAR CONICO SF 5.0 ALT.2 | 554393;182878
813;182879 - 115.199 | MINI PILAR CONICO SF 5.0 ALT.3 | 554394;182879
814;190224 - 877.402 | MINI PILAR CÔNICO THIN AVANTT 2.5X9.5MM | 436106;190224
815;190227 - 877.401 | MINI PILAR CÔNICO THIN AVANTT 8.5X 1,5MM  | 552851;190227
816;184516 - 115.176 | MINI PILAR CONICO WS ALT. 0.8 | 585516;184516
817;184515 - 115.177 | MINI PILAR CONICO WS ALT. 1.5 | 585515;184515
818;184514 - 115.178 | MINI PILAR CONICO WS ALT. 2.5 | 585514;184514
819;184513 - 115.179 | MINI PILAR CONICO WS ALT. 3.5 | 585513;184513
820;189272 - 825.001 | MINI PILAR CÔNICO 3.3 MM ALT 1.5 MM HE | 405020;189272
821;189396 - 829.724 | MINI PILAR CÔNICO 3.3 MM ALT 1.5 MM HE | 405144;189396
822;189305 - 825.501 | MINI PILAR CÔNICO 3.3 MM ALT 1.5 MM HE CURTO | 405053;189305
823;189273 - 825.002 | MINI PILAR CÔNICO 3.3 MM ALT 2 MM HE | 405021;189273
824;189306 - 825.502 | MINI PILAR CÔNICO 3.3 MM ALT 2 MM HE CURTO | 405054;189306
825;189274 - 825.003 | MINI PILAR CÔNICO 3.3 MM ALT 3 MM HE | 405022;189274
826;189307 - 825.503 | MINI PILAR CÔNICO 3.3 MM ALT 3 MM HE CURTO | 405055;189307
827;189271 - 825.000 | MINI PILAR CÔNICO 3.3 MM ALT 4 MM HE | 405019;189271
828;189327 - 826.699 | MINI PILAR CÔNICO 3.5/4.3/5.0 MM ALT 0.8 MM ATTRACT | 405075;189327
829;189329 - 826.701 | MINI PILAR CÔNICO 3.5/4.3/5.0 MM ALT 2.5 MM ATTRACT | 405077;189329
830;189330 - 826.702 | MINI PILAR CÔNICO 3.5/4.3/5.0 MM ALT 3.5 MM ATTRACT | 405078;189330
831;189331 - 826.703 | MINI PILAR CÔNICO 3.5/4.3/5.0 MM ALT 4.5 MM ATTRACT | 405079;189331
832;189332 - 826.704 | MINI PILAR CÔNICO 3.5/4.3/5.0 MM ALT 5.0 MM ATTRACT | 405080;189332
833;189328 - 826.700 | MINI PILAR CÔNICO 3.5/4.3/5.0MM ALT 1.5 MM ATTRACT | 405076;189328
834;189297 - 825.206 | MINI PILAR CÔNICO 3.6 MM ALT 1.5 MM HI CR | 405045;189297
835;189298 - 825.207 | MINI PILAR CÔNICO 3.6 MM ALT 2 MM HI CR | 405046;189298
836;189299 - 825.208 | MINI PILAR CÔNICO 3.6 MM ALT 3 MM HI CR | 405047;189299
837;189300 - 825.209 | MINI PILAR CÔNICO 3.6 MM ALT 4 MM HI CR | 405048;189300
838;189301 - 825.210 | MINI PILAR CÔNICO 3.6 MM ALT 5 MM HI CR | 405049;189301
839;189275 - 825.004 | MINI PILAR CÔNICO 4.1 MM ALT 1 MM HE | 405023;189275
840;189287 - 825.101 | MINI PILAR CÔNICO 4.1 MM ALT 1 MM HE CURTO | 405035;189287
841;189276 - 825.005 | MINI PILAR CÔNICO 4.1 MM ALT 2 MM HE | 405024;189276
842;189288 - 825.102 | MINI PILAR CÔNICO 4.1 MM ALT 2 MM HE CURTO | 405036;189288
843;189277 - 825.006 | MINI PILAR CÔNICO 4.1 MM ALT 3 MM HE | 405025;189277
844;189289 - 825.103 | MINI PILAR CÔNICO 4.1 MM ALT 3 MM HE CURTO | 405037;189289
845;189278 - 825.007 | MINI PILAR CÔNICO 4.1 MM ALT 4 MM HE | 405026;189278
846;189290 - 825.104 | MINI PILAR CÔNICO 4.1 MM ALT 4 MM HE CURTO | 405038;189290
847;189279 - 825.008 | MINI PILAR CÔNICO 4.1 MM ALT 5 MM HE | 405027;189279
848;189291 - 825.105 | MINI PILAR CÔNICO 4.1 MM ALT 5 MM HE CURTO | 405039;189291
849;189285 - 825.020 | MINI PILAR CÔNICO 4.1 MM ALT 6 MM HE C | 405033;189285
850;189286 - 825.021 | MINI PILAR CÔNICO 4.1 MM ALT 7 MM HE | 405034;189286
851;189317 - 826.011 | MINI PILAR CÔNICO 4.3 MM ALT 1 MM HI CR | 405065;189317
852;189318 - 826.012 | MINI PILAR CÔNICO 4.3 MM ALT 2 MM HI CR | 405066;189318
853;189319 - 826.013 | MINI PILAR CÔNICO 4.3 MM ALT 3 MM HI CR | 405067;189319
854;189320 - 826.014 | MINI PILAR CÔNICO 4.3 MM ALT 4 MM HI CR | 405068;189320
855;189321 - 826.015 | MINI PILAR CÔNICO 4.3 MM ALT 5 MM HI CR | 405069;189321
856;189280 - 825.009 | MINI PILAR CÔNICO 5.0 MM ALT 1 MM HE | 405028;189280
857;189292 - 825.106 | MINI PILAR CÔNICO 5.0 MM ALT 1 MM HE CURTO | 405040;189292
858;189322 - 826.016 | MINI PILAR CÔNICO 5.0 MM ALT 1 MM HI | 405070;189322
859;189281 - 825.010 | MINI PILAR CÔNICO 5.0 MM ALT 2 MM HE | 405029;189281
860;189293 - 825.107 | MINI PILAR CÔNICO 5.0 MM ALT 2 MM HE CURTO | 405041;189293
861;189323 - 826.017 | MINI PILAR CÔNICO 5.0 MM ALT 2 MM HI | 405071;189323
862;189282 - 825.011 | MINI PILAR CÔNICO 5.0 MM ALT 3 MM HE | 405030;189282
863;189294 - 825.108 | MINI PILAR CÔNICO 5.0 MM ALT 3 MM HE CURTO | 405042;189294
864;189324 - 826.018 | MINI PILAR CÔNICO 5.0 MM ALT 3 MM HI | 405072;189324
865;189283 - 825.012 | MINI PILAR CÔNICO 5.0 MM ALT 4 MM HE | 405031;189283
866;189295 - 825.109 | MINI PILAR CÔNICO 5.0 MM ALT 4 MM HE CURTO | 405043;189295
867;189325 - 826.019 | MINI PILAR CÔNICO 5.0 MM ALT 4 MM HI CR | 405073;189325
868;189284 - 825.013 | MINI PILAR CÔNICO 5.0 MM ALT 5 MM HE | 405032;189284
869;189296 - 825.110 | MINI PILAR CÔNICO 5.0 MM ALT 5 MM HE CURTO | 405044;189296
870;189326 - 826.020 | MINI PILAR CÔNICO 5.0 MM ALT 5 MM HI CR | 405074;189326
871;190114 - 880.000 | MINI PILAR CÔNICO ALT 0.8 MM ALLURE | 405862;190114
872;190115 - 880.001 | MINI PILAR CÔNICO ALT 1.5 MM ALLURE | 405863;190115
873;190116 - 880.002 | MINI PILAR CÔNICO ALT 2.5 MM ALLURE | 405864;190116
874;190117 - 880.003 | MINI PILAR CÔNICO ALT 3.5 MM ALLURE | 405865;190117
875;190210 - 877.403 | MINI PILAR CÔNICO ALT 3.5 MM AVANTT THIN | 428248;190210
876;190118 - 880.004 | MINI PILAR CÔNICO ALT 4.5 MM ALLURE | 405866;190118
877;190212 - 877.404 | MINI PILAR CÔNICO ALT 4.5 MM ALLURE | 428250;190212
878;190119 - 880.005 | MINI PILAR CÔNICO ALT 5.5 MM ALLURE | 405867;190119
879;189333 - 826.750 | MINI PILAR CÔNICO ALT 6.0 MM ATTRACT | 405081;189333
880;189334 - 826.751 | MINI PILAR CÔNICO ALT 7.0 MM ATTRACT | 405082;189334
881;189338 - 827.699 | MINI PILAR CÔNICO ANGULADO 17° 3.5/4.3/5.0 MM ALT 1.5 MM ATTRACT | 405086;189338
882;189309 - 825.601 | MINI PILAR CÔNICO ANGULADO 17° 3.6 ALT 3 MM HI CR | 405057;189309
883;189310 - 825.602 | MINI PILAR CÔNICO ANGULADO 17° 3.6 ALT 4 MM HI CR | 405058;189310
884;189308 - 825.600 | MINI PILAR CÔNICO ANGULADO 17° 3.6 MM ALT 2 MM HI CR | 405056;189308
885;189311 - 825.700 | MINI PILAR CÔNICO ANGULADO 17° 4.3 MM ALT 2 MM HI CR | 405059;189311
886;189313 - 825.702 | MINI PILAR CÔNICO ANGULADO 17° 4.3 MM ALT 3 MM HI CR | 405061;189313
887;189316 - 825.705 | MINI PILAR CÔNICO ANGULADO 17° 4.3 MM ALT 5 MM HI CR | 405064;189316
888;189942 - 877.020 | MINI PILAR CÔNICO ANGULADO 17° ALT 0.8 MM AVANTT | 405690;189942
889;190120 - 880.009 | MINI PILAR CÔNICO ANGULADO 17° ALT 1.5 MM ALLURE | 405868;190120
890;189943 - 877.021 | MINI PILAR CÔNICO ANGULADO 17° ALT 1.5 MM AVANTT | 405691;189943
891;190121 - 880.011 | MINI PILAR CÔNICO ANGULADO 17° ALT 2.5 MM ALLURE | 405869;190121
892;189945 - 877.022 | MINI PILAR CÔNICO ANGULADO 17° ALT 2.5 MM AVANTT | 405693;189945
893;190122 - 880.012 | MINI PILAR CÔNICO ANGULADO 17° ALT 3.5 MM ALLURE | 405870;190122
894;189946 - 877.023 | MINI PILAR CÔNICO ANGULADO 17° ALT 3.5 MM AVANTT | 405694;189946
895;190123 - 880.013 | MINI PILAR CÔNICO ANGULADO 17° ALT 4.5 MM ALLURE | 405871;190123
896;189947 - 877.024 | MINI PILAR CÔNICO ANGULADO 17° ALT 4.5 MM AVANTT | 405695;189947
897;177142 - 02.23.18.124 | MINI PILAR CÔNICO ANGULADO 17° CMH NP C2,5  | 400963;177142
898;177143 - 02.23.18.134 | MINI PILAR CÔNICO ANGULADO 17° CMH NP C3,5  | 400964;177143
899;176935 - 02.03.18.124 | MINI PILAR CÔNICO ANGULADO 17° HEX NP CINTA 2MM / HEX 1,2 CINTA 2MM   | 400756;176935
900;176936 - 02.03.18.134 | MINI PILAR CÔNICO ANGULADO 17° HEX NP CINTA 3MM / HEX 1,2 CINTA 3MM   | 400757;176936
901;177055 - 02.08.18.224 | MINI PILAR CÔNICO ANGULADO 17° HEX RP-UP CINTA 2MM / HEX 1,2 CINTA 2MM   | 400876;177055
902;177056 - 02.08.18.234 | MINI PILAR CÔNICO ANGULADO 17° HEX RP-UP CINTA 3MM / HEX 1,2 CINTA 3MM   | 400877;177056
903;177005 - 02.04.18.124 | MINI PILAR CÔNICO ANGULADO 17° TRI NP CINTA 2MM / HEX 1,2 CINTA 2MM   | 400826;177005
904;177006 - 02.04.18.134 | MINI PILAR CÔNICO ANGULADO 17° TRI NP CINTA 3MM / HEX 1,2 CINTA 3MM   | 400827;177006
905;177009 - 02.04.18.224 | MINI PILAR CÔNICO ANGULADO 17° TRI RP-UP CINTA 2MM / HEX 1,2 CINTA 2MM   | 400830;177009
906;177010 - 02.04.18.234 | MINI PILAR CÔNICO ANGULADO 17° TRI RP-UP CINTA 3MM / HEX 1,2 CINTA 3MM   | 400831;177010
907;189304 - 825.300 | MINI PILAR CÔNICO ANGULADO 17º 3.3 MM ALT 3 MM HE | 405052;189304
908;189339 - 827.700 | MINI PILAR CÔNICO ANGULADO 17º 3.5/4.3/5.0 MM ALT 2.5 MM ATTRACT | 405087;189339
909;189340 - 827.701 | MINI PILAR CÔNICO ANGULADO 17º 3.5/4.3/5.0 MM ALT 3.5 MM ATTRACT | 405088;189340
910;189341 - 827.702 | MINI PILAR CÔNICO ANGULADO 17º 3.5/4.3/5.0 MM ALT 4.5 MM ATTRACT | 405089;189341
911;189335 - 827.001 | MINI PILAR CÔNICO ANGULADO 17º 4.1 MM ALT 2 MM HE | 405083;189335
912;189336 - 827.002 | MINI PILAR CÔNICO ANGULADO 17º 4.1 MM ALT 3 MM HE | 405084;189336
913;189337 - 827.003 | MINI PILAR CÔNICO ANGULADO 17º 4.1 MM ALT 4 MM HE | 405085;189337
914;189314 - 825.703 | MINI PILAR CÔNICO ANGULADO 17º 4.3 MM ALT 4 MM HI CR | 405062;189314
915;190124 - 880.019 | MINI PILAR CÔNICO ANGULADO 27° ALT 1.5 MM ALLURE | 405872;190124
916;190125 - 880.020 | MINI PILAR CÔNICO ANGULADO 27° ALT 2.5 MM ALLURE | 405873;190125
917;190126 - 880.021 | MINI PILAR CÔNICO ANGULADO 27° ALT 3.5 MM ALLURE | 405874;190126
918;190127 - 880.022 | MINI PILAR CÔNICO ANGULADO 27° ALT 4.5 MM ALLURE | 405875;190127
919;189343 - 828.700 | MINI PILAR CÔNICO ANGULADO 27º 3.5/4.3/5.0 MM ALT 3.5 MM ATTRACT | 405091;189343
920;189302 - 825.252 | MINI PILAR CÔNICO ANGULADO 30° 3.6 ALT 3 MM HI CR | 405050;189302
921;189303 - 825.253 | MINI PILAR CÔNICO ANGULADO 30° 3.6 ALT 4 MM HI CR | 405051;189303
922;189948 - 877.025 | MINI PILAR CÔNICO ANGULADO 30° ALT 0.8 MM AVANTT | 405696;189948
923;189949 - 877.026 | MINI PILAR CÔNICO ANGULADO 30° ALT 1.5 MM AVANTT | 405697;189949
924;189950 - 877.027 | MINI PILAR CÔNICO ANGULADO 30° ALT 2.5 MM AVANTT | 405698;189950
925;189951 - 877.028 | MINI PILAR CÔNICO ANGULADO 30° ALT 3.5 MM AVANTT | 405699;189951
926;189952 - 877.029 | MINI PILAR CÔNICO ANGULADO 30° ALT 4.5 MM AVANTT | 405700;189952
927;177144 - 02.23.18.136 | MINI PILAR CÔNICO ANGULADO 30° CMH NP C3,5  | 400965;177144
928;177145 - 02.23.18.146 | MINI PILAR CÔNICO ANGULADO 30° CMH NP C4,5  | 400966;177145
929;176937 - 02.03.18.136 | MINI PILAR CÔNICO ANGULADO 30° HEX NP CINTA 3MM / HEX 1,2 CINTA 3MM   | 400758;176937
930;176938 - 02.03.18.146 | MINI PILAR CÔNICO ANGULADO 30° HEX NP CINTA 4MM / HEX 1,2 CINTA 4MM   | 400759;176938
931;177057 - 02.08.18.236 | MINI PILAR CÔNICO ANGULADO 30° HEX RP-UP CINTA 3MM / HEX 1,2 CINTA 3MM   | 400878;177057
932;177058 - 02.08.18.246 | MINI PILAR CÔNICO ANGULADO 30° HEX RP-UP CINTA 4MM / HEX 1,2 CINTA 4MM   | 400879;177058
933;177007 - 02.04.18.136 | MINI PILAR CÔNICO ANGULADO 30° TRI NP / HEX 1,2  | 400828;177007
934;177008 - 02.04.18.146 | MINI PILAR CÔNICO ANGULADO 30° TRI NP CINTA 4MM / HEX 1,2  | 400829;177008
935;177011 - 02.04.18.236 | MINI PILAR CÔNICO ANGULADO 30° TRI RP-UP CINTA 3MM / HEX 1,2  | 400832;177011
936;177012 - 02.04.18.246 | MINI PILAR CÔNICO ANGULADO 30° TRI RP-UP CINTA 4MM / HEX 1,2  | 400833;177012
937;189342 - 828.001 | MINI PILAR CÔNICO ANGULADO 30º 4.1 MM ALT 3 MM HE | 405090;189342
938;189315 - 825.704 | MINI PILAR CÔNICO ANGULADO 30º 4.3 MM ALT 4 MM HI CR | 405063;189315
939;189940 - 877.015 | MINI PILAR CÔNICO AVANTT ALT 5.5 MM | 405688;189940
940;177084 - 02.23.03.110 | MINI PILAR CÔNICO CMH NP C1,5  | 400905;177084
941;177085 - 02.23.03.120 | MINI PILAR CÔNICO CMH NP C2,5  | 400906;177085
942;177086 - 02.23.03.130 | MINI PILAR CÔNICO CMH NP C3,5  | 400907;177086
943;176897 - 02.03.03.110 | MINI PILAR CÔNICO HEX NP CINTA 1MM   | 400718;176897
944;176898 - 02.03.03.120 | MINI PILAR CÔNICO HEX NP CINTA 2MM   | 400719;176898
945;176899 - 02.03.03.130 | MINI PILAR CÔNICO HEX NP CINTA 3MM   | 400720;176899
946;177038 - 02.08.03.210 | MINI PILAR CÔNICO HEX RP-UP CINTA 1MM   | 400859;177038
947;177039 - 02.08.03.220 | MINI PILAR CÔNICO HEX RP-UP CINTA 2MM   | 400860;177039
948;177040 - 02.08.03.230 | MINI PILAR CÔNICO HEX RP-UP CINTA 3MM   | 400861;177040
949;176949 - 02.04.03.110 | MINI PILAR CÔNICO TRI NP CINTA 1MM   | 400770;176949
950;176950 - 02.04.03.120 | MINI PILAR CÔNICO TRI NP CINTA 2MM   | 400771;176950
951;176951 - 02.04.03.130 | MINI PILAR CÔNICO TRI NP CINTA 3MM   | 400772;176951
952;176952 - 02.04.03.210 | MINI PILAR CÔNICO TRI RP-UP CINTA 1MM   | 400773;176952
953;176953 - 02.04.03.220 | MINI PILAR CÔNICO TRI RP-UP CINTA 2MM   | 400774;176953
954;176954 - 02.04.03.230 | MINI PILAR CÔNICO TRI RP-UP CINTA 3MM   | 400775;176954
955;178203 - EFF1101.04A.CJ | MINI PILAR RETO CE CINTA 1.00MM IMP. Ø3.25 - Ø4.10 PLAT. Ø4.10 RP | 589040;178203
956;178185 - EFF1101.02A.CJ | MINI PILAR RETO CE CINTA 1.00MM IMP. Ø3.25 Ø4.50 PLAT. Ø3.40 | 589022;178185
957;178193 - EFF1101.03A.CJ | MINI PILAR RETO CE CINTA 1.00MM IMP. Ø3.30 Ø3.50 PLAT. Ø3.30 | 589030;178193
958;178230 - EFF1101.08A.CJ | MINI PILAR RETO CE CINTA 1.00MM IMP. Ø4.50 Ø5.00 PLAT. Ø5.00 | 589067;178230
959;178222 - EFF1101.07A.CJ | MINI PILAR RETO CE CINTA 1.00MM IMP. Ø4.75 Ø5.00 PLAT. Ø5.00 | 589059;178222
960;178208 - EFF1101.05A.CJ | MINI PILAR RETO CE CINTA 1.50MM IMP. Ø4.30 PLAT. Ø4.30 | 589045;178208
961;178204 - EFF1101.04B.CJ | MINI PILAR RETO CE CINTA 2.00MM IMP. Ø3.25 - Ø4.10 PLAT. Ø4.10 RP | 589041;178204
962;178186 - EFF1101.02B.CJ | MINI PILAR RETO CE CINTA 2.00MM IMP. Ø3.25 Ø4.50 PLAT. Ø3.40 | 589023;178186
963;178194 - EFF1101.03B.CJ | MINI PILAR RETO CE CINTA 2.00MM IMP. Ø3.30 Ø3.50 PLAT. Ø3.30 | 589031;178194
964;178209 - EFF1101.05B.CJ | MINI PILAR RETO CE CINTA 2.00MM IMP. Ø4.30 PLAT. Ø4.30 | 589046;178209
965;178231 - EFF1101.08B.CJ | MINI PILAR RETO CE CINTA 2.00MM IMP. Ø4.50 Ø5.00 PLAT. Ø5.00 | 589068;178231
966;178223 - EFF1101.07B.CJ | MINI PILAR RETO CE CINTA 2.00MM IMP. Ø4.75 Ø5.00 PLAT. Ø5.00 | 589060;178223
967;178205 - EFF1101.04C.CJ | MINI PILAR RETO CE CINTA 3.00MM IMP. Ø3.25 - Ø4.10 PLAT. Ø4.10 RP | 589042;178205
968;178187 - EFF1101.02C.CJ | MINI PILAR RETO CE CINTA 3.00MM IMP. Ø3.25 Ø4.50 PLAT. Ø3.40 | 589024;178187
969;178195 - EFF1101.03C.CJ | MINI PILAR RETO CE CINTA 3.00MM IMP. Ø3.30 Ø3.50 PLAT. Ø3.30 | 589032;178195
970;178210 - EFF1101.05C.CJ | MINI PILAR RETO CE CINTA 3.00MM IMP. Ø4.30 PLAT. Ø4.30 | 589047;178210
971;178232 - EFF1101.08C.CJ | MINI PILAR RETO CE CINTA 3.00MM IMP. Ø4.50 Ø5.00 PLAT. Ø5.00 | 589069;178232
972;178224 - EFF1101.07C.CJ | MINI PILAR RETO CE CINTA 3.00MM IMP. Ø4.75 Ø5.00 PLAT. Ø5.00 | 589061;178224
973;178206 - EFF1101.04D.CJ | MINI PILAR RETO CE CINTA 4.00MM IMP. Ø3.25 - Ø4.10 PLAT. Ø4.10 RP | 589043;178206
974;178188 - EFF1101.02D.CJ | MINI PILAR RETO CE CINTA 4.00MM IMP. Ø3.25 Ø4.50 PLAT. Ø3.40 | 589025;178188
975;178196 - EFF1101.03D.CJ | MINI PILAR RETO CE CINTA 4.00MM IMP. Ø3.30 Ø3.50 PLAT. Ø3.30 | 589033;178196
976;178211 - EFF1101.05D.CJ | MINI PILAR RETO CE CINTA 4.00MM IMP. Ø4.30 PLAT. Ø4.30 | 589048;178211
977;178233 - EFF1101.08D.CJ | MINI PILAR RETO CE CINTA 4.00MM IMP. Ø4.50 Ø5.00 PLAT. Ø5.00 | 589070;178233
978;178225 - EFF1101.07D.CJ | MINI PILAR RETO CE CINTA 4.00MM IMP. Ø4.75 Ø5.00 PLAT. Ø5.00 | 589062;178225
979;178267 - EFF1103.01A.CJ | MINI PILAR RETO CI CINTA 1.00MM IMP. Ø3.30 Ø3.50 PLAT. Ø3.50 | 589104;178267
980;178372 - EFF1104.09A.CJ | MINI PILAR RETO CI CINTA 1.00MM IMP. Ø3.75 - Ø5.00 PLAT. Ø4.30 Ø5.00 | 589209;178372
981;178274 - EFF1103.02A.CJ | MINI PILAR RETO CI CINTA 1.00MM IMP. Ø3.75 Ø4.30 PLAT. Ø4.00 | 589111;178274
982;178279 - EFF1103.03A.CJ | MINI PILAR RETO CI CINTA 1.00MM IMP. Ø4.75 Ø5.00 PLAT. Ø5.00 | 589116;178279
983;178268 - EFF1103.01B.CJ | MINI PILAR RETO CI CINTA 2.00MM IMP. Ø3.30 Ø3.50 PLAT. Ø3.50 | 589105;178268
984;178373 - EFF1104.09B.CJ | MINI PILAR RETO CI CINTA 2.00MM IMP. Ø3.75 - Ø5.00 PLAT. Ø4.30 Ø5.00 | 589210;178373
985;178275 - EFF1103.02B.CJ | MINI PILAR RETO CI CINTA 2.00MM IMP. Ø3.75 Ø4.30 PLAT. Ø4.00 | 589112;178275
986;178280 - EFF1103.03B.CJ | MINI PILAR RETO CI CINTA 2.00MM IMP. Ø4.75 Ø5.00 PLAT. Ø5.00 | 589117;178280
987;178269 - EFF1103.01C.CJ | MINI PILAR RETO CI CINTA 3.00MM IMP. Ø3.30 Ø3.50 PLAT. Ø3.50 | 589106;178269
988;178374 - EFF1104.09C.CJ | MINI PILAR RETO CI CINTA 3.00MM IMP. Ø3.75 - Ø5.00 PLAT. Ø4.30 Ø5.00 | 589211;178374
989;178276 - EFF1103.02C.CJ | MINI PILAR RETO CI CINTA 3.00MM IMP. Ø3.75 Ø4.30 PLAT. Ø4.00 | 589113;178276
990;178281 - EFF1103.03C.CJ | MINI PILAR RETO CI CINTA 3.00MM IMP. Ø4.75 Ø5.00 PLAT. Ø5.00 | 589118;178281
991;178270 - EFF1103.01D.CJ | MINI PILAR RETO CI CINTA 4.00MM IMP. Ø3.30 Ø3.50 PLAT. Ø3.50 | 589107;178270
992;178375 - EFF1104.09D.CJ | MINI PILAR RETO CI CINTA 4.00MM IMP. Ø3.75 - Ø5.00 PLAT. Ø4.30 Ø5.00 | 589212;178375
993;178277 - EFF1103.02D.CJ | MINI PILAR RETO CI CINTA 4.00MM IMP. Ø3.75 Ø4.30 PLAT. Ø4.00 | 589114;178277
994;178282 - EFF1103.03D.CJ | MINI PILAR RETO CI CINTA 4.00MM IMP. Ø4.75 Ø5.00 PLAT. Ø5.00 | 589119;178282
995;178498 - EFF1105.10E.CJ | MINI PILAR RETO CINTA 5.00MM | 589335;178498
996;178499 - EFF1105.10F.CJ | MINI PILAR RETO CINTA 6.00MM | 589336;178499
997;178500 - EFF1105.10G.CJ | MINI PILAR RETO CINTA 7.00MM | 589337;178500
998;178501 - EFF1105.10H.CJ | MINI PILAR RETO CINTA 8.00MM | 589338;178501
999;178471 - EFF1105.05A.CJ | MINI PILAR RETO CM CINTA 0.80MM IMP. Ø3.50 - Ø5.00 PLAT. Ø3.50 - Ø5.00 | 589308;178471
1000;178543 - EFF1105.29A.CJ | MINI PILAR RETO CM CINTA 0.80MM IMP. Ø3.50 Ø5.00 PLAT. Ø3.00 EGM | 589380;178543
1001;178579 - EFF1105.50A.CJ | MINI PILAR RETO CINTA 1.00MM IMP. Ø3.00 Ø3.50 PLAT. Ø3.50 MINI TS | 589416;178579
1002;178494 - EFF1105.10A.CJ | MINI PILAR RETO CM CINTA 1.00MM IMP. Ø3.50 - Ø5.50 PLAT. Ø3.50 - Ø5.50 SW | 589331;178494
1003;178594 - EFF1105.51A.CJ | MINI PILAR RETO CINTA 1.00MM IMP. Ø4.00 - Ø7.00 PLAT. Ø4.00 5.00 REGULAR TS | 589431;178594
1004;178472 - EFF1105.05B.CJ | MINI PILAR RETO CM CINTA 1.50MM IMP. Ø3.50 - Ø5.00 PLAT. Ø3.50 - Ø5.00 | 589309;178472
1005;178544 - EFF1105.29B.CJ | MINI PILAR RETO CM CINTA 1.50MM IMP. Ø3.50 Ø5.00 PLAT. Ø3.00 EGM | 589381;178544
1006;178582 - EFF1105.50B.CJ | MINI PILAR RETO CINTA 2.00MM IMP. Ø3.00 Ø3.50 PLAT. Ø3.50 MINI TS | 589419;178582
1007;178495 - EFF1105.10B.CJ | MINI PILAR RETO CM CINTA 2.00MM IMP. Ø3.50 - Ø5.50 PLAT. Ø3.50 - Ø5.50 SW | 589332;178495
1008;178597 - EFF1105.51B.CJ | MINI PILAR RETO CINTA 2.00MM IMP. Ø4.00 - Ø7.00 PLAT. Ø4.00 5.00 REGULAR TS | 589434;178597
1009;178473 - EFF1105.05C.CJ | MINI PILAR RETO CM CINTA 2.50MM IMP. Ø3.50 - Ø5.00 PLAT. Ø3.50 - Ø5.00 | 589310;178473
1010;178545 - EFF1105.29C.CJ | MINI PILAR RETO CM CINTA 2.50MM IMP. Ø3.50 Ø5.00 PLAT. Ø3.00 EGM | 589382;178545
1011;178585 - EFF1105.50C.CJ | MINI PILAR RETO CINTA 3.00MM IMP. Ø3.00 Ø3.50 PLAT. Ø3.50 MINI TS | 589422;178585
1012;178496 - EFF1105.10C.CJ | MINI PILAR RETO CM CINTA 3.00MM IMP. Ø3.50 - Ø5.50 PLAT. Ø3.50 - Ø5.50 SW | 589333;178496
1013;178600 - EFF1105.51C.CJ | MINI PILAR RETO CINTA 3.00MM IMP. Ø4.00 - Ø7.00 PLAT. Ø4.00 5.00 REGULAR TS | 589437;178600
1014;178474 - EFF1105.05D.CJ | MINI PILAR RETO CM CINTA 3.50MM IMP. Ø3.50 - Ø5.00 PLAT. Ø3.50 - Ø5.00 | 589311;178474
1015;178546 - EFF1105.29D.CJ | MINI PILAR RETO CM CINTA 3.50MM IMP. Ø3.50 Ø5.00 PLAT. Ø3.00 EGM | 589383;178546
1016;178588 - EFF1105.50D.CJ | MINI PILAR RETO CINTA 4.00MM IMP. Ø3.00 Ø3.50 PLAT. Ø3.50 MINI TS | 589425;178588
1017;178497 - EFF1105.10D.CJ | MINI PILAR RETO CM CINTA 4.00MM IMP. Ø3.50 - Ø5.50 PLAT. Ø3.50 - Ø5.50 SW | 589334;178497
1018;178603 - EFF1105.51D.CJ | MINI PILAR RETO CINTA 4.00MM IMP. Ø4.00 - Ø7.00 PLAT. Ø4.00 5.00 REGULAR TS | 589440;178603
1019;178475 - EFF1105.05E.CJ | MINI PILAR RETO CM CINTA 4.50MM IMP. Ø3.50 - Ø5.00 PLAT. Ø3.50 - Ø5.00 | 589312;178475
1020;178547 - EFF1105.29E.CJ | MINI PILAR RETO CM CINTA 4.50MM IMP. Ø3.50 Ø5.00 PLAT. Ø3.00 EGM | 589384;178547
1021;178591 - EFF1105.50E.CJ | MINI PILAR RETO CINTA 5.00MM IMP. Ø3.00 Ø3.50 PLAT. Ø3.50 MINI TS | 589428;178591
1022;178606 - EFF1105.51E.CJ | MINI PILAR RETO CINTA 5.00MM IMP. Ø4.00 - Ø7.00 PLAT. Ø4.00 5.00 REGULAR TS | 589443;178606
1023;178476 - EFF1105.05F.CJ | MINI PILAR RETO CM CINTA 5.50MM IMP. Ø3.50 - Ø5.00 PLAT. Ø3.50 - Ø5.00 | 589313;178476
1024;178548 - EFF1105.29F.CJ | MINI PILAR RETO CM CINTA 5.50MM IMP. Ø3.50 Ø5.00 PLAT. Ø3.00 EGM | 589385;178548
1025;185836 - CPAC 06-3 | 450T PLAS ABUT CONICO C/ PRH30 | 403301;185836
1026;186973 - UCLA 346-Q | A PLA IMP C/HEX Ø3.4 C/PTQ2008 | 404438;186973
1027;186979 - UCLA 406-Q | A PLA IMP C/HEX Ø4.1 C/PTQ2008 | 404444;186979
1028;186987 - UCLAC 406-Q | A PLA IMP C/HEX Ø4.1C/PTQ2006 | 404452;186987
1029;186983 - UCLA 506-Q | A PLA IMP C/HEX Ø5.0 C/PTQ2008 | 404448;186983
1030;186972 - UCLA 340-Q | A PLA IMP S/HEX Ø3.4 C/PTQ2008 | 404437;186972
1031;186986 - UCLAC 400-Q | A PLA IMP S/HEX Ø4.1C/PTQ2006 | 404451;186986
1032;186982 - UCLA 500-Q | A PLA IMP S/HEX Ø5.0 C/PTQ2008 | 404447;186982
1033;185436 - AIAM 3501C-H | ABUT ANG MORSE Ø3,5X1MM | 402901;185436
1034;185437 - AIAM 3502C-H | ABUT ANG MORSE Ø3,5X2MM | 402902;185437
1035;185438 - AIAM 3503C-H | ABUT ANG MORSE Ø3,5X3MM | 402903;185438
1036;185439 - AIAM 3504C-H | ABUT ANG MORSE Ø3,5X4MM | 402904;185439
1037;185440 - AIAM 3505C-H | ABUT ANG MORSE Ø3,5X5MM | 402905;185440
1038;185441 - AIAM 4501C-H | ABUT ANG MORSE Ø4,5X1MM | 402906;185441
1039;185442 - AIAM 4502C-H | ABUT ANG MORSE Ø4,5X2MM | 402907;185442
1040;185443 - AIAM 4503C-H | ABUT ANG MORSE Ø4,5X3MM | 402908;185443
1041;185444 - AIAM 4504C-H | ABUT ANG MORSE Ø4,5X4MM | 402909;185444
1042;185445 - AIAM 4505C-H | ABUT ANG MORSE Ø4,5X5MM | 402910;185445
1043;185419 - AIA 3402-Q | ABUT ANG Ø3.4X3.8X2 C/ PTQ2008 | 402884;185419
1044;185420 - AIA 3404-Q | ABUT ANG Ø3.4X3.8X4 C/ PTQ2008 | 402885;185420
1045;185421 - AIA 3651-Q | ABUT ANG Ø3.6X5.0X1 C/ PTQ2008 | 402886;185421
1046;185422 - AIA 3652-Q | ABUT ANG Ø3.6X5.0X2 C/ PTQ2008 | 402887;185422
1047;185423 - AIA 3653-Q | ABUT ANG Ø3.6X5.0X3 C/ PTQ2008 | 402888;185423
1048;185424 - AIA 3654-Q | ABUT ANG Ø3.6X5.0X4 C/ PTQ2008 | 402889;185424
1049;187110 - AIAS 3842-Q | ABUT ANG Ø3.8X4.5X2 C/ PTQH 18 | 423958;187110
1050;185446 - AIAS 3844-Q | ABUT ANG Ø3.8X4.5X4 C/ PTQH 18 | 402911;185446
1051;185433 - AIAC 4151-Q | ABUT ANG Ø4.1X5.0X1 C/ PTQ2006 | 402898;185433
1052;185427 - AIA 4151-Q | ABUT ANG Ø4.1X5.0X1 C/ PTQ2008 | 402892;185427
1053;185434 - AIAC 4152-Q | ABUT ANG Ø4.1X5.0X2 C/ PTQ2006 | 402899;185434
1054;185428 - AIA 4152-Q | ABUT ANG Ø4.1X5.0X2 C/ PTQ2008 | 402893;185428
1055;185435 - AIAC 4154-Q | ABUT ANG Ø4.1X5.0X4 C/ PTQ2006 | 402900;185435
1056;185429 - AIA 4154-Q | ABUT ANG Ø4.1X5.0X4 C/ PTQ2008 | 402894;185429
1057;185447 - AIAS 4562-Q | ABUT ANG Ø4.5X6.0X2 C/ PTQH 18 | 402912;185447
1058;185448 - AIAS 4564-Q | ABUT ANG Ø4.5X6.0X4 C/ PTQH 18 | 402913;185448
1059;185431 - AIA 5052-Q | ABUT ANG Ø5.0X5.5X2 C/ PTQ2008 | 402896;185431
1060;185432 - AIA 5054-Q | ABUT ANG Ø5.0X5.5X4 C/ PTQ2008 | 402897;185432
1061;186989 - UCLAHE 366-Q | ABUT CALCINAVEL HE C/HEX Ø3,6MM C/ PARAF | 404454;186989
1062;186988 - UCLAHE 360-Q | ABUT CALCINAVEL HE S/HEX Ø3,6MM C/ PARAF | 404453;186988
1063;187058 - CCAM 00 | ABUT CIL CALCINAVEL ABUT MULTIFUNCIONAL  | 423476;187058
1064;187061 - CCRAM 06 | ABUT CIL CRCO ABUT MULTIFUNC INDEX  | 423479;187061
1065;187060 - CCRAM 00 | ABUT CIL CRCO ABUT MULTIFUNCIONAL  | 423478;187060
1066;185645 - CALE 06-3 | ABUT CIL CRCO C/HEX C/ PRH 30 | 403110;185645
1067;185760 - CLEM 4800-2 | ABUT CIL CRCO MINI C/ PRH 20 | 403225;185760
1068;185762 - CLEM 4800-3 | ABUT CIL CRCO MINI C/ PRH 30 | 403227;185762
1069;185644 - CALE 00-3 | ABUT CIL CRCO S/HEX C/ PRH 30 | 403109;185644
1070;187062 - CPMC 3306 | ABUT CIL MICRO MINI ABUT CALC INDEX | 423480;187062
1071;185859 - CPMC 33 | ABUT CIL MICRO MINI ABUT CALCINÁVEL | 403324;185859
1072;185322 - AAIM 331742C | ABUT CIM MORSE ANG Ø3,3X2,5X4MMX17° | 402787;185322
1073;185325 - AAIM 331762C | ABUT CIM MORSE ANG Ø3,3X2,5XX6MMX17° | 402790;185325
1074;185323 - AAIM 331743C | ABUT CIM MORSE ANG Ø3,3X3,5X4MMX17° | 402788;185323
1075;185326 - AAIM 331763C | ABUT CIM MORSE ANG Ø3,3X3,5X6MMX17° | 402791;185326
1076;185483 - AIMP 3501C-H | ABUT CIM MORSE Ø3,5X1MM | 402948;185483
1077;185484 - AIMP 3502C-H | ABUT CIM MORSE Ø3,5X2MM | 402949;185484
1078;185485 - AIMP 3503C-H | ABUT CIM MORSE Ø3,5X3MM | 402950;185485
1079;185486 - AIMP 3504C-H | ABUT CIM MORSE Ø3,5X4MM | 402951;185486
1080;185487 - AIMP 3505C-H | ABUT CIM MORSE Ø3,5X5MM | 402952;185487
1081;185488 - AIMP 4501C-H | ABUT CIM MORSE Ø4,5X1MM | 402953;185488
1082;185489 - AIMP 4502C-H | ABUT CIM MORSE Ø4,5X2MM | 402954;185489
1083;185490 - AIMP 4503C-H | ABUT CIM MORSE Ø4,5X3MM | 402955;185490
1084;185491 - AIMP 4504C-H | ABUT CIM MORSE Ø4,5X4MM | 402956;185491
1085;185492 - AIMP 4505C-H | ABUT CIM MORSE Ø4,5X5MM | 402957;185492
1086;185399 - AI 3651-Q | ABUT CIM Ø3,6X1 C/ PTQ 2008 | 402864;185399
1087;185400 - AI 3652-Q | ABUT CIM Ø3,6X2 C/ PTQ 2008 | 402865;185400
1088;185401 - AI 3653-Q | ABUT CIM Ø3,6X3 C/ PTQ 2008 | 402866;185401
1089;185402 - AI 3654-Q | ABUT CIM Ø3,6X4 C/ PTQ 2008 | 402867;185402
1090;185395 - AI 3401-Q | ABUT CIM Ø3.4X1 C/ PTQ 2008 | 402860;185395
1091;185396 - AI 3402-Q | ABUT CIM Ø3.4X2 C/ PTQ 2008 | 402861;185396
1092;185397 - AI 3403-Q | ABUT CIM Ø3.4X3 C/ PTQ 2008 | 402862;185397
1093;185398 - AI 3404-Q | ABUT CIM Ø3.4X4 C/ PTQ 2008 | 402863;185398
1094;185493 - AIS 3801-Q | ABUT CIM Ø3.8X1 C/ PTQH 18 | 402958;185493
1095;185494 - AIS 3802-Q | ABUT CIM Ø3.8X2 C/ PTQH 18 | 402959;185494
1096;185495 - AIS 3803-Q | ABUT CIM Ø3.8X3 C/ PTQH 18 | 402960;185495
1097;185496 - AIS 3804-Q | ABUT CIM Ø3.8X4 C/ PTQH 18 | 402961;185496
1098;185449 - AIC 4151-Q | ABUT CIM Ø4.1X1 C/ PTQ 2006 | 402914;185449
1099;185407 - AI 4151-Q | ABUT CIM Ø4.1X1 C/ PTQ 2008 | 402872;185407
1100;185450 - AIC 4152-Q | ABUT CIM Ø4.1X2 C/ PTQ 2006 | 402915;185450
1101;185408 - AI 4152-Q | ABUT CIM Ø4.1X2 C/ PTQ 2008 | 402873;185408
1102;185451 - AIC 4153-Q | ABUT CIM Ø4.1X3 C/ PTQ 2006 | 402916;185451
1103;185409 - AI 4153-Q | ABUT CIM Ø4.1X3 C/ PTQ 2008 | 402874;185409
1104;185452 - AIC 4154-Q | ABUT CIM Ø4.1X4 C/ PTQ 2006 | 402917;185452
1105;185410 - AI 4154-Q | ABUT CIM Ø4.1X4 C/ PTQ 2008 | 402875;185410
1106;185497 - AIS 4501-Q | ABUT CIM Ø4.5X1 C/ PTQH 18 | 402962;185497
1107;185498 - AIS 4502-Q | ABUT CIM Ø4.5X2 C/ PTQH 18 | 402963;185498
1108;185499 - AIS 4503-Q | ABUT CIM Ø4.5X3 C/ PTQH 18 | 402964;185499
1109;185500 - AIS 4504-Q | ABUT CIM Ø4.5X4 C/ PTQH 18 | 402965;185500
1110;185415 - AI 5051-Q | ABUT CIM Ø5.0X1 C/ PTQ 2008 | 402880;185415
1111;185416 - AI 5052-Q | ABUT CIM Ø5.0X2 C/ PTQ 2008 | 402881;185416
1112;185417 - AI 5053-Q | ABUT CIM Ø5.0X3 C/ PTQ 2008 | 402882;185417
1113;185418 - AI 5054-Q | ABUT CIM Ø5.0X4 C/ PTQ 2008 | 402883;185418
1114;185600 - APASIT 361735 | ABUT CIM. ANG. PASS SIT Ø3,3X3,5X6MMX17º | 403065;185600
1115;185592 - APASIT 341715 | ABUT CIM. ANG.PASS SIT Ø3,3X1,5X4MMX17° | 403057;185592
1116;185595 - APASIT 343015 | ABUT CIM. ANG.PASS SIT Ø3,3X1,5X4MMX30° | 403060;185595
1117;185598 - APASIT 361715 | ABUT CIM. ANG.PASS SIT Ø3,3X1,5X6MMX17° | 403063;185598
1118;185593 - APASIT 341725 | ABUT CIM. ANG.PASS SIT Ø3,3X2,5X4MMX17° | 403058;185593
1119;185599 - APASIT 361725 | ABUT CIM. ANG.PASS SIT Ø3,3X2,5X6MMX17° | 403064;185599
1120;185602 - APASIT 363025 | ABUT CIM. ANG.PASS SIT Ø3,3X2,5X6MMX30° | 403067;185602
1121;185594 - APASIT 341735 | ABUT CIM. ANG.PASS SIT Ø3,3X3,5X4MMX17° | 403059;185594
1122;185597 - APASIT 343035 | ABUT CIM. ANG.PASS SIT Ø3,3X3,5X4MMX30° | 403062;185597
1123;185603 - APASIT 363035 | ABUT CIM. ANG.PASS SIT Ø3,3X3,5X6MMX30° | 403068;185603
1124;185324 - AAIM 331761C | ABUT CIMENTADO MORSE ANG Ø3.3X1.5X6MM17° | 402789;185324
1125;185357 - ACM 4801C | ABUT CONE MORSE Ø4.8X1 | 402822;185357
1126;185358 - ACM 4802C | ABUT CONE MORSE Ø4.8X2 | 402823;185358
1127;185359 - ACM 4803C | ABUT CONE MORSE Ø4.8X3 | 402824;185359
1128;185360 - ACM 4804C | ABUT CONE MORSE Ø4.8X4 | 402825;185360
1129;185367 - ACS 3801 | ABUT CONICO HEX INT Ø3.8X1 | 402832;185367
1130;185368 - ACS 3802 | ABUT CONICO HEX INT Ø3.8X2 | 402833;185368
1131;185369 - ACS 3803 | ABUT CONICO HEX INT Ø3.8X3 | 402834;185369
1132;185370 - ACS 3804 | ABUT CONICO HEX INT Ø3.8X4 | 402835;185370
1133;185371 - ACS 4501 | ABUT CONICO HEX INT Ø4.5X1 | 402836;185371
1134;185372 - ACS 4502 | ABUT CONICO HEX INT Ø4.5X2 | 402837;185372
1135;185373 - ACS 4503 | ABUT CONICO HEX INT Ø4.5X3 | 402838;185373
1136;185374 - ACS 4504 | ABUT CONICO HEX INT Ø4.5X4 | 402839;185374
1137;185337 - AC 3601 | ABUT CONICO Ø3,6 X 1MM | 402802;185337
1138;185338 - AC 3602 | ABUT CONICO Ø3,6 X 2MM | 402803;185338
1139;185339 - AC 3603 | ABUT CONICO Ø3,6 X 3MM | 402804;185339
1140;185340 - AC 3604 | ABUT CONICO Ø3,6 X 4MM | 402805;185340
1141;185345 - AC 4101 | ABUT CONICO Ø4.1X1 | 402810;185345
1142;185346 - AC 4102 | ABUT CONICO Ø4.1X2 | 402811;185346
1143;185347 - AC 4103 | ABUT CONICO Ø4.1X3 | 402812;185347
1144;185348 - AC 4104 | ABUT CONICO Ø4.1X4 | 402813;185348
1145;185353 - AC 5001 | ABUT CONICO Ø5.0X1 | 402818;185353
1146;185354 - AC 5002 | ABUT CONICO Ø5.0X2 | 402819;185354
1147;185355 - AC 5003 | ABUT CONICO Ø5.0X3 | 402820;185355
1148;185356 - AC 5004 | ABUT CONICO Ø5.0X4 | 402821;185356
1149;185975 - EUCLA 346-Q | ABUT CRCO  IMP Ø3.4 C/ PTQ2008 | 403440;185975
1150;185990 - EUCLAHE 366-Q | ABUT CRCO HE C/HEX Ø3,6MM C/ PARAF | 403455;185990
1151;185989 - EUCLAHE 360-Q | ABUT CRCO HE S/HEX Ø3,6MM C/ PARAF | 403454;185989
1152;185976 - EUCLA 360-Q | ABUT CRCO IMP 4,1 C/ PTQ2008 | 403441;185976
1153;185983 - EUCLA 406-Q | ABUT CRCO IMP 4.1 C PTQ2008 | 403448;185983
1154;185979 - EUCLA 400-Q | ABUT CRCO IMP 4.1 C/ PTQ2008 | 403444;185979
1155;185974 - EUCLA 340-Q | ABUT CRCO IMP Ø3.4 C/ PTQ2008 | 403439;185974
1156;186008 - EUCLAS 386-Q | ABUT CRCO IMP Ø3.8 C/ PTQH 18 | 403473;186008
1157;185987 - EUCLAC 400-Q | ABUT CRCO IMP Ø4.1 C/ PTQ2006 | 403452;185987
1158;185988 - EUCLAC 406-Q | ABUT CRCO IMP Ø4.1 C/ PTQ2006 | 403453;185988
1159;186009 - EUCLAS 456-Q | ABUT CRCO IMP Ø4.5 C/ PTQH 18 | 403474;186009
1160;185985 - EUCLA 500-Q | ABUT CRCO IMP Ø5.0 C/ PTQ2008 | 403450;185985
1161;185986 - EUCLA 506-Q | ABUT CRCO IMP Ø5.0 C/ PTQ2008 | 403451;185986
1162;185991 - EUCLAM 3501-H | ABUT CRCO MORSE Ø3,5 X 1MM | 403456;185991
1163;185992 - EUCLAM 3502-H | ABUT CRCO MORSE Ø3,5 X 2MM | 403457;185992
1164;185993 - EUCLAM 3503-H | ABUT CRCO MORSE Ø3,5 X 3MM | 403458;185993
1165;185994 - EUCLAM 3504-H | ABUT CRCO MORSE Ø3,5 X 4MM | 403459;185994
1166;185995 - EUCLAM 4501-H | ABUT CRCO MORSE Ø4,5 X 1MM | 403460;185995
1167;185996 - EUCLAM 4502-H | ABUT CRCO MORSE Ø4,5 X 2MM | 403461;185996
1168;185997 - EUCLAM 4503-H | ABUT CRCO MORSE Ø4,5 X 3MM | 403462;185997
1169;185998 - EUCLAM 4504-H | ABUT CRCO MORSE Ø4,5 X 4MM | 403463;185998
1170;185977 - EUCLA 366-Q | ABUT CRCO P/ IMP Ø4.1 C/ PTQ2008 | 403442;185977
1171;186491 - MAAM 4802 | ABUT MINI ANG MORSE ALT. 2 | 403956;186491
1172;187150 - MAAM 4802I | ABUT MINI ANG MORSE ALT. 2 X 17° INDEX | 555712;187150
1173;187153 - MAAM 4832I | ABUT MINI ANG MORSE ALT. 2 X 30° INDEX | 555715;187153
1174;187151 - MAAM 4803I | ABUT MINI ANG MORSE ALT. 3 X 17° INDEX | 555713;187151
1175;187154 - MAAM 4833I | ABUT MINI ANG MORSE ALT. 3 X 30° INDEX | 555716;187154
1176;186493 - MAAM 4804 | ABUT MINI ANG MORSE ALT. 4 | 403958;186493
1177;187152 - MAAM 4804I | ABUT MINI ANG MORSE ALT. 4 X 17° INDEX | 555714;187152
1178;186477 - MAA 3632 | ABUT MINI ANG Ø3,6 X 2 X 30° | 403942;186477
1179;186475 - MAA 3602 | ABUT MINI ANG Ø3,6 X 2MM | 403940;186475
1180;186478 - MAA 3634 | ABUT MINI ANG Ø3,6 X 4 X 30° | 403943;186478
1181;186476 - MAA 3604 | ABUT MINI ANG Ø3,6 X 4MM | 403941;186476
1182;186483 - MAAH 3802 | ABUT MINI ANG Ø3.8X2 | 403948;186483
1183;186487 - MAAHS 3802 | ABUT MINI ANG Ø3.8X2 | 403952;186487
1184;186484 - MAAH 3803 | ABUT MINI ANG Ø3.8X3 | 403949;186484
1185;186488 - MAAHS 3803 | ABUT MINI ANG Ø3.8X3 | 403953;186488
1186;186479 - MAA 4102 | ABUT MINI ANG Ø4.1X2 | 403944;186479
1187;186481 - MAA 4132 | ABUT MINI ANG Ø4.1X2X30º | 403946;186481
1188;186480 - MAA 4103 | ABUT MINI ANG Ø4.1X3 | 403945;186480
1189;186482 - MAA 4134 | ABUT MINI ANG Ø4.1X4X30º | 403947;186482
1190;186485 - MAAH 4502 | ABUT MINI ANG Ø4.5X2 | 403950;186485
1191;186489 - MAAHS 4502 | ABUT MINI ANG Ø4.5X2 | 403954;186489
1192;186486 - MAAH 4503 | ABUT MINI ANG Ø4.5X3 | 403951;186486
1193;186490 - MAAHS 4503 | ABUT MINI ANG Ø4.5X3 | 403955;186490
1194;187156 - MAMA 1715I | ABUT MINI ANG Ø4.8X1.5MMX17° INDEX | 555718;187156
1195;187159 - MAMA 3015I | ABUT MINI ANG Ø4.8X1.5MMX30° INDEX | 555721;187159
1196;187157 - MAMA 1725I | ABUT MINI ANG Ø4.8X2.5MMX17° INDEX | 555719;187157
1197;187429 - MAMA 3025I | ABUT MINI ANG Ø4.8X2.5MMX30° INDEX | 601067;187429
1198;187158 - MAMA 1735I | ABUT MINI ANG Ø4.8X3.5MMX17° INDEX | 555720;187158
1199;187160 - MAMA 3035I | ABUT MINI ANG Ø4.8X3.5MMX30° INDEX | 555722;187160
1200;186494 - MAB 502 | ABUT MINI BIS Ø5.0X2 | 403959;186494
1201;186504 - MAM 4801C | ABUT MINI CONE MORSE Ø4.8X1 | 403969;186504
1202;186505 - MAM 4802C | ABUT MINI CONE MORSE Ø4.8X2 | 403970;186505
1203;186506 - MAM 4803C | ABUT MINI CONE MORSE Ø4.8X3 | 403971;186506
1204;186507 - MAM 4804C | ABUT MINI CONE MORSE Ø4.8X4 | 403972;186507
1205;186455 - MA 3601 | ABUT MINI HEX EXT Ø3,6 X 1MM | 403920;186455
1206;186456 - MA 3602 | ABUT MINI HEX EXT Ø3,6 X 2MM | 403921;186456
1207;186457 - MA 3603 | ABUT MINI HEX EXT Ø3,6 X 3MM | 403922;186457
1208;186458 - MA 3604 | ABUT MINI HEX EXT Ø3,6 X 4MM | 403923;186458
1209;186463 - MA 4101 | ABUT MINI HEX EXT Ø4.1X1 | 403928;186463
1210;186464 - MA 4102 | ABUT MINI HEX EXT Ø4.1X2 | 403929;186464
1211;186465 - MA 4103 | ABUT MINI HEX EXT Ø4.1X3 | 403930;186465
1212;186466 - MA 4104 | ABUT MINI HEX EXT Ø4.1X4 | 403931;186466
1213;186471 - MA 5001 | ABUT MINI HEX EXT Ø5.0X1 | 403936;186471
1214;186472 - MA 5002 | ABUT MINI HEX EXT Ø5.0X2 | 403937;186472
1215;186473 - MA 5003 | ABUT MINI HEX EXT Ø5.0X3 | 403938;186473
1216;186474 - MA 5004 | ABUT MINI HEX EXT Ø5.0X4 | 403939;186474
1217;186460 - MA 3802 | ABUT MINI HEX INT Ø3,8 X 2MM | 403925;186460
1218;186459 - MA 3801 | ABUT MINI HEX INT Ø3.8X1 | 403924;186459
1219;186524 - MAS 3801 | ABUT MINI HEX INT Ø3.8X1 | 403989;186524
1220;186525 - MAS 3802 | ABUT MINI HEX INT Ø3.8X2 | 403990;186525
1221;186461 - MA 3803 | ABUT MINI HEX INT Ø3.8X3 | 403926;186461
1222;186526 - MAS 3803 | ABUT MINI HEX INT Ø3.8X3 | 403991;186526
1223;186462 - MA 3804 | ABUT MINI HEX INT Ø3.8X4 | 403927;186462
1224;186527 - MAS 3804 | ABUT MINI HEX INT Ø3.8X4 | 403992;186527
1225;186467 - MA 4501 | ABUT MINI HEX INT Ø4.5X1 | 403932;186467
1226;186528 - MAS 4501 | ABUT MINI HEX INT Ø4.5X1 | 403993;186528
1227;186468 - MA 4502 | ABUT MINI HEX INT Ø4.5X2 | 403933;186468
1228;186529 - MAS 4502 | ABUT MINI HEX INT Ø4.5X2 | 403994;186529
1229;186469 - MA 4503 | ABUT MINI HEX INT Ø4.5X3 | 403934;186469
1230;186530 - MAS 4503 | ABUT MINI HEX INT Ø4.5X3 | 403995;186530
1231;186470 - MA 4504 | ABUT MINI HEX INT Ø4.5X4 | 403935;186470
1232;186531 - MAS 4504 | ABUT MINI HEX INT Ø4.5X4 | 403996;186531
1233;187051 - AMCMU 4808 | ABUT MULTIFUNCIONAL CM11,5° ALT 0,8MM  | 423469;187051
1234;187052 - AMCMU 4815 | ABUT MULTIFUNCIONAL CM11,5° ALT 1,5MM | 423470;187052
1235;187053 - AMCMU 4825 | ABUT MULTIFUNCIONAL CM11,5° ALT 2,5MM | 423471;187053
1236;187054 - AMCMU 4835 | ABUT MULTIFUNCIONAL CM11,5° ALT 3,5MM | 423472;187054
1237;187055 - AMCMU 4845 | ABUT MULTIFUNCIONAL CM11,5° ALT 4,5MM | 423473;187055
1238;187056 - AMCMU 4855 | ABUT MULTIFUNCIONAL CM11,5° ALT 5,5MM | 423474;187056
1239;187042 - AMCM 4801 | ABUT MULTIFUNCIONAL CM16° ALT 1,0MM | 423460;187042
1240;187043 - AMCM 4802 | ABUT MULTIFUNCIONAL CM16° ALT 2,0MM | 423461;187043
1241;187044 - AMCM 4803 | ABUT MULTIFUNCIONAL CM16° ALT 3,0MM | 423462;187044
1242;187045 - AMCM 4804 | ABUT MULTIFUNCIONAL CM16° ALT 4,0MM | 423463;187045
1243;186978 - UCLA 400-Q | ABUT PLA IMP S/ HEX Ø4.1 C/PTQ2008 | 404443;186978
1244;185835 - CPAC 00-3 | ABUT PLAS ABUT CONICO C/ PRH30 | 403300;185835
1245;187113 - UCLAU | ABUT PLAS IMP UNIDENT  | 424278;187113
1246;185857 - CPM 4800-2 | ABUT PLAS MINI ABUT C/ PRH 20 | 403322;185857
1247;185858 - CPM 4800-3 | ABUT PLAS MINI ABUT C/ PRH 30 | 403323;185858
1248;186992 - UCLAS 386-Q | ABUT PLAST P/ IMP C/HEX Ø3.8 C/ PTQH 18 | 404457;186992
1249;186994 - UCLAS 456-Q | ABUT PLAST P/ IMP C/HEX Ø4.5 C/ PTQH 18 | 404459;186994
1250;186991 - UCLAS 380-Q | ABUT PLAST P/ IMP S/HEX Ø3.8 C/ PTQH 18 | 404456;186991
1251;186993 - UCLAS 450-Q | ABUT PLAST P/ IMP S/HEX Ø4.5 C/ PTQH 18 | 404458;186993
1252;186990 - UCLAS | ABUT PLASTICA STANDART | 404455;186990
1253;186644 - PPAC 01 | ABUT POLIMENTO CONICO | 404109;186644
1254;186645 - PPI 41 | ABUT POLIMENTO IMP Ø4.1 | 404110;186645
1255;186646 - PPI 4100 | ABUT POLIMENTO IMP Ø4.1 | 404111;186646
1256;186647 - PPM 01 | ABUT POLIMENTO MINI ABUT | 404112;186647
1257;186569 - PA 4855 | ABUT PROTETOR CONICO Ø5.0 | 404034;186569
1258;186570 - PAS | ABUT PROTETOR STANDART | 404035;186570
1259;186966 - TMM 33 | ABUT TRANS DO MICRO MINI ABUTMENT | 404431;186966
1260;187104 - TMM 3306 | ABUT TRANS DO MICRO MINI ABUTMENT INDEX | 423535;187104
1261;186965 - TMIM 06 | ABUT TRANS IMP MICRO MINI C/H | 404430;186965
1262;186963 - TMFM 4800 | ABUT TRANS M F ABUT Ø4.8 | 404428;186963
1263;186951 - TMFI 3438 | ABUT TRANS M F IMP HEX 2.5X3.8 | 404416;186951
1264;186953 - TMFI 4105 | ABUT TRANS M F IMP HEX 2.7X4,1 | 404418;186953
1265;186956 - TMFI 5005 | ABUT TRANS M F IMP HEX 2.7X5.5 | 404421;186956
1266;186961 - TMFIS 38 | ABUT TRANS M F IMP HEX 3.8X4.0 | 404426;186961
1267;186962 - TMFIS 45 | ABUT TRANS M F IMP HEX 4.5X5.0 | 404427;186962
1268;186928 - TMAA 4800 | ABUT TRANS MOL A ABUT Ø4.8 | 404393;186928
1269;186929 - TMAA 4806 | ABUT TRANS MOL A ABUT Ø4.8 | 404394;186929
1270;186932 - TMAI 4105 | ABUT TRANS MOL A IMP HEX 2.7X4,1 | 404397;186932
1271;186935 - TMAI 5005 | ABUT TRANS MOL A IMP HEX2.7X5.0 | 404400;186935
1272;186943 - TMAU 3406 | ABUT TRANS MOL A IMP UNIDENTE | 404408;186943
1273;186931 - TMAI 3605 | ABUT TRANS MOL ABE 3,6 X 5,0MM | 404396;186931
1274;186942 - TMAS | ABUT TRANS MOL ABER ABUT STAND | 404407;186942
1275;186940 - TMAM 4800 | ABUT TRANS MOL ABER ABUT Ø4.8 | 404405;186940
1276;186937 - TMAIM 35C | ABUT TRANS MOL ABER MORSE Ø3,5MM | 404402;186937
1277;186938 - TMAIM 45C | ABUT TRANS MOL ABER MORSE Ø4,5 | 404403;186938
1278;186939 - TMAIS 45 | ABUT TRANS MOL ABERTA 4,5 | 404404;186939
1279;186952 - TMFI 3605 | ABUT TRANS MOL FEC 3,6 X 5,0MM | 404417;186952
1280;186958 - TMFIM 35C | ABUT TRANS MOL FEC MORSE Ø3,5MM | 404423;186958
1281;186948 - TMFA 4800 | ABUT TRANS MOLD FEC ABUT Ø4.8 | 404413;186948
1282;186949 - TMFA 4806 | ABUT TRANS MOLD FEC ABUT Ø4.8 | 404414;186949
1283;186960 - TMFIM 45C | ABUT TRANS MOLD FEC MORSE Ø4.5 | 404425;186960
1284;186941 - TMAMU | ABUT TRANSF MOL ABER MORSE | 404406;186941
1285;186930 - TMAHE 36 | ABUT TRANSF MOL ABERTA HE Ø3,6MM | 404395;186930
1286;186950 - TMFHE 36 | ABUT TRANSF MOL FECHADA HE Ø3,6MM | 404415;186950
1287;186964 - TMFMU | ABUT TRANSF MOL MORSE | 404429;186964
1288;185537 - AIUNHE 334002 | ABUT UNIV. CIMENTADO HE Ø3,6XØ3,3X2X4MM | 403002;185537
1289;185540 - AIUNHE 336002 | ABUT UNIV. CIMENTADO HE Ø3,6XØ3,3X2X6MM | 403005;185540
1290;185538 - AIUNHE 334003 | ABUT UNIV. CIMENTADO HE Ø3,6XØ3,3X3X4MM | 403003;185538
1291;185541 - AIUNHE 336003 | ABUT UNIV. CIMENTADO HE Ø3,6XØ3,3X3X6MM | 403006;185541
1292;185539 - AIUNHE 334004 | ABUT UNIV. CIMENTADO HE Ø3,6XØ3,3X4X4MM | 403004;185539
1293;185542 - AIUNHE 336004 | ABUT UNIV. CIMENTADO HE Ø3,6XØ3,3X4X6MM | 403007;185542
1294;172719 - 702.141 | ABUT. ANGULADO 17º MN Ø4.1 X 3MM | 398492;172719
1295;172720 - 702.142 | ABUT. ANGULADO 17º MN Ø4.1 X 4MM | 398493;172720
1296;172709 - 702.109 | ABUT. ANGULADO 17º MN-CMN 1.5MM | 398482;172709
1297;172710 - 702.110 | ABUT. ANGULADO 17º MN-CMN 2.5MM | 398483;172710
1298;172711 - 702.111 | ABUT. ANGULADO 17º MN-CMN 3.5MM | 398484;172711
1299;172721 - 702.146 | ABUT. ANGULADO 30º MN Ø4.1 X 3MM | 398494;172721
1300;172722 - 702.147 | ABUT. ANGULADO 30º MN Ø4.1 X 4MM | 398495;172722
1301;172712 - 702.112 | ABUT. ANGULADO 30º MN-CMN 1.5MM | 398485;172712
1302;172713 - 702.113 | ABUT. ANGULADO 30º MN-CMN 2.5MM | 398486;172713
1303;172714 - 702.114 | ABUT. ANGULADO 30º MN-CMN 3.5MM | 398487;172714
1304;173202 - 702.405 | ABUT. CIM. ANG. 17º CME Ø3.3 X4 X 1.5MM | 602907;173202
1305;173204 - 702.407 | ABUT. CIM. ANG. 17º CME Ø3.3 X4 X 3.5MM | 602911;173204
1306;173205 - 702.411 | ABUT. CIM. ANG. 17º CME Ø3.3 X6 X 1.5MM | 602913;173205
1307;173206 - 702.412 | ABUT. CIM. ANG. 17º CME Ø3.3 X6 X 2.5MM | 602915;173206
1308;173207 - 702.413 | ABUT. CIM. ANG. 17º CME Ø3.3 X6 X 3.5MM | 602917;173207
1309;172686 - 702.073 | ABUT. CIM. ANG. 17º CMEN Ø3.3 X4 X 1.5MM | 398459;172686
1310;172688 - 702.075 | ABUT. CIM. ANG. 17º CMEN Ø3.3 X4 X 3.5MM | 398461;172688
1311;172689 - 702.079 | ABUT. CIM. ANG. 17º CMEN Ø3.3 X6 X 1.5MM | 398462;172689
1312;172690 - 702.080 | ABUT. CIM. ANG. 17º CMEN Ø3.3 X6 X 2.5MM | 398463;172690
1313;172997 - 702.527 | ABUT. CIM. ANG. 17º CMI Ø3.3 X4 X 1.5MM | 428768;172997
1314;173003 - 702.528 | ABUT. CIM. ANG. 17º CMI Ø3.3 X4 X 2.5MM | 428774;173003
1315;172998 - 702.529 | ABUT. CIM. ANG. 17º CMI Ø3.3 X4 X 3.5MM | 428769;172998
1316;172999 - 702.533 | ABUT. CIM. ANG. 17º CMI Ø3.3 X6 X 1.5MM | 428770;172999
1317;173000 - 702.534 | ABUT. CIM. ANG. 17º CMI Ø3.3 X6 X 2.5MM | 428771;173000
1318;173004 - 702.535 | ABUT. CIM. ANG. 17º CMI Ø3.3 X6 X 3.5MM | 428775;173004
1319;173211 - 702.420 | ABUT. CIM. ANG. 30º CME 4.5 X4 X 1.5MM | 602925;173211
1320;173208 - 702.417 | ABUT. CIM. ANG. 30º CME Ø3.3 X4 X 1.5MM | 602919;173208
1321;173209 - 702.418 | ABUT. CIM. ANG. 30º CME Ø3.3 X4 X 2.5MM | 602921;173209
1322;173210 - 702.419 | ABUT. CIM. ANG. 30º CME Ø3.3 X4 X 3.5MM | 602923;173210
1323;173214 - 702.423 | ABUT. CIM. ANG. 30º CME Ø3.3 X6 X 1.5MM | 602931;173214
1324;173212 - 702.421 | ABUT. CIM. ANG. 30º CME Ø4.5 X4 X 2.5MM | 602927;173212
1325;172692 - 702.085 | ABUT. CIM. ANG. 30º CMEN Ø3.3 X4 X 1.5MM | 398465;172692
1326;172693 - 702.086 | ABUT. CIM. ANG. 30º CMEN Ø3.3 X4 X 2.5MM | 398466;172693
1327;172694 - 702.087 | ABUT. CIM. ANG. 30º CMEN Ø3.3 X4 X 3.5MM | 398467;172694
1328;172698 - 702.091 | ABUT. CIM. ANG. 30º CMEN Ø3.3 X6 X 1.5MM | 398471;172698
1329;172697 - 702.090 | ABUT. CIM. ANG. 30º CMEN Ø4.5 X 4 X 3.5M | 398470;172697
1330;172695 - 702.088 | ABUT. CIM. ANG. 30º CMEN Ø4.5 X4 X 1.5MM | 398468;172695
1331;172696 - 702.089 | ABUT. CIM. ANG. 30º CMEN Ø4.5 X4 X 2.5MM | 398469;172696
1332;173010 - 702.539 | ABUTMENT CIMENTADO ANGULADO 30º CMI Ø3.3 X4 X 1.5MM | 428784;173010
1333;173001 - 702.540 | ABUT. CIM. ANG. 30º CMI Ø3.3 X4 X 2.5MM | 428772;173001
1334;173002 - 702.541 | ABUT. CIM. ANG. 30º CMI Ø3.3 X4 X 3.5MM | 428773;173002
1335;173005 - 702.545 | ABUT. CIM. ANG. 30º CMI Ø3.3 X6 X 1.5MM | 428777;173005
1336;173006 - 702.542 | ABUT. CIM. ANG. 30º CMI Ø4.5 X4 X 1.5MM | 428778;173006
1337;173007 - 702.543 | ABUT. CIM. ANG. 30º CMI Ø4.5 X4 X 2.5MM | 428779;173007
1338;173008 - 702.544 | ABUT. CIM. ANG. 30º CMI Ø4.5 X4 X 3.5MM | 428780;173008
1339;185327 - AAIM 451741C | ABUT. CIM. MORSE ANG. Ø4.5X1.5X4MMX17° | 402792;185327
1340;185330 - AAIM 451761C | ABUT. CIM. MORSE ANG. Ø4.5X1.5X6MMX17° | 402795;185330
1341;185328 - AAIM 451742C | ABUT. CIM. MORSE ANG. Ø4.5X2.5X4MMX17° | 402793;185328
1342;185331 - AAIM 451762C | ABUT. CIM. MORSE ANG. Ø4.5X2.5X6MMX17° | 402796;185331
1343;185329 - AAIM 451743C | ABUT. CIM. MORSE ANG. Ø4.5X3.5X4MMX17° | 402794;185329
1344;185332 - AAIM 451763C | ABUT. CIM. MORSE ANG. Ø4.5X3.5X6MMX17° | 402797;185332
1345;178627 - EFF1501.02A.C | ABUT. ROLLINGS C/AR CR.CO. 12X18.50 Ø3.25MICRO MINI | 589464;178627
1346;178686 - EFF1505.10A.C | ABUT. ROLLINGS C/AR CR.CO. 12X18.50 Ø3.50 | 589523;178686
1347;178665 - EFF1504.09A.C | ABUT. ROLLINGS C/AR CR.CO. 12X18.50 Ø3.75 Ø4.00 | 589502;178665
1348;178634 - EFF1501.05A.C | ABUT. ROLLINGS C/AR CR.CO. 12X18.50 Ø4.30 | 589471;178634
1349;178649 - EFF1503.03A.C | ABUT. ROLLINGS C/AR CR.CO. 12X18.50 Ø4.75 E 5.00 | 589486;178649
1350;178638 - EFF1501.08A.C | ABUT. ROLLINGS C/AR CR.CO. 12X18.50 Ø5.00 | 589475;178638
1351;178631 - EFF1501.04A.C | ABUT. ROLLINGS DE CO.CR. F1537 Ø12 CE IMP. Ø3.25 - Ø4.10 PLAT. Ø4.10 RP | 589468;178631
1352;178629 - EFF1501.03A.C | ABUT. ROLLINGS DE CO.CR. F1537 Ø12 CE IMP. Ø3.30 Ø3.50 PLAT. Ø3.30 | 589466;178629
1353;178645 - EFF1503.01A.C | ABUT. ROLLINGS DE CO.CR. F1537 Ø12 CI IMP. Ø3.30 Ø3.50 PLAT. Ø3.50 | 589482;178645
1354;178647 - EFF1503.02A.C | ABUT. ROLLINGS DE CO.CR. F1537 Ø12 CI IMP. Ø3.75 Ø4.30 PLAT. Ø4.00 | 589484;178647
1355;178680 - EFF1505.05A.C | ABUT. ROLLINGS DE CO.CR. F1537 Ø12 CM IMP. Ø3.50 - Ø5.00 PLAT. Ø3.50 - Ø5.00 | 589517;178680
1356;178699 - EFF1505.29A.C | ABUT. ROLLINGS DE CO.CR. F1537 Ø12 CM IMP. Ø3.50 Ø5.00 PLAT. Ø3.00 EGM | 589536;178699
1357;178698 - EFF1505.29A | ABUT. ROLLINGS DE TITÂNIO F136 Ø12 CM IMP. Ø3.50 - Ø5.00 PLAT. Ø3.00 EGM | 589535;178698
1358;178633 - EFF1501.04A.T | ABUT. ROLLINGS DE TITÂNIO F67 Ø12 CE IMP. Ø3.25 - Ø4.10 PLAT. Ø4.10 RP | 589470;178633
1359;178628 - EFF1501.02A.T | ABUT. ROLLINGS DE TITÂNIO F67 Ø12 CE IMP. Ø3.25 Ø4.50 PLAT. Ø3.40 | 589465;178628
1360;178630 - EFF1501.03A.T | ABUT. ROLLINGS DE TITÂNIO F67 Ø12 CE IMP. Ø3.30 Ø3.50 PLAT. Ø3.30 | 589467;178630
1361;178635 - EFF1501.05A.T | ABUT. ROLLINGS DE TITÂNIO F67 Ø12 CE IMP. Ø4.30 PLAT. Ø4.30 | 589472;178635
1362;178639 - EFF1501.08A.T | ABUT. ROLLINGS DE TITÂNIO F67 Ø12 CE IMP. Ø4.50 Ø5.00 PLAT. Ø5.00 | 589476;178639
1363;178646 - EFF1503.01A.T | ABUT. ROLLINGS DE TITÂNIO F67 Ø12 CI IMP. Ø3.30 Ø3.50 PLAT. Ø3.50 | 589483;178646
1364;178666 - EFF1504.09A.T | ABUT. ROLLINGS DE TITÂNIO F67 Ø12 CI IMP. Ø3.75 - Ø5.00 PLAT. Ø4.30 Ø5.00 | 589503;178666
1365;178648 - EFF1503.02A.T | ABUT. ROLLINGS DE TITÂNIO F67 Ø12 CI IMP. Ø3.75 Ø4.30 PLAT. Ø4.00 | 589485;178648
1366;178650 - EFF1503.03A.T | ABUT. ROLLINGS DE TITÂNIO F67 Ø12 CI IMP. Ø4.75 Ø5.00 PLAT. Ø5.00 | 589487;178650
1367;178681 - EFF1505.05A.T | ABUT. ROLLINGS DE TITÂNIO F67 Ø12 CM IMP. Ø3.50 - Ø5.00 PLAT. Ø3.50 - Ø5.00 | 589518;178681
1368;178687 - EFF1505.10A.T | ABUT. ROLLINGS DE TITÂNIO F67 Ø12 CM IMP. Ø3.50 - Ø5.50 PLAT. Ø3.50 - Ø5.50 SW | 589524;178687
1369;178700 - EFF1505.29A.T | ABUT. ROLLINGS DE TITÂNIO F67 Ø12 CM IMP. Ø3.50 Ø5.00 PLAT. Ø3.00 EGM | 589537;178700
1370;173203 - 702.406 | ABUT.CIM. ANG. 17º CME Ø3.3 X 4 X 2.5MM | 602909;173203
1371;172687 - 702.074 | ABUT.CIM. ANG. 17º CMEN Ø3.3 X 4 X 2.5MM | 398460;172687
1372;173213 - 702.422 | ABUT.CIM. ANG. 30º CME Ø4.5 X 4 X 3.5MM | 602929;173213
1373;173111 - 702.611 | ABUTMENT ANGULADO 17° MN -CMI 1.5MM | 602725;173111
1374;173112 - 702.612 | ABUTMENT ANGULADO 17° MN -CMI 2.5MM | 602727;173112
1375;173113 - 702.613 | ABUTMENT ANGULADO 17° MN -CMI 3.5MM | 602729;173113
1376;172718 - 702.140 | ABUTMENT ANGULADO 17º MN Ø4.1 X 2MM | 398491;172718
1377;173114 - 702.614 | ABUTMENT ANGULADO 30° MN -CMI 1.5MM | 602731;173114
1378;173115 - 702.615 | ABUTMENT ANGULADO 30° MN -CMI 2.5MM | 602733;173115
1379;173116 - 702.616 | ABUTMENT ANGULADO 30° MN -CMI 3.5MM | 602735;173116
1380;172910 - 702.436 | ABUTMENT CAD CME Ø3.5 X 0.5 X 4MM | 398683;172910
1381;173133 - 702.450 | ABUTMENT CAD CME Ø3.5 X 0.5 X 6MM | 602769;173133
1382;172911 - 702.437 | ABUTMENT CAD CME Ø3.5 X 1 X 4MM | 398684;172911
1383;173134 - 702.451 | ABUTMENT CAD CME Ø3.5 X 1 X 6MM | 602771;173134
1384;172912 - 702.438 | ABUTMENT CAD CME Ø3.5 X 1.5 X 4MM | 398685;172912
1385;173135 - 702.452 | ABUTMENT CAD CME Ø3.5 X 1.5 X 6MM | 602773;173135
1386;172913 - 702.439 | ABUTMENT CAD CME Ø3.5 X 2 X 4MM | 398686;172913
1387;173136 - 702.453 | ABUTMENT CAD CME Ø3.5 X 2 X 6MM | 602775;173136
1388;172914 - 702.440 | ABUTMENT CAD CME Ø3.5 X 2.5 X 4MM | 398687;172914
1389;173137 - 702.454 | ABUTMENT CAD CME Ø3.5 X 2.5 X 6MM | 602777;173137
1390;172915 - 702.441 | ABUTMENT CAD CME Ø3.5 X 3.5 X 4MM | 398688;172915
1391;173138 - 702.455 | ABUTMENT CAD CME Ø3.5 X 3.5 X 6MM | 602779;173138
1392;172916 - 702.442 | ABUTMENT CAD CME Ø3.5 X 4.5 X 4MM | 398689;172916
1393;173139 - 702.456 | ABUTMENT CAD CME Ø3.5 X 4.5 X 6MM | 602781;173139
1394;172928 - 702.464 | ABUTMENT CAD CME Ø4.5 X 0.5 X 4MM | 398701;172928
1395;172929 - 702.465 | ABUTMENT CAD CME Ø4.5 X 1 X 4MM | 398702;172929
1396;172930 - 702.466 | ABUTMENT CAD CME Ø4.5 X 1.5 X 4MM | 398703;172930
1397;172931 - 702.467 | ABUTMENT CAD CME Ø4.5 X 2 X 4MM | 398704;172931
1398;172932 - 702.468 | ABUTMENT CAD CME Ø4.5 X 2.5 X 4MM | 398705;172932
1399;172933 - 702.469 | ABUTMENT CAD CME Ø4.5 X 3.5 X 4MM | 398706;172933
1400;172934 - 702.470 | ABUTMENT CAD CME Ø4.5 X 4.5 X 4MM | 398707;172934
1401;172927 - 702.489 | ABUTMENT CAD CMN - 3MM | 398700;172927
1402;172926 - 702.490 | ABUTMENT CAD CMN - 4MM | 398699;172926
1403;172919 - 702.500 | ABUTMENT CAD CMNR - 4MM | 398692;172919
1404;172920 - 702.493 | ABUTMENT CAD HE 4.1 X 5.0 X 0.7 X 4MM | 398693;172920
1405;172921 - 702.494 | ABUTMENT CAD HE 4.1 X 5.0 X 1.5 X 4MM | 398694;172921
1406;172922 - 702.495 | ABUTMENT CAD HE 4.1 X 5.0 X 2.5 X 4MM | 398695;172922
1407;172923 - 702.496 | ABUTMENT CAD HES 4.1 X 5.0 X 0.7 X 4MM | 398696;172923
1408;172924 - 702.497 | ABUTMENT CAD HES 4.1 X 5.0 X 1.5 X 4MM | 398697;172924
1409;172925 - 702.498 | ABUTMENT CAD HES 4.1 X 5.0 X 2.5 X 4MM | 398698;172925
1410;172917 - 702.485 | ABUTMENT CAD MN - 3MM | 398690;172917
1411;172918 - 702.486 | ABUTMENT CAD MN - 4MM | 398691;172918
1412;185616 - APSIT 334008 | ABUTMENT CIM PASSANTE SIT Ø3.3X0.8X4MM | 403081;185616
1413;185622 - APSIT 336008 | ABUTMENT CIM PASSANTE SIT Ø3.3X0.8X6MM | 403087;185622
1414;185617 - APSIT 334015 | ABUTMENT CIM PASSANTE SIT Ø3.3X1.5X4MM | 403082;185617
1415;185623 - APSIT 336015 | ABUTMENT CIM PASSANTE SIT Ø3.3X1.5X6MM | 403088;185623
1416;185618 - APSIT 334025 | ABUTMENT CIM PASSANTE SIT Ø3.3X2.5X4MM | 403083;185618
1417;185624 - APSIT 336025 | ABUTMENT CIM PASSANTE SIT Ø3.3X2.5X6MM | 403089;185624
1418;185619 - APSIT 334035 | ABUTMENT CIM PASSANTE SIT Ø3.3X3.5X4MM | 403084;185619
1419;185625 - APSIT 336035 | ABUTMENT CIM PASSANTE SIT Ø3.3X3.5X6MM | 403090;185625
1420;185620 - APSIT 334045 | ABUTMENT CIM PASSANTE SIT Ø3.3X4.5X4MM | 403085;185620
1421;185626 - APSIT 336045 | ABUTMENT CIM PASSANTE SIT Ø3.3X4.5X6MM | 403091;185626
1422;185621 - APSIT 334055 | ABUTMENT CIM PASSANTE SIT Ø3.3X5.5X4MM | 403086;185621
1423;185627 - APSIT 336055 | ABUTMENT CIM PASSANTE SIT Ø3.3X5.5X6MM | 403092;185627
1424;185628 - APSIT 454008 | ABUTMENT CIM PASSANTE SIT Ø4.5X0.8X4MM | 403093;185628
1425;174720 - 15403099 | PILAR ANGULADO 15ºX4,0 HEX.EXT.5,0 | 399870;174720
1426;185629 - APSIT 454015 | ABUTMENT CIM PASSANTE SIT Ø4.5X1.5X4MM | 403094;185629
1427;185635 - APSIT 456015 | ABUTMENT CIM PASSANTE SIT Ø4.5X1.5X6MM | 403100;185635
1428;185630 - APSIT 454025 | ABUTMENT CIM PASSANTE SIT Ø4.5X2.5X4MM | 403095;185630
1429;185636 - APSIT 456025 | ABUTMENT CIM PASSANTE SIT Ø4.5X2.5X6MM | 403101;185636
1430;185631 - APSIT 454035 | ABUTMENT CIM PASSANTE SIT Ø4.5X3.5X4MM | 403096;185631
1431;185637 - APSIT 456035 | ABUTMENT CIM PASSANTE SIT Ø4.5X3.5X6MM | 403102;185637
1432;185632 - APSIT 454045 | ABUTMENT CIM PASSANTE SIT Ø4.5X4.5X4MM | 403097;185632
1433;185638 - APSIT 456045 | ABUTMENT CIM PASSANTE SIT Ø4.5X4.5X6MM | 403103;185638
1434;185633 - APSIT 454055 | ABUTMENT CIM PASSANTE SIT Ø4.5X5.5X4MM | 403098;185633
1435;185639 - APSIT 456055 | ABUTMENT CIM PASSANTE SIT Ø4.5X5.5X6MM | 403104;185639
1436;172748 - 702.239 | ABUTMENT CIM. ANG. 17º HE Ø4.1 X 1MM | 398521;172748
1437;172749 - 702.240 | ABUTMENT CIM. ANG. 17º HE Ø4.1 X 2MM | 398522;172749
1438;172750 - 702.241 | ABUTMENT CIM. ANG. 17º HE Ø4.1 X 3MM | 398523;172750
1439;172751 - 702.242 | ABUTMENT CIM. ANG. 17º HE Ø4.1 X 4MM | 398524;172751
1440;185596 - APASIT 343025 | ABUTMENT CIM. ANG. PASSANTE SIT Ø3,3 X 2 | 403061;185596
1441;185601 - APASIT 363015 | ABUTMENT CIM. ANG. SIT Ø3.3X1.5X6MMX30° | 403066;185601
1442;185604 - APASIT 441715 | ABUTMENT CIM. ANG. SIT Ø4.5X1.5X4MMX17° | 403069;185604
1443;185607 - APASIT 443015 | ABUTMENT CIM. ANG. SIT Ø4.5X1.5X4MMX30° | 403072;185607
1444;185610 - APASIT 461715 | ABUTMENT CIM. ANG. SIT Ø4.5X1.5X6MMX17° | 403075;185610
1445;185613 - APASIT 463015 | ABUTMENT CIM. ANG. SIT Ø4.5X1.5X6MMX30° | 403078;185613
1446;185605 - APASIT 441725 | ABUTMENT CIM. ANG. SIT Ø4.5X2.5X4MMX17° | 403070;185605
1447;185608 - APASIT 443025 | ABUTMENT CIM. ANG. SIT Ø4.5X2.5X4MMX30° | 403073;185608
1448;185611 - APASIT 461725 | ABUTMENT CIM. ANG. SIT Ø4.5X2.5X6MMX17° | 403076;185611
1449;185614 - APASIT 463025 | ABUTMENT CIM. ANG. SIT Ø4.5X2.5X6MMX30° | 403079;185614
1450;185606 - APASIT 441735 | ABUTMENT CIM. ANG. SIT Ø4.5X3.5X4MMX17° | 403071;185606
1451;185609 - APASIT 443035 | ABUTMENT CIM. ANG. SIT Ø4.5X3.5X4MMX30° | 403074;185609
1452;185612 - APASIT 461735 | ABUTMENT CIM. ANG. SIT Ø4.5X3.5X6MMX17° | 403077;185612
1453;185615 - APASIT 463035 | ABUTMENT CIM. ANG. SIT Ø4.5X3.5X6MMX30° | 403080;185615
1454;173219 - 702.357 | ABUTMENT CIM. RETO CM 3.3 X 4.0 X 0.8mm | 602941;173219
1455;173220 - 702.369 | ABUTMENT CIM. RETO CM 3.3 X 6.0 X 0.8mm | 602943;173220
1456;173221 - 702.363 | ABUTMENT CIM. RETO CM 4.5 X 4.0 X 0.8mm | 602945;173221
1457;173222 - 702.375 | ABUTMENT CIM. RETO CM 4.5 X 6.0 X 0.8mm | 602947;173222
1458;173009 - 702.361 | ABUTMENT CIM.RETO CM Ø3.3 X 4.0 X 4.5MM | 428782;173009
1459;173011 - 702.373 | ABUTMENT CIMENTADO RETO CM Ø3.3 X 6.0 X 4.5MM | 428785;173011
1460;173012 - 702.367 | ABUTMENT CIMENTADO RETO CM Ø4.5 X 4.0 X 4.5MM | 428786;173012
1461;173013 - 702.379 | ABUTMENT CIMENTADO RETO CM Ø4.5 X 6.0 X 4.5MM | 428787;173013
1462;173121 - 702.382 | ABUTMENT CIM.RETO CME Ø3.3x4.0x1.5MM | 602745;173121
1463;173122 - 702.383 | ABUTMENT CIM.RETO CME Ø3.3x4.0x2.5MM | 602747;173122
1464;173123 - 702.384 | ABUTMENT CIM.RETO CME Ø3.3x4.0x3.5MM | 602749;173123
1465;173127 - 702.394 | ABUTMENT CIM.RETO CME Ø3.3x6.0x1.5MM | 602757;173127
1466;173128 - 702.395 | ABUTMENT CIM.RETO CME Ø3.3x6.0x2.5MM | 602759;173128
1467;173129 - 702.396 | ABUTMENT CIM.RETO CME Ø3.3x6.0x3.5MM | 602761;173129
1468;173124 - 702.388 | ABUTMENT CIM.RETO CME Ø4.5x4.0x1.5MM | 602751;173124
1469;173125 - 702.389 | ABUTMENT CIM.RETO CME Ø4.5x4.0x2.5MM | 602753;173125
1470;173126 - 702.390 | ABUTMENT CIM.RETO CME Ø4.5x4.0x3.5MM | 602755;173126
1471;173130 - 702.400 | ABUTMENT CIM.RETO CME Ø4.5x6.0x1.5MM | 602763;173130
1472;173131 - 702.401 | ABUTMENT CIM.RETO CME Ø4.5x6.0x2.5MM | 602765;173131
1473;173132 - 702.402 | ABUTMENT CIM.RETO CME Ø4.5x6.0x3.5MM | 602767;173132
1474;173014 - 702.504 | ABUTMENT CIMENTADO RETO CMI Ø3.3 X 4.0 X 1.5MM | 428788;173014
1475;173015 - 702.505 | ABUTMENT CIMENTADO RETO CMI Ø3.3 X 4.0 X 2.5MM | 428789;173015
1476;173016 - 702.506 | ABUTMENT CIMENTADO RETO CMI Ø3.3 X 4.0 X 3.5MM | 428790;173016
1477;173017 - 702.516 | ABUTMENT CIMENTADO RETO CMI Ø3.3 X 6.0 X 1.5MM | 428791;173017
1478;173018 - 702.517 | ABUTMENT CIMENTADO RETO CMI Ø3.3 X 6.0 X 2.5MM | 428792;173018
1479;173019 - 702.518 | ABUTMENT CIMENTADO RETO CMI Ø3.3 X 6.0 X 3.5MM | 428793;173019
1480;173020 - 702.510 | ABUTMENT CIMENTADO RETO CMI Ø4.5 X 4.0 X 1.5MM | 428794;173020
1481;173021 - 702.511 | ABUTMENT CIMENTADO RETO CMI Ø4.5 X 4.0 X 2.5MM | 428795;173021
1482;173022 - 702.512 | ABUTMENT CIMENTADO RETO CMI Ø4.5 X 4.0 X 3.5MM | 428796;173022
1483;173023 - 702.522 | ABUTMENT CIMENTADO RETO CMI Ø4.5 X 6.0 X 1.5MM | 428797;173023
1484;173024 - 702.523 | ABUTMENT CIMENTADO RETO CMI Ø4.5 X 6.0 X 2.5MM | 428798;173024
1485;173025 - 702.524 | ABUTMENT CIMENTADO RETO CMI Ø4.5 X 6.0 X 3.5MM | 428799;173025
1486;172674 - 702.002 | ABUTMENT CIM.RETO CMN Ø3.3 X 4.0 X 1.5MM | 398447;172674
1487;172675 - 702.003 | ABUTMENT CIM.RETO CMN Ø3.3 X 4.0 X 2.5MM | 398448;172675
1488;172676 - 702.004 | ABUTMENT CIM.RETO CMN Ø3.3 X 4.0 X 3.5MM | 398449;172676
1489;172680 - 702.014 | ABUTMENT CIM.RETO CMN Ø3.3 X 6.0 X 1.5MM | 398453;172680
1490;172681 - 702.015 | ABUTMENT CIM.RETO CMN Ø3.3 X 6.0 X 2.5MM | 398454;172681
1491;172682 - 702.016 | ABUTMENT CIM.RETO CMN Ø3.3 X 6.0 X 3.5MM | 398455;172682
1492;172677 - 702.008 | ABUTMENT CIM.RETO CMN Ø4.5 X 4.0 X 1.5MM | 398450;172677
1493;172678 - 702.009 | ABUTMENT CIM.RETO CMN Ø4.5 X 4.0 X 2.5MM | 398451;172678
1494;172679 - 702.010 | ABUTMENT CIM.RETO CMN Ø4.5 X 4.0 X 3.5MM | 398452;172679
1495;172683 - 702.020 | ABUTMENT CIM.RETO CMN Ø4.5 X 6.0 X 1.5MM | 398456;172683
1496;172684 - 702.021 | ABUTMENT CIM.RETO CMN Ø4.5 X 6.0 X 2.5MM | 398457;172684
1497;172685 - 702.022 | ABUTMENT CIM.RETO CMN Ø4.5 X 6.0 X 3.5MM | 398458;172685
1498;172736 - 702.207 | ABUTMENT CIM.RETO HE Ø4.1 X 1MM | 398509;172736
1499;172737 - 702.208 | ABUTMENT CIM.RETO HE Ø4.1 X 2MM | 398510;172737
1500;172738 - 702.209 | ABUTMENT CIM.RETO HE Ø4.1 X 3MM | 398511;172738
1501;172739 - 702.210 | ABUTMENT CIM.RETO HE Ø4.1 X 4MM | 398512;172739
1502;173094 - 702.575 | ABUTMENT CIMENTADO ANG. 17° CMEI Ø3.3 X 4.0 X 1.5MM | 602691;173094
1503;173095 - 702.576 | ABUTMENT CIMENTADO ANG. 17° CMEI Ø3.3 X 4.0 X 2.5MM | 602693;173095
1504;173096 - 702.577 | ABUTMENT CIMENTADO ANG. 17° CMEI Ø3.3 X 4.0 X 3.5MM | 602695;173096
1505;173097 - 702.581 | ABUTMENT CIMENTADO ANG. 17° CMEI Ø3.3 X 6.0 X 1.5MM | 602697;173097
1506;175055 - 30602699 | T-BASE S NP 1,5 | 400205;175055
1507;173099 - 702.583 | ABUTMENT CIMENTADO ANG. 17° CMEI Ø3.3 X 6.0 X 3.5MM | 602701;173099
1508;173100 - 702.587 | ABUTMENT CIMENTADO ANG. 30° CMEI Ø3.3 X 4.0 X 1.5MM | 602703;173100
1509;173101 - 702.588 | ABUTMENT CIMENTADO ANG. 30° CMEI Ø3.3 X 4.0 X 2.5MM | 602705;173101
1510;173102 - 702.589 | ABUTMENT CIMENTADO ANG. 30° CMEI Ø3.3 X 4.0 X 3.5MM | 602707;173102
1511;173103 - 702.590 | ABUTMENT CIMENTADO ANG. 30° CMEI Ø4.5 X 4.0 X 1.5MM | 602709;173103
1512;173104 - 702.591 | ABUTMENT CIMENTADO ANG. 30° CMEI Ø4.5 X 4.0 X 2.5MM | 602711;173104
1513;173105 - 702.592 | ABUTMENT CIMENTADO ANG. 30° CMEI Ø4.5 X 4.0 X 3.5MM | 602713;173105
1514;185321 - AAIM 331741C | ABUTMENT CIMENTADO MORSE ANGULADO Ø3,3 X | 402786;185321
1515;185453 - AIM 33401C | ABUTMENT CIMENTADO MORSE Ø3,3 X 1 X 4MM | 402918;185453
1516;185458 - AIM 33601C | ABUTMENT CIMENTADO MORSE Ø3,3 X 1 X 6MM | 402923;185458
1517;185454 - AIM 33402C | ABUTMENT CIMENTADO MORSE Ø3,3 X 2 X 4MM | 402919;185454
1518;185459 - AIM 33602C | ABUTMENT CIMENTADO MORSE Ø3,3 X 2 X 6MM | 402924;185459
1519;185460 - AIM 33603C | ABUTMENT CIMENTADO MORSE Ø3,3 X 3 X 6MM | 402925;185460
1520;185456 - AIM 33404C | ABUTMENT CIMENTADO MORSE Ø3,3 X4 X 4MM | 402921;185456
1521;185461 - AIM 33604C | ABUTMENT CIMENTADO MORSE Ø3,3 X4X X 6MM | 402926;185461
1522;185455 - AIM 33403C | ABUTMENT CIMENTADO MORSE Ø3,3X3X4MM | 402920;185455
1523;185457 - AIM 33405C | ABUTMENT CIMENTADO MORSE Ø3.3X5X4MM | 402922;185457
1524;185462 - AIM 33605C | ABUTMENT CIMENTADO MORSE Ø3.3X5X6MM | 402927;185462
1525;185463 - AIM 45401C | ABUTMENT CIMENTADO MORSE Ø4.5X1X4MM | 402928;185463
1526;185468 - AIM 45601C | ABUTMENT CIMENTADO MORSE Ø4.5X1X6MM | 402933;185468
1527;185464 - AIM 45402C | ABUTMENT CIMENTADO MORSE Ø4.5X2X4MM | 402929;185464
1528;185469 - AIM 45602C | ABUTMENT CIMENTADO MORSE Ø4.5X2X6MM | 402934;185469
1529;185465 - AIM 45403C | ABUTMENT CIMENTADO MORSE Ø4.5X3X4MM | 402930;185465
1530;185470 - AIM 45603C | ABUTMENT CIMENTADO MORSE Ø4.5X3X6MM | 402935;185470
1531;185466 - AIM 45404C | ABUTMENT CIMENTADO MORSE Ø4.5X4X4MM | 402931;185466
1532;185471 - AIM 45604C | ABUTMENT CIMENTADO MORSE Ø4.5X4X6MM | 402936;185471
1533;185467 - AIM 45405C | ABUTMENT CIMENTADO MORSE Ø4.5X5X4MM | 402932;185467
1534;185472 - AIM 45605C | ABUTMENT CIMENTADO MORSE Ø4.5X5X6MM | 402937;185472
1535;173077 - 702.552 | ABUTMENT CIMENTADO RETO CMEI Ø3.3 X 4.0 X 1.5MM | 602657;173077
1536;173078 - 702.553 | ABUTMENT CIMENTADO RETO CMEI Ø3.3 X 4.0 X 2.5MM | 602659;173078
1537;173079 - 702.554 | ABUTMENT CIMENTADO RETO CMEI Ø3.3 X 4.0 X 3.5MM | 602661;173079
1538;173083 - 702.564 | ABUTMENT CIMENTADO RETO CMEI Ø3.3 X 6.0 X 1.5MM | 602669;173083
1539;173084 - 702.565 | ABUTMENT CIMENTADO RETO CMEI Ø3.3 X 6.0 X 2.5MM | 602671;173084
1540;173085 - 702.566 | ABUTMENT CIMENTADO RETO CMEI Ø3.3 X 6.0 X 3.5MM | 602673;173085
1541;173080 - 702.558 | ABUTMENT CIMENTADO RETO CMEI Ø4.5 X 4.0 X 1.5MM | 602663;173080
1542;173081 - 702.559 | ABUTMENT CIMENTADO RETO CMEI Ø4.5 X 4.0 X 2.5MM | 602665;173081
1543;173082 - 702.560 | ABUTMENT CIMENTADO RETO CMEI Ø4.5 X 4.0 X 3.5MM | 602667;173082
1544;173086 - 702.570 | ABUTMENT CIMENTADO RETO CMEI Ø4.5 X 6.0 X 1.5MM | 602675;173086
1545;173087 - 702.571 | ABUTMENT CIMENTADO RETO CMEI Ø4.5 X 6.0 X 2.5MM | 602677;173087
1546;173088 - 702.572 | ABUTMENT CIMENTADO RETO CMEI Ø4.5 X 6.0 X 3.5MM | 602679;173088
1547;185501 - AISIT 334008 | ABUTMENT CIMENTADO SIT Ø3,3 X 0,8 X 4MM | 402966;185501
1548;185507 - AISIT 336008 | ABUTMENT CIMENTADO SIT Ø3,3 X 0,8 X 6MM | 402972;185507
1549;185502 - AISIT 334015 | ABUTMENT CIMENTADO SIT Ø3,3 X 1,5 X 4MM | 402967;185502
1550;185508 - AISIT 336015 | ABUTMENT CIMENTADO SIT Ø3,3 X 1,5 X 6MM | 402973;185508
1551;185503 - AISIT 334025 | ABUTMENT CIMENTADO SIT Ø3,3 X 2,5 X 4MM | 402968;185503
1552;185509 - AISIT 336025 | ABUTMENT CIMENTADO SIT Ø3,3 X 2,5 X 6MM | 402974;185509
1553;185504 - AISIT 334035 | ABUTMENT CIMENTADO SIT Ø3,3 X 3,5 X 4MM | 402969;185504
1554;185505 - AISIT 334045 | ABUTMENT CIMENTADO SIT Ø3,3 X 4,5 X 4MM | 402970;185505
1555;185511 - AISIT 336045 | ABUTMENT CIMENTADO SIT Ø3,3 X 4,5 X 6MM | 402976;185511
1556;185506 - AISIT 334055 | ABUTMENT CIMENTADO SIT Ø3,3 X 5,5 X 4MM | 402971;185506
1557;185512 - AISIT 336055 | ABUTMENT CIMENTADO SIT Ø3,3 X 5,5M X 6M | 402977;185512
1558;185510 - AISIT 336035 | ABUTMENT CIMENTADO SIT Ø3.3X3.5X6MM | 402975;185510
1559;185513 - AISIT 454008 | ABUTMENT CIMENTADO SIT Ø4.5X0.8X4MM | 402978;185513
1560;185519 - AISIT 456008 | ABUTMENT CIMENTADO SIT Ø4.5X0.8X6MM | 402984;185519
1561;185514 - AISIT 454015 | ABUTMENT CIMENTADO SIT Ø4.5X1.5X4MM | 402979;185514
1562;185520 - AISIT 456015 | ABUTMENT CIMENTADO SIT Ø4.5X1.5X6MM | 402985;185520
1563;185515 - AISIT 454025 | ABUTMENT CIMENTADO SIT Ø4.5X2.5X4MM | 402980;185515
1564;185521 - AISIT 456025 | ABUTMENT CIMENTADO SIT Ø4.5X2.5X6MM | 402986;185521
1565;185516 - AISIT 454035 | ABUTMENT CIMENTADO SIT Ø4.5X3.5X4MM | 402981;185516
1566;185522 - AISIT 456035 | ABUTMENT CIMENTADO SIT Ø4.5X3.5X6MM | 402987;185522
1567;185517 - AISIT 454045 | ABUTMENT CIMENTADO SIT Ø4.5X4.5X4MM | 402982;185517
1568;185523 - AISIT 456045 | ABUTMENT CIMENTADO SIT Ø4.5X4.5X6MM | 402988;185523
1569;185518 - AISIT 454055 | ABUTMENT CIMENTADO SIT Ø4.5X5.5X4MM | 402983;185518
1570;185524 - AISIT 456055 | ABUTMENT CIMENTADO SIT Ø4.5X5.5X6MM | 402989;185524
1571;172699 - 702.097 | ABUTMENT CMN 0.8MM | 398472;172699
1572;172700 - 702.098 | ABUTMENT CMN 1.5MM | 398473;172700
1573;172701 - 702.099 | ABUTMENT CMN 2.5MM | 398474;172701
1574;172702 - 702.100 | ABUTMENT CMN 3.5MM | 398475;172702
1575;172703 - 702.101 | ABUTMENT CMN 4.5MM | 398476;172703
1576;185361 - ACMU 4808 | ABUTMENT CÔNICO Ø4.8X0.8MM | 402826;185361
1577;185362 - ACMU 4815 | ABUTMENT CÔNICO Ø4.8X1.5MM | 402827;185362
1578;185363 - ACMU 4825 | ABUTMENT CÔNICO Ø4.8X2.5MM | 402828;185363
1579;185364 - ACMU 4835 | ABUTMENT CÔNICO Ø4.8X3.5MM | 402829;185364
1580;185365 - ACMU 4845 | ABUTMENT CÔNICO Ø4.8X4.5MM | 402830;185365
1581;185366 - ACMU 4855 | ABUTMENT CÔNICO Ø4.8X5.5MM | 402831;185366
1582;187167 - AEUM 3508 | ABUTMENT EQUATOR CM 11,5 X 3,5 X 0,8MM | 586150;187167
1583;187168 - AEUM 3515 | ABUTMENT EQUATOR CM 11,5 X 3,5 X 1,5MM | 586151;187168
1584;187164 - AEUM 3525 | ABUTMENT EQUATOR CM 11,5 X 3,5 X 2,5MM | 586147;187164
1585;187169 - AEUM 3535 | ABUTMENT EQUATOR CM 11,5 X 3,5 X 3,5MM | 586152;187169
1586;187170 - AEUM 3545 | ABUTMENT EQUATOR CM 11,5 X 3,5 X 4,5MM | 586153;187170
1587;187497 - AECM 3502 | ABUTMENT EQUATOR CM 16º X 3,5X 2,0MM | 612487;187497
1588;187498 - AECM 3503 | ABUTMENT EQUATOR CM 16º X 3,5X 3,0MM | 612488;187498
1589;187499 - AECM 3504 | ABUTMENT EQUATOR CM 16º X 3,5X 4,0MM | 612489;187499
1590;187500 - AECM 3505 | ABUTMENT EQUATOR CM 16º X 3,5X 5, 0MM | 612490;187500
1591;187501 - AECM 3506 | ABUTMENT EQUATOR CM 16º X 3,5X 6,0MM | 612491;187501
1592;187496 - AECM 3501 | ABUTMENT EQUATOR CM16 º X3,5X1,0MM | 612486;187496
1593;187503 - AEHI 3802 | ABUTMENT EQUATOR H.E | 612740;187503
1594;187504 - AEHI 3803 | ABUTMENT EQUATOR H.E | 612741;187504
1595;187505 - AEHI 3804 | ABUTMENT EQUATOR H.E | 612742;187505
1596;187506 - AEHI 3805 | ABUTMENT EQUATOR H.E | 612743;187506
1597;187507 - AEHI 3801 | ABUTMENT EQUATOR H.E | 612744;187507
1598;187508 - AEHI 3806 | ABUTMENT EQUATOR H.E | 612745;187508
1599;187122 - AEHE 4102 | PAR IMP TRYON SUP TRA Ø5.0X13 | 435521;187122
1600;187120 - AEHE 4103 | PAR IMP TRYON SUP TRA Ø5.0X8.5 | 435519;187120
1601;187115 - AEHE 4104 | ABUT TRANS MOL ABER MORSE Ø5,0 | 435514;187115
1602;187459 - AEHE 4105 | ABUTMENT EQUATOR HE DIÂM. 4,1  ALT 5,0 | 601127;187459
1603;187460 - AEHE 4106 | ABUTMENT EQUATOR HE DIÂM. 4,1  ALT 6,0 | 601129;187460
1604;173089 - 702.617 | ABUTMENT MC -CMI 0.8MM | 602681;173089
1605;173090 - 702.618 | ABUTMENT MC -CMI 1.5MM | 602683;173090
1606;173091 - 702.619 | ABUTMENT MC -CMI 2.5MM | 602685;173091
1607;173092 - 702.620 | ABUTMENT MC -CMI 3.5MM | 602687;173092
1608;173093 - 702.621 | ABUTMENT MC -CMI 4.5MM | 602689;173093
1609;172715 - 702.115 | ABUTMENT MC-CMN 0.8MM | 398488;172715
1610;172716 - 702.116 | ABUTMENT MC-CMN 1.5MM | 398489;172716
1611;172717 - 702.117 | ABUTMENT MC-CMN 2.5MM | 398490;172717
1612;173106 - 702.605 | ABUTMENT MN -CMI 0.8MM | 602715;173106
1613;173107 - 702.606 | ABUTMENT MN -CMI 1.5MM | 602717;173107
1614;173108 - 702.607 | ABUTMENT MN -CMI 2.5MM | 602719;173108
1615;173109 - 702.608 | ABUTMENT MN -CMI 3.5MM | 602721;173109
1616;173110 - 702.609 | ABUTMENT MN -CMI 4.5MM | 602723;173110
1617;172764 - 702.298 | ABUTMENT MN HE Ø3.4 X 1MM | 398537;172764
1618;172765 - 702.299 | ABUTMENT MN HE Ø3.4 X 2MM | 398538;172765
1619;172766 - 702.300 | ABUTMENT MN HE Ø3.4 X 3MM | 398539;172766
1620;172767 - 702.302 | ABUTMENT MN HE Ø4.1 X 1MM | 398540;172767
1621;172768 - 702.303 | ABUTMENT MN HE Ø4.1 X 2MM | 398541;172768
1622;173054 - 702.304 | ABUTMENT MN HE Ø4.1 X 3MM | 587261;173054
1623;172770 - 702.305 | ABUTMENT MN HE Ø4.1 X 4MM | 398543;172770
1624;172704 - 702.103 | ABUTMENT MN-CMN 0.8MM | 398477;172704
1625;172705 - 702.104 | ABUTMENT MN-CMN 1.5MM | 398478;172705
1626;172706 - 702.105 | ABUTMENT MN-CMN 2.5MM | 398479;172706
1627;172707 - 702.106 | ABUTMENT MN-CMN 3.5MM | 398480;172707
1628;172708 - 702.107 | ABUTMENT MN-CMN 4.5MM | 398481;172708
1629;184431 - 125.011 | BARRA DISTAL MINI PILAR 4.1 | 585402;184431
1630;184430 - 125.012 | BARRA DISTAL MINI PILAR 5.0 | 585400;184430
1631;184407 - 135.191 | BASE DE TITANIO C P/ CM EXACT ALT. 0.8 | 585368;184407
1632;184374 - 135.192 | BASE DE TITANIO C P/ CM EXACT ALT. 1.5 | 585293;184374
1633;184375 - 135.193 | BASE DE TITANIO C P/ CM EXACT ALT. 2.5 | 585295;184375
1634;184376 - 135.194 | BASE DE TITANIO C P/ CM EXACT ALT. 3.5 | 585296;184376
1635;184377 - 135.195 | BASE DE TITANIO C P/ CM EXACT ALT. 4.5 | 585297;184377
1636;184406 - 135.196 | BASE DE TITANIO C P/ CM EXACT ALT. 5.5 | 585367;184406
1637;183086 - 135.183 | BASE DE TITANIO C P/ HE 3.3 ALT. 0.5 | 554601;183086
1638;183087 - 135.184 | BASE DE TITANIO C P/ HE 3.3 ALT. 2.0 | 554602;183087
1639;183088 - 135.187 | BASE DE TITANIO C P/ HE 4.1/4.3 ALT. 0.5 | 554603;183088
1640;183090 - 135.190 | BASE DE TITANIO C P/ HE 4.1/4.3 ALT. 4.0 | 554605;183090
1641;184420 - 135.091 | BASE DE TITANIO CM 3.5X4X0,8 ROTACIONAL | 585384;184420
1642;184419 - 135.092 | BASE DE TITANIO CM 3.5X4X1,5 ROTACIONAL | 585383;184419
1643;184418 - 135.093 | BASE DE TITANIO CM 3.5X4X2,5 ROTACIONAL | 585380;184418
1644;184417 - 135.094 | BASE DE TITANIO CM 3.5X4X3,5 ROTACIONAL | 585379;184417
1645;184416 - 135.095 | BASE DE TITANIO CM 3.5X4X4,5 ROTACIONAL | 585378;184416
1646;184378 - 135.113 | BASE DE TITANIO CM EXACT 3.5X4X0.8 | 585299;184378
1647;182966 - 135.114 | BASE DE TITANIO CM EXACT 3.5X4X1.5 | 554481;182966
1648;184379 - 135.115 | BASE DE TITANIO CM EXACT 3.5X4X2.5 | 585300;184379
1649;184409 - 135.116 | BASE DE TITANIO CM EXACT 3.5X4X3.5 | 585370;184409
1650;184408 - 135.117 | BASE DE TITANIO CM EXACT 3.5X4X4.5 | 585369;184408
1651;183091 - 135.327 | BASE DE TITANIO GM AS 4.0X4X0.8 | 554606;183091
1652;183094 - 135.328 | BASE DE TITANIO GM AS 4.0X4X1.5 | 554609;183094
1653;183092 - 135.329 | BASE DE TITANIO GM AS 4.0X4X2.5 | 554607;183092
1654;183046 - 135.330 | BASE DE TITANIO GM AS 4.0X6X0.8 | 554561;183046
1655;183047 - 135.331 | BASE DE TITANIO GM AS 4.0X6X1.5 | 554562;183047
1656;183048 - 135.332 | BASE DE TITANIO GM AS 4.0X6X2.5 | 554563;183048
1657;183049 - 135.333 | BASE DE TITANIO GM AS 4.5X4X0.8 | 554564;183049
1658;183050 - 135.334 | BASE DE TITANIO GM AS 4.5X4X1.5 | 554565;183050
1659;183051 - 135.335 | BASE DE TITANIO GM AS 4.5X4X2.5 | 554566;183051
1660;183052 - 135.336 | BASE DE TITANIO GM AS 4.5X6X0.8 | 554567;183052
1661;183053 - 135.337 | BASE DE TITANIO GM AS 4.5X6X1.5 | 554568;183053
1662;183054 - 135.338 | BASE DE TITANIO GM AS 4.5X6X2.5 | 554569;183054
1663;183055 - 135.339 | BASE DE TITANIO GM AS 5.5X4X0.8 | 554570;183055
1664;183056 - 135.340 | BASE DE TITANIO GM AS 5.5X4X1.5 | 554571;183056
1665;183057 - 135.341 | BASE DE TITANIO GM AS 5.5X4X2.5 | 554572;183057
1666;183058 - 135.342 | BASE DE TITANIO GM AS 5.5X6X0.8 | 554573;183058
1667;183059 - 135.343 | BASE DE TITANIO GM AS 5.5X6X1.5 | 554574;183059
1668;183060 - 135.344 | BASE DE TITANIO GM AS 5.5X6X2.5 | 554575;183060
1669;183089 - 135.202 | BASE DE TITANIO GM EXACT 3.5X4X0.8 | 554604;183089
1670;183062 - 135.203 | BASE DE TITANIO GM EXACT 3.5X4X1.5 | 554577;183062
1671;183063 - 135.204 | BASE DE TITANIO GM EXACT 3.5X4X2.5 | 554578;183063
1672;183064 - 135.205 | BASE DE TITANIO GM EXACT 3.5X4X3.5 | 554579;183064
1673;183065 - 135.206 | BASE DE TITANIO GM EXACT 3.5X4X4.5 | 554580;183065
1674;184404 - 135.207 | BASE DE TITANIO GM EXACT 3.5X4X5.5 | 585365;184404
1675;183066 - 135.208 | BASE DE TITANIO GM EXACT 3.5X6X0.8 | 554581;183066
1676;183067 - 135.209 | BASE DE TITANIO GM EXACT 3.5X6X1.5 | 554582;183067
1677;183068 - 135.210 | BASE DE TITANIO GM EXACT 3.5X6X2.5 | 554583;183068
1678;183069 - 135.211 | BASE DE TITANIO GM EXACT 3.5X6X3.5 | 554584;183069
1679;183070 - 135.212 | BASE DE TITANIO GM EXACT 3.5X6X4.5 | 554585;183070
1680;183071 - 135.213 | BASE DE TITANIO GM EXACT 3.5X6X5.5 | 554586;183071
1681;183073 - 135.214 | BASE DE TITANIO GM EXACT 4.5X4X0.8 | 554588;183073
1682;183074 - 135.215 | BASE DE TITANIO GM EXACT 4.5X4X1.5 | 554589;183074
1683;183076 - 135.216 | BASE DE TITANIO GM EXACT 4.5X4X2.5 | 554591;183076
1684;183077 - 135.217 | BASE DE TITANIO GM EXACT 4.5X4X3.5 | 554592;183077
1685;183078 - 135.218 | BASE DE TITANIO GM EXACT 4.5X4X4.5 | 554593;183078
1686;183079 - 135.219 | BASE DE TITANIO GM EXACT 4.5X4X5.5 | 554594;183079
1687;183080 - 135.220 | BASE DE TITANIO GM EXACT 4.5X6X0.8 | 554595;183080
1688;183111 - 135.221 | BASE DE TITANIO GM EXACT 4.5X6X1.5 | 554626;183111
1689;183112 - 135.222 | BASE DE TITANIO GM EXACT 4.5X6X2.5 | 554627;183112
1690;183113 - 135.223 | BASE DE TITANIO GM EXACT 4.5X6X3.5 | 554628;183113
1691;183114 - 135.224 | BASE DE TITANIO GM EXACT 4.5X6X4.5 | 554643;183114
1692;183115 - 135.225 | BASE DE TITANIO GM EXACT 4.5X6X5.5 | 554644;183115
1693;183117 - 135.304 | BASE DE TITANIO GM ROTACIONAL 3.5X0.8 | 554646;183117
1694;183118 - 135.305 | BASE DE TITANIO GM ROTACIONAL 3.5X1.5 | 554647;183118
1695;183120 - 135.306 | BASE DE TITANIO GM ROTACIONAL 3.5X2.5 | 554649;183120
1696;183122 - 135.307 | BASE DE TITANIO GM ROTACIONAL 3.5X3.5 | 554651;183122
1697;184400 - 135.308 | BASE DE TITANIO GM ROTACIONAL 3.5X4.5 | 585359;184400
1698;183123 - 135.309 | BASE DE TITANIO GM ROTACIONAL 4.5X0.8 | 554652;183123
1699;183124 - 135.310 | BASE DE TITANIO GM ROTACIONAL 4.5X1.5 | 554653;183124
1700;183126 - 135.311 | BASE DE TITANIO GM ROTACIONAL 4.5X2.5 | 554655;183126
1701;183127 - 135.312 | BASE DE TITANIO GM ROTACIONAL 4.5X3.5 | 554656;183127
1702;183129 - 135.315 | BASE DE TITANIO GM ROTACIONAL 5.5X1.5 | 554658;183129
1703;183130 - 135.316 | BASE DE TITANIO GM ROTACIONAL 5.5X2.5 | 554659;183130
1704;183131 - 135.067 | BASE DE TITANIO HE 3.3X4X0,5 ROTACIONAL | 554660;183131
1705;183133 - 135.068 | BASE DE TITANIO HE 3.3X4X2 ROTACIONAL | 554662;183133
1706;183135 - 135.069 | BASE DE TITANIO HE 3.3X4X3 ROTACIONAL | 554664;183135
1707;183136 - 135.070 | BASE DE TITANIO HE 3.3X4X4 ROTACIONAL | 554665;183136
1708;183137 - 135.083 | BASE DE TITANIO HE 5.0X4X0,5 ROTACIONAL | 554666;183137
1709;183138 - 135.084 | BASE DE TITANIO HE 5.0X4X2 ROTACIONAL | 554684;183138
1710;183140 - 135.085 | BASE DE TITANIO HE 5.0X4X3 ROTACIONAL | 554686;183140
1711;183141 - 135.086 | BASE DE TITANIO HE 5.0X4X4 ROTACIONAL | 554687;183141
1712;183143 - 135.424 | BASE DE TITANIO HS EXACT 4.5X0.2 | 554689;183143
1713;183145 - 135.425 | BASE DE TITANIO HS EXACT 4.5X1.5 | 554691;183145
1714;183146 - 135.426 | BASE DE TITANIO HS EXACT 4.5X2.5 | 554692;183146
1715;183147 - 135.427 | BASE DE TITANIO HS EXACT 4.5X3.5 | 554693;183147
1716;183148 - 135.428 | BASE DE TITANIO HS ROTACIONAL 0.2 | 554694;183148
1717;183149 - 135.429 | BASE DE TITANIO HS ROTACIONAL 1.5 | 554695;183149
1718;183150 - 135.430 | BASE DE TITANIO HS ROTACIONAL 2.5 | 554696;183150
1719;183151 - 135.431 | BASE DE TITANIO HS ROTACIONAL 3.5 | 554697;183151
1720;184415 - 135.101 | BASE DE TITANIO IIPLUS 4X0,5 ROTACIONAL | 585377;184415
1721;184414 - 135.102 | BASE DE TITANIO IIPLUS 4X2 ROTACIONAL | 585376;184414
1722;184413 - 135.103 | BASE DE TITANIO IIPLUS 4X3 ROTACIONAL | 585375;184413
1723;184412 - 135.104 | BASE DE TITANIO IIPLUS 4X4 ROTACIONAL | 585373;184412
1724;183154 - 135.414 | BASE DE TITANIO NGM EXACT 3.5X4X0.8 | 554700;183154
1725;183155 - 135.415 | BASE DE TITANIO NGM EXACT 3.5X4X1.5 | 554701;183155
1726;183156 - 135.416 | BASE DE TITANIO NGM EXACT 3.5X4X2.5 | 554702;183156
1727;183157 - 135.417 | BASE DE TITANIO NGM EXACT 3.5X4X3.5 | 554703;183157
1728;183158 - 135.418 | BASE DE TITANIO NGM EXACT 3.5X4X4.5 | 554704;183158
1729;183159 - 135.419 | BASE DE TITANIO NGM EXACT 3.5X6X0.8 | 554705;183159
1730;183160 - 135.420 | BASE DE TITANIO NGM EXACT 3.5X6X1.5 | 554706;183160
1731;183551 - 135.421 | BASE DE TITANIO NGM EXACT 3.5X6X2.5 | 555107;183551
1732;183375 - 135.422 | BASE DE TITANIO NGM EXACT 3.5X6X3.5 | 554929;183375
1733;183519 - 135.423 | BASE DE TITANIO NGM EXACT 3.5X6X4.5 | 555075;183519
1734;184405 - 135.197 | BASE TI C CM EXACT ALT.6.5 | 585366;184405
1735;184403 - 135.229 | BASE TI C GM EXACT ALT.0.8 | 585363;184403
1736;183554 - 135.230 | BASE TI C GM EXACT ALT.1.5 | 555110;183554
1737;184402 - 135.231 | BASE TI C GM EXACT ALT.2.5 | 585362;184402
1738;184401 - 135.232 | BASE TI C GM EXACT ALT.3.5 | 585360;184401
1739;183441 - 135.233 | BASE TI C GM EXACT ALT.4.5 | 554997;183441
1740;183426 - 135.234 | BASE TI C GM EXACT ALT.5.5 | 554982;183426
1741;183593 - 135.185 | BASE TI C HE 3.3 ALT.3.0 | 555149;183593
1742;183384 - 135.186 | BASE TI C HE 3.3 ALT.4.0 | 554938;183384
1743;183558 - 135.188 | BASE TI C HE 4.1/4.3 ALT.2.0 | 555114;183558
1744;183435 - 135.189 | BASE TI C HE 4.1/4.3 ALT.3.0 | 554991;183435
1745;183555 - 135.260 | BASE TI GM EXACT C/PARAF.REMOV.3.5X4X0.8 | 555111;183555
1746;183470 - 135.261 | BASE TI GM EXACT C/PARAF.REMOV.3.5X4X1.5 | 555026;183470
1747;183431 - 135.262 | BASE TI GM EXACT C/PARAF.REMOV.3.5X4X2.5 | 554987;183431
1748;183596 - 135.263 | BASE TI GM EXACT C/PARAF.REMOV.3.5X4X3.5 | 555152;183596
1749;183389 - 135.264 | BASE TI GM EXACT C/PARAF.REMOV.3.5X4X4.5 | 554943;183389
1750;183420 - 135.266 | BASE TI GM EXACT C/PARAF.REMOV.3.5X6X0.8 | 554976;183420
1751;183449 - 135.267 | BASE TI GM EXACT C/PARAF.REMOV.3.5X6X1.5 | 555005;183449
1752;183392 - 135.268 | BASE TI GM EXACT C/PARAF.REMOV.3.5X6X2.5 | 554946;183392
1753;183438 - 135.269 | BASE TI GM EXACT C/PARAF.REMOV.3.5X6X3.5 | 554994;183438
1754;183454 - 135.270 | BASE TI GM EXACT C/PARAF.REMOV.3.5X6X4.5 | 555010;183454
1755;183395 - 135.272 | BASE TI GM EXACT C/PARAF.REMOV.4.5X4X0.8 | 554949;183395
1756;183556 - 135.273 | BASE TI GM EXACT C/PARAF.REMOV.4.5X4X1.5 | 555112;183556
1757;183452 - 135.274 | BASE TI GM EXACT C/PARAF.REMOV.4.5X4X2.5 | 555008;183452
1758;183396 - 135.275 | BASE TI GM EXACT C/PARAF.REMOV.4.5X4X3.5 | 554950;183396
1759;183397 - 135.276 | BASE TI GM EXACT C/PARAF.REMOV.4.5X4X4.5 | 554952;183397
1760;183559 - 135.278 | BASE TI GM EXACT C/PARAF.REMOV.4.5X6X0.8 | 555115;183559
1761;183598 - 135.279 | BASE TI GM EXACT C/PARAF.REMOV.4.5X6X1.5 | 555154;183598
1762;183400 - 135.280 | BASE TI GM EXACT C/PARAF.REMOV.4.5X6X2.5 | 554956;183400
1763;183583 - 135.281 | BASE TI GM EXACT C/PARAF.REMOV.4.5X6X3.5 | 555139;183583
1764;183457 - 135.282 | BASE TI GM EXACT C/PARAF.REMOV.4.5X6X4.5 | 555013;183457
1765;183403 - 135.284 | BASE TI GM EXACT C/PARAF.REMOV.5.5X4X0.8 | 554959;183403
1766;183563 - 135.285 | BASE TI GM EXACT C/PARAF.REMOV.5.5X4X1.5 | 555119;183563
1767;183460 - 135.286 | BASE TI GM EXACT C/PARAF.REMOV.5.5X4X2.5 | 555016;183460
1768;183600 - 135.287 | BASE TI GM EXACT C/PARAF.REMOV.5.5X4X3.5 | 555156;183600
1769;183407 - 135.288 | BASE TI GM EXACT C/PARAF.REMOV.5.5X4X4.5 | 554963;183407
1770;183489 - 135.290 | BASE TI GM EXACT C/PARAF.REMOV.5.5X6X0.8 | 555045;183489
1771;183413 - 135.291 | BASE TI GM EXACT C/PARAF.REMOV.5.5X6X1.5 | 554969;183413
1772;183409 - 135.292 | BASE TI GM EXACT C/PARAF.REMOV.5.5X6X2.5 | 554965;183409
1773;183410 - 135.293 | BASE TI GM EXACT C/PARAF.REMOV.5.5X6X3.5 | 554966;183410
1774;184168 - 135.294 | BASE TI GM EXACT C/PARAF.REMOV.5.5X6X4.5 | 555857;184168
1775;183602 - 135.009 | BASE TI HE 3.3X4X0,5 ANTIR. | 555158;183602
1776;183416 - 135.010 | BASE TI HE 3.3X4X2 ANTIR. | 554972;183416
1777;183581 - 135.011 | BASE TI HE 3.3X4X3 ANTIR. | 555137;183581
1778;183604 - 135.012 | BASE TI HE 3.3X4X4 ANTIR. | 555160;183604
1779;183423 - 135.017 | BASE TI HE 4.1/4.3X4X0,5 ANTIR. | 554979;183423
1780;183562 - 135.075 | BASE TI HE 4.1/4.3X4X0,5 ROTACIONAL | 555118;183562
1781;184165 - 135.018 | BASE TI HE 4.1/4.3X4X2 ANTIR. | 555854;184165
1782;183546 - 135.076 | BASE TI HE 4.1/4.3X4X2 ROTACIONAL | 555102;183546
1783;183477 - 135.019 | BASE TI HE 4.1/4.3X4X3 ANTIR. | 555033;183477
1784;183482 - 135.077 | BASE TI HE 4.1/4.3X4X3 ROTACIONAL | 555038;183482
1785;183484 - 135.020 | BASE TI HE 4.1/4.3X4X4 ANTIR. | 555040;183484
1786;183549 - 135.078 | BASE TI HE 4.1/4.3X4X4 ROTACIONAL | 555105;183549
1787;183574 - 135.025 | BASE TI HE 5.0X4X0,5 ANTIR. | 555130;183574
1788;183592 - 135.026 | BASE TI HE 5.0X4X2 ANTIR. | 555148;183592
1789;183590 - 135.027 | BASE TI HE 5.0X4X3 ANTIR. | 555146;183590
1790;183492 - 135.028 | BASE TI HE 5.0X4X4 ANTIR. | 555048;183492
1791;184422 - 135.059 | BASE Ti IIPLUS 4X0,5 ANTIR. | 585388;184422
1792;184421 - 135.060 | BASE TI IIPLUS 4X2 ANTIR. | 585386;184421
1793;183595 - 135.399 | BASE TITAN GM ROT PARAFNEO REMOV 3.5X0.8 | 555151;183595
1794;183569 - 135.400 | BASE TITAN GM ROT PARAFNEO REMOV 3.5X1.5 | 555125;183569
1795;183518 - 135.401 | BASE TITAN GM ROT PARAFNEO REMOV 3.5X2.5 | 555074;183518
1796;183607 - 135.402 | BASE TITAN GM ROT PARAFNEO REMOV 3.5X3.5 | 555163;183607
1797;184166 - 135.403 | BASE TITAN GM ROT PARAFNEO REMOV 3.5X4.5 | 555855;184166
1798;183609 - 135.404 | BASE TITAN GM ROT PARAFNEO REMOV 4.5X0.8 | 555165;183609
1799;183611 - 135.405 | BASE TITAN GM ROT PARAFNEO REMOV 4.5X1.5 | 555167;183611
1800;183506 - 135.406 | BASE TITAN GM ROT PARAFNEO REMOV 4.5X2.5 | 555062;183506
1801;183495 - 135.407 | BASE TITAN GM ROT PARAFNEO REMOV 4.5X3.5 | 555051;183495
1802;183537 - 135.408 | BASE TITAN GM ROT PARAFNEO REMOV 4.5X4.5 | 555093;183537
1803;183565 - 135.409 | BASE TITAN GM ROT PARAFNEO REMOV 5.5X0.8 | 555121;183565
1804;183508 - 135.410 | BASE TITAN GM ROT PARAFNEO REMOV 5.5X1.5 | 555064;183508
1805;183497 - 135.411 | BASE TITAN GM ROT PARAFNEO REMOV 5.5X2.5 | 555053;183497
1806;183498 - 135.412 | BASE TITAN GM ROT PARAFNEO REMOV 5.5X3.5 | 555054;183498
1807;184399 - 135.413 | BASE TITAN GM ROT PARAFNEO REMOV 5.5X4.5 | 585358;184399
1808;183594 - 135.349 | BASE TITANIO GM C PARAF NEO REMOV 0.8 | 555150;183594
1809;183487 - 135.350 | BASE TITANIO GM C PARAF NEO REMOV 1.5 | 555043;183487
1810;183500 - 135.351 | BASE TITANIO GM C PARAF NEO REMOV 2.5 | 555056;183500
1811;183612 - 135.352 | BASE TITANIO GM C PARAF NEO REMOV 3.5 | 555168;183612
1812;183521 - 135.353 | BASE TITANIO GM C PARAF NEO REMOV 4.5 | 555077;183521
1813;183606 - 135.354 | BASE TITANIO GM C PARAF NEO REMOV 5.5 | 555162;183606
1814;183513 - 135.355 | BASE TITANIO GM PARAF NEO REM 3.5X4X0.8 | 555069;183513
1815;183503 - 135.356 | BASE TITANIO GM PARAF NEO REM 3.5X4X1.5 | 555059;183503
1816;183614 - 135.357 | BASE TITANIO GM PARAF NEO REM 3.5X4X2.5 | 555170;183614
1817;183599 - 135.358 | BASE TITANIO GM PARAF NEO REM 3.5X4X3.5 | 555155;183599
1818;183605 - 135.359 | BASE TITANIO GM PARAF NEO REM 3.5X4X4.5 | 555161;183605
1819;183752 - 135.361 | BASE TITANIO GM PARAF NEO REM 3.5X6X0.8 | 555308;183752
1820;183510 - 135.363 | BASE TITANIO GM PARAF NEO REM 3.5X6X2.5 | 555066;183510
1821;183617 - 135.364 | BASE TITANIO GM PARAF NEO REM 3.5X6X3.5 | 555173;183617
1822;183543 - 135.365 | BASE TITANIO GM PARAF NEO REM 3.5X6X4.5 | 555099;183543
1823;183589 - 135.367 | BASE TITANIO GM PARAF NEO REM 4.5X4X0.8 | 555145;183589
1824;183580 - 135.368 | BASE TITANIO GM PARAF NEO REM 4.5X4X1.5 | 555136;183580
1825;183525 - 135.369 | BASE TITANIO GM PARAF NEO REM 4.5X4X2.5 | 555081;183525
1826;183535 - 135.370 | BASE TITANIO GM PARAF NEO REM 4.5X4X3.5 | 555091;183535
1827;183529 - 135.371 | BASE TITANIO GM PARAF NEO REM 4.5X4X4.5 | 555085;183529
1828;183597 - 135.373 | BASE TITANIO GM PARAF NEO REM 4.5X6X0.8 | 555153;183597
1829;183572 - 135.374 | BASE TITANIO GM PARAF NEO REM 4.5X6X1.5 | 555128;183572
1830;183621 - 135.375 | BASE TITANIO GM PARAF NEO REM 4.5X6X2.5 | 555177;183621
1831;183608 - 135.376 | BASE TITANIO GM PARAF NEO REM 4.5X6X3.5 | 555164;183608
1832;183623 - 135.377 | BASE TITANIO GM PARAF NEO REM 4.5X6X4.5 | 555179;183623
1833;183610 - 135.379 | BASE TITANIO GM PARAF NEO REM 5.5X4X0.8 | 555166;183610
1834;183532 - 135.380 | BASE TITANIO GM PARAF NEO REM 5.5X4X1.5 | 555088;183532
1835;183625 - 135.381 | BASE TITANIO GM PARAF NEO REM 5.5X4X2.5 | 555181;183625
1836;183626 - 135.382 | BASE TITANIO GM PARAF NEO REM 5.5X4X3.5 | 555182;183626
1837;183627 - 135.383 | BASE TITANIO GM PARAF NEO REM 5.5X4X4.5 | 555183;183627
1838;183657 - 135.385 | BASE TITANIO GM PARAF NEO REM 5.5X6X0.8 | 555213;183657
1839;183661 - 135.386 | BASE TITANIO GM PARAF NEO REM 5.5X6X1.5 | 555217;183661
1840;183753 - 135.387 | BASE TITANIO GM PARAF NEO REM 5.5X6X2.5 | 555309;183753
1841;183664 - 135.388 | BASE TITANIO GM PARAF NEO REM 5.5X6X3.5 | 555220;183664
1842;183695 - 135.389 | BASE TITANIO GM PARAF NEO REM 5.5X6X4.5 | 555251;183695
1843;183613 - 135.391 | BASE TITANIO GM PARAF NEO REM 6.5X4X1.5 | 555169;183613
1844;183568 - 135.392 | BASE TITANIO GM PARAF NEO REM 6.5X4X2.5 | 555124;183568
1845;183699 - 135.395 | BASE TITANIO GM PARAF NEO REM 6.5X6X1.5 | 555255;183699
1846;183542 - 135.396 | BASE TITANIO GM PARAF NEO REM 6.5X6X2.5 | 555098;183542
1847;183705 - 135.397 | BASE TITANIO GM PARAF NEO REM 6.5X6X3.5 | 555261;183705
1848;183710 - 135.398 | BASE TITANIO GM PARAF NEO REM 6.5X6X4.5 | 555266;183710
1849;183647 - 135.319 | BASE TITANIO PARAF. REMOVIVEL 6.5X4X1.5 | 555203;183647
1850;183603 - 135.320 | BASE TITANIO PARAF. REMOVIVEL 6.5X4X2.5 | 555159;183603
1851;183620 - 135.322 | BASE TITANIO PARAF. REMOVIVEL 6.5X4X4.5 | 555176;183620
1852;183642 - 135.326 | BASE TITANIO PARAF. REMOVIVEL 6.5X6X4.5 | 555198;183642
1853;183631 - 135.226 | BLOCO TI GM EXACT D12MM HOLDER AG | 555187;183631
1854;184411 - 135.109 | BLOCO TI PERSON.CM EXACT D11.5MM | 585372;184411
1855;184410 - 135.110 | BLOCO TI PERSON.CM EXACT D15.8MM | 585371;184410
1856;186975 - UCLA 366-Q | CIL CALC C/ HEX Ø3,6 C/ PTQ 2008 | 404440;186975
1857;186974 - UCLA 360-Q | CIL CALC S/ HEX Ø3,6 C/ PTQ 2008 | 404439;186974
1858;183022 - 118.344 | COMPONENTE TEMP GM 3.5X0.8 ANTIRROTAC | 554537;183022
1859;183023 - 118.352 | COMPONENTE TEMP GM 3.5X0.8 ROTACIONAL | 554538;183023
1860;183024 - 118.345 | COMPONENTE TEMP GM 3.5X1.5 ANTIRROTAC | 554539;183024
1861;183025 - 118.353 | COMPONENTE TEMP GM 3.5X1.5 ROTACIONAL | 554540;183025
1862;183026 - 118.346 | COMPONENTE TEMP GM 3.5X2.5 ANTIRROTAC | 554541;183026
1863;183027 - 118.354 | COMPONENTE TEMP GM 3.5X2.5 ROTACIONAL | 554542;183027
1864;183028 - 118.347 | COMPONENTE TEMP GM 3.5X3.5 ANTIRROTAC | 554543;183028
1865;183029 - 118.355 | COMPONENTE TEMP GM 3.5X3.5 ROTACIONAL | 554544;183029
1866;183030 - 118.348 | COMPONENTE TEMP GM 4.5X0.8 ANTIRROTAC | 554545;183030
1867;183032 - 118.356 | COMPONENTE TEMP GM 4.5X0.8 ROTACIONAL | 554547;183032
1868;183034 - 118.349 | COMPONENTE TEMP GM 4.5X1.5 ANTIRROTAC | 554549;183034
1869;183035 - 118.357 | COMPONENTE TEMP GM 4.5X1.5 ROTACIONAL | 554550;183035
1870;183036 - 118.350 | COMPONENTE TEMP GM 4.5X2.5 ANTIRROTAC | 554551;183036
1871;183037 - 118.358 | COMPONENTE TEMP GM 4.5X2.5 ROTACIONAL | 554552;183037
1872;183038 - 118.351 | COMPONENTE TEMP GM 4.5X3.5 ANTIRROTAC | 554553;183038
1873;183039 - 118.359 | COMPONENTE TEMP GM 4.5X3.5 ROTACIONAL | 554554;183039
1874;183040 - 118.387 | COMPONENTE TEMP HS ANTIRROTACIONAL 0.2 | 554555;183040
1875;183041 - 118.388 | COMPONENTE TEMP HS ANTIRROTACIONAL 1.5 | 554556;183041
1876;183042 - 118.389 | COMPONENTE TEMP HS ANTIRROTACIONAL 2.5 | 554557;183042
1877;183043 - 118.390 | COMPONENTE TEMP HS ANTIRROTACIONAL 3.5 | 554558;183043
1878;183044 - 118.383 | COMPONENTE TEMPORARIO HS ROTACIONAL 0.2 | 554559;183044
1879;183045 - 118.384 | COMPONENTE TEMPORARIO HS ROTACIONAL 1.5 | 554560;183045
1880;183093 - 118.385 | COMPONENTE TEMPORARIO HS ROTACIONAL 2.5 | 554608;183093
1881;172957 - 700.161 | CONEXAO CATRACA LONGA MAX CM 3.5 | 419986;172957
1882;182645 - 118.309 | CONJUNTO BASE COCR GM EXACT 3.5X3.75 | 434890;182645
1883;182663 - 118.310 | CONJUNTO BASE COCR GM EXACT 4.0/4.3 | 438895;182663
1884;183343 - 118.311 | CONJUNTO BASE COCR GM EXACT 5.0/6.0 | 554897;183343
1885;183346 - 108.060 | CONJUNTO PARA MUNHAO UNIVERSAL 3.3X4.0 | 554900;183346
1886;183358 - 108.061 | CONJUNTO PARA MUNHAO UNIVERSAL 3.3X6.0 | 554912;183358
1887;183360 - 108.062 | CONJUNTO PARA MUNHAO UNIVERSAL 4.5X4.0 | 554914;183360
1888;183363 - 108.063 | CONJUNTO PARA MUNHAO UNIVERSAL 4.5X6.0 | 554917;183363
1889;184444 - 118.189 | CYLINDER IN ALUMINA OF UNIVERSAL POST 4. | 585416;184444
1890;"191859 - TSCTBM3WH | DIGITAL PROSTETHICS - TS LINK ABUTMENT FOR CEREC HEX MINI (DIAMETRO 4,5 MM; ALTURA DA GENGIVA 3 MM) | 612964";191859
1891;"191860 - TSCTBM4WH | DIGITAL PROTHESTICS - TS LINK ABUTMENT FOR CEREC HEX MINI (DIAMETRO 4,5 MM; ALTURA DA GENGIVA 4 MM) | 612965";191860
1892;"191861 - TSCTBR3WH | DIGITAL PROTHETICS - TS LINK ABUTMENT FOR CEREC HEX REGULAR (DIAMETRO 4,5 MM; ALTURA DA GENGIVA 3 MM) | 612966";191861
1893;"191862 - TSCTBR4WH | DIGITAL PROTHETICS - TS LINK ABUTMENT FOR CEREC HEX REGULAR (DIAMETRO 4,5 MM; ALTURA DA GENGIVA 4 MM) | 612967";191862
1894;186158 - IACT 0206 | INT TITANIO C/ RET ABUT CONICO C/HEX 2.5 | 403623;186158
1895;186160 - IACT 0406 | INT TITANIO C/ RET ABUT CONICO C/HEX 4MM | 403625;186160
1896;186162 - IACT 0606 | INT TITANIO C/ RET ABUT CONICO C/HEX 6MM | 403627;186162
1897;186157 - IACT 0200 | INT TITANIO C/ RET ABUT CONICO S/HEX 2.5 | 403622;186157
1898;186159 - IACT 0400 | INT TITANIO C/ RET ABUT CONICO S/HEX 4MM | 403624;186159
1899;186161 - IACT 0600 | INT TITANIO C/ RET ABUT CONICO S/HEX 6MM | 403626;186161
1900;186333 - IRHET 3602 | INTERF ROTAC TITAN C/ RET HE Ø3,6X2,5MM | 403798;186333
1901;186334 - IRHET 3604 | INTERF ROTAC TITAN C/ RET HE Ø3,6X4MM | 403799;186334
1902;186335 - IRHET 3606 | INTERF ROTAC TITAN C/ RET HE Ø3,6X6MM | 403800;186335
1903;186212 - IHET 3602 | INTERF TITAN C/ RETENÇÃO HE Ø3,6X2,5MM | 403677;186212
1904;186213 - IHET 3604 | INTERF TITAN C/ RETENÇÃO HE Ø3,6X4MM | 403678;186213
1905;186214 - IHET 3606 | INTERF TITAN C/ RETENÇÃO HE Ø3,6X6MM | 403679;186214
1906;186310 - IMMAT 02 | INTERF TITANIO C/RET MICRO MINI ABUT 2.5 | 403775;186310
1907;186311 - IMMAT 04 | INTERF TITANIO C/RET MICRO MINI ABUT 4MM | 403776;186311
1908;186312 - IMMAT 06 | INTERF TITANIO C/RET MICRO MINI ABUT 6MM | 403777;186312
1909;187082 - IMMAT 0206 | INTERF TITANIO MICRO MINI ABUT 2.5 INDEX | 423504;187082
1910;187083 - IMMAT 0406 | INTERF TITANIO MICRO MINI ABUT 4MM INDEX | 423505;187083
1911;187143 - IMMAT 0606 | INTERF TITANIO MICRO MINI ABUT 6MM INDEX | 555705;187143
1912;186163 - ICM 0804 | INTERFACE CM SW 0.8X4MM | 403628;186163
1913;186164 - ICM 2004 | INTERFACE CM SW 2.0X4MM | 403629;186164
1914;177161 - 02.23.24.101 | INTERFACE CMH NP C0,5 H4,5 L  | 400982;177161
1915;177162 - 02.23.24.102 | INTERFACE CMH NP C0,5 H6 L  | 400983;177162
1916;177163 - 02.23.24.111 | INTERFACE CMH NP C1,5 H4,5 L  | 400984;177163
1917;177164 - 02.23.24.112 | INTERFACE CMH NP C1,5 H6 L  | 400985;177164
1918;177165 - 02.23.24.121 | INTERFACE CMH NP C2,5 H4,5 L  | 400986;177165
1919;177166 - 02.23.24.122 | INTERFACE CMH NP C2,5 H6 L  | 400987;177166
1920;177167 - 02.23.24.131 | INTERFACE CMH NP C3,5 H4,5 L  | 400988;177167
1921;177168 - 02.23.24.132 | INTERFACE CMH NP C3,5 H6 L  | 400989;177168
1922;177169 - 02.23.24.141 | INTERFACE CMH NP C4,5 H4,5 L  | 400990;177169
1923;177170 - 02.23.24.142 | INTERFACE CMH NP C4,5 H6 L  | 400991;177170
1924;186152 - IACC 0206 | INTERFACE CROMO ABUT CONICO C/HEX 2,5MM | 403617;186152
1925;186154 - IACC 0406 | INTERFACE CROMO ABUT CONICO C/HEX 4MM | 403619;186154
1926;186156 - IACC 0606 | INTERFACE CROMO ABUT CONICO C/HEX 6MM | 403621;186156
1927;186151 - IACC 0200 | INTERFACE CROMO ABUT CONICO S/HEX 2,5MM | 403616;186151
1928;186153 - IACC 0400 | INTERFACE CROMO ABUT CONICO S/HEX 4MM | 403618;186153
1929;186155 - IACC 0600 | INTERFACE CROMO ABUT CONICO S/HEX 6MM | 403620;186155
1930;187068 - IAMC 0206 | INTERFACE CROMO ABUT MULTI INDEX 2,5MM  | 423488;187068
1931;187070 - IAMC 0406 | INTERFACE CROMO ABUT MULTI INDEX 4,0MM  | 423490;187070
1932;187072 - IAMC 0606 | INTERFACE CROMO ABUT MULTI INDEX 6,0MM | 423492;187072
1933;187067 - IAMC 0200 | INTERFACE CROMO ABUT MULTIFUNC 2,5MM | 423487;187067
1934;187069 - IAMC 0400 | INTERFACE CROMO ABUT MULTIFUNC 4,0MM  | 423489;187069
1935;187071 - IAMC 0600 | INTERFACE CROMO ABUT MULTIFUNC 6,0MM | 423491;187071
1936;186202 - IHEC 3404 | INTERFACE CROMO HE Ø3,4X4MM | 403667;186202
1937;186203 - IHEC 3406 | INTERFACE CROMO HE Ø3,4X6MM | 403668;186203
1938;186204 - IHEC 3602 | INTERFACE CROMO HE Ø3,6X2,5MM | 403669;186204
1939;186205 - IHEC 3604 | INTERFACE CROMO HE Ø3,6X4MM | 403670;186205
1940;186206 - IHEC 3606 | INTERFACE CROMO HE Ø3,6X6MM | 403671;186206
1941;186207 - IHEC 4102 | INTERFACE CROMO HE Ø4,1X2,5MM | 403672;186207
1942;186208 - IHEC 4104 | INTERFACE CROMO HE Ø4,1X4MM | 403673;186208
1943;186209 - IHEC 4106 | INTERFACE CROMO HE Ø4,1X6MM | 403674;186209
1944;186219 - IHIC 3802 | INTERFACE CROMO HI Ø3,8X2,5MM | 403684;186219
1945;186220 - IHIC 3804 | INTERFACE CROMO HI Ø3,8X4MM | 403685;186220
1946;186221 - IHIC 3806 | INTERFACE CROMO HI Ø3,8X6MM | 403686;186221
1947;186301 - IMAC 02 | INTERFACE CROMO MINI ABUT 2,5MM | 403766;186301
1948;186302 - IMAC 04 | INTERFACE CROMO MINI ABUT 4MM | 403767;186302
1949;186303 - IMAC 06 | INTERFACE CROMO MINI ABUT 6MM | 403768;186303
1950;186201 - IHE 4104 | INTERFACE HE Ø4,1X4MM | 403666;186201
1951;186218 - IHI 3804 | INTERFACE HI Ø3,8X4MM | 403683;186218
1952;186337 - IRHET 4104 | INTERFACE ROT TITANIO C/ RET HE Ø4,1X4MM | 403802;186337
1953;186338 - IRHET 4106 | INTERFACE ROT TITANIO C/ RET HE Ø4,1X6MM | 403803;186338
1954;186327 - IRHEC 3602 | INTERFACE ROTACIONAL CROMO HE Ø3,6X2,5MM | 403792;186327
1955;186328 - IRHEC 3604 | INTERFACE ROTACIONAL CROMO HE Ø3,6X4MM | 403793;186328
1956;186329 - IRHEC 3606 | INTERFACE ROTACIONAL CROMO HE Ø3,6X6MM | 403794;186329
1957;186330 - IRHEC 4102 | INTERFACE ROTACIONAL CROMO HE Ø4,1X2,5MM | 403795;186330
1958;186331 - IRHEC 4104 | INTERFACE ROTACIONAL CROMO HE Ø4,1X4MM | 403796;186331
1959;186332 - IRHEC 4106 | INTERFACE ROTACIONAL CROMO HE Ø4,1X6MM | 403797;186332
1960;187074 - IAMT 0206 | INTERFACE TITÂNIO ABUT MULTI INDEX 2,5MM  | 423494;187074
1961;187076 - IAMT 0406 | INTERFACE TITÂNIO ABUT MULTI INDEX 4,0MM | 423496;187076
1962;187078 - IAMT 0606 | INTERFACE TITÂNIO ABUT MULTI INDEX 6,0MM  | 423498;187078
1963;187075 - IAMT 0400 | INTERFACE TITÂNIO ABUT MULTIFUNC 4,0MM  | 423495;187075
1964;187077 - IAMT 0600 | INTERFACE TITÂNIO ABUT MULTIFUNC 6,0MM | 423497;187077
1965;186165 - ICMT 0502 | INTERFACE TITANIO C/ RET CM SW 0.5X2.5MM | 403630;186165
1966;186166 - ICMT 0504 | INTERFACE TITANIO C/ RET CM SW 0.5X4MM | 403631;186166
1967;186167 - ICMT 0506 | INTERFACE TITANIO C/ RET CM SW 0.5X6MM | 403632;186167
1968;186168 - ICMT 2002 | INTERFACE TITANIO C/ RET CM SW 2.0X2.5MM | 403633;186168
1969;186169 - ICMT 2004 | INTERFACE TITANIO C/ RET CM SW 2.0X4MM | 403634;186169
1970;186170 - ICMT 2006 | INTERFACE TITANIO C/ RET CM SW 2.0X6MM | 403635;186170
1971;186171 - ICMT 3002 | INTERFACE TITANIO C/ RET CM SW 3.0X2.5MM | 403636;186171
1972;186172 - ICMT 3004 | INTERFACE TITANIO C/ RET CM SW 3.0X4MM | 403637;186172
1973;186173 - ICMT 3006 | INTERFACE TITANIO C/ RET CM SW 3.0X6MM | 403638;186173
1974;186215 - IHET 4102 | INTERFACE TITANIO C/ RET HE Ø4,1X2,5MM | 403680;186215
1975;186304 - IMAT 02 | INTERFACE TITANIO C/ RET MINI ABUT 2.5MM | 403769;186304
1976;186305 - IMAT 04 | INTERFACE TITANIO C/ RET MINI ABUT 4MM | 403770;186305
1977;186306 - IMAT 06 | INTERFACE TITANIO C/ RET MINI ABUT 6MM | 403771;186306
1978;186210 - IHET 3404 | INTERFACE TITANIO C/ RETENÇÃO HE Ø3,4X4M | 403675;186210
1979;186211 - IHET 3406 | INTERFACE TITANIO C/ RETENÇÃO HE Ø3,4X6M | 403676;186211
1980;186216 - IHET 4104 | INTERFACE TITANIO C/ RETENÇÃO HE Ø4,1X4M | 403681;186216
1981;186217 - IHET 4106 | INTERFACE TITANIO C/ RETENÇÃO HE Ø4,1X6M | 403682;186217
1982;186222 - IHIT 3802 | INTERFACE TITANIO C/ RETENÇÃO HI Ø3,8X2, | 403687;186222
1983;186223 - IHIT 3804 | INTERFACE TITANIO C/ RETENÇÃO HI Ø3,8X4M | 403688;186223
1984;186224 - IHIT 3806 | INTERFACE TITANIO C/ RETENÇÃO HI Ø3,8X6M | 403689;186224
1985;177018 - 02.04.24.102 | INTERFACE TRI NP C0 H6 L  | 400839;177018
1986;177019 - 02.04.24.111 | INTERFACE TRI NP C1 H4,5 L  | 400840;177019
1987;177020 - 02.04.24.112 | INTERFACE TRI NP C1 H6 L  | 400841;177020
1988;177021 - 02.04.24.121 | INTERFACE TRI NP C2 H4,5 L  | 400842;177021
1989;177022 - 02.04.24.122 | INTERFACE TRI NP C2 H6 L  | 400843;177022
1990;177023 - 02.04.24.131 | INTERFACE TRI NP C3 H4,5 L  | 400844;177023
1991;177024 - 02.04.24.132 | INTERFACE TRI NP C3 H6 L  | 400845;177024
1992;177025 - 02.04.24.201 | INTERFACE TRI RP-UP C0 H4,5 L  | 400846;177025
1993;177026 - 02.04.24.202 | INTERFACE TRI RP-UP C0 H6 L  | 400847;177026
1994;177027 - 02.04.24.211 | INTERFACE TRI RP-UP C1 H4,5 L  | 400848;177027
1995;177028 - 02.04.24.212 | INTERFACE TRI RP-UP C1 H6 L  | 400849;177028
1996;177029 - 02.04.24.221 | INTERFACE TRI RP-UP C2 H4,5 L  | 400850;177029
1997;177030 - 02.04.24.222 | INTERFACE TRI RP-UP C2 H6 L  | 400851;177030
1998;177031 - 02.04.24.231 | INTERFACE TRI RP-UP C3 H4,5 L  | 400852;177031
1999;177032 - 02.04.24.232 | INTERFACE TRI RP-UP C3 H6 L  | 400853;177032
2000;181969 - 25456 | MICRO CONICO CONE MORSE 3.5X0.8 | 402331;181969
2001;181970 - 25458 | MICRO CONICO CONE MORSE 3.5X1.5 | 402332;181970
2002;181971 - 25460 | MICRO CONICO CONE MORSE 3.5X2.5 | 402333;181971
2003;181972 - 25462 | MICRO CONICO CONE MORSE 3.5X3.5 | 402334;181972
2004;181973 - 25464 | MICRO CONICO CONE MORSE 3.5X4.5 | 402335;181973
2005;186539 - MMAHE 3502 | MICRO MINI ABUT HE Ø3,5 X 2MM | 404004;186539
2006;186540 - MMAHE 3503 | MICRO MINI ABUT HE Ø3,5 X 3MM | 404005;186540
2007;186541 - MMAHE 3504 | MICRO MINI ABUT HE Ø3,5 X 4MM | 404006;186541
2008;187161 - MMAHI 3501 | MICRO MINI ABUTMENT HI Ø3.5X1.0MM | 555723;187161
2009;187162 - MMAHI 3502 | MICRO MINI ABUTMENT HI Ø3.5X2.0MM | 555724;187162
2010;187163 - MMAHI 3503 | MICRO MINI ABUTMENT HI Ø3.5X3.0MM | 555832;187163
2011;187121 - MMAHI 3504 | MICRO MINI ABUTMENT HI Ø3.5X4.0MM | 435520;187121
2012;186542 - MMAM 3308 | MICRO MINI ABUTMENT Ø3.3X0.8MM | 404007;186542
2013;186543 - MMAM 3315 | MICRO MINI ABUTMENT Ø3.3X1.5MM | 404008;186543
2014;186544 - MMAM 3325 | MICRO MINI ABUTMENT Ø3.3X2.5MM | 404009;186544
2015;186545 - MMAM 3335 | MICRO MINI ABUTMENT Ø3.3X3.5MM | 404010;186545
2016;186546 - MMAM 3345 | MICRO MINI ABUTMENT Ø3.3X4.5MM | 404011;186546
2017;186514 - MAMU 4808 | MINI ABUTMENT CÔNICO Ø4.8X0.8MM | 403979;186514
2018;186515 - MAMU 4815 | MINI ABUTMENT CÔNICO Ø4.8X1.5MM | 403980;186515
2019;186516 - MAMU 4825 | MINI ABUTMENT CÔNICO Ø4.8X2.5MM | 403981;186516
2020;186517 - MAMU 4835 | MINI ABUTMENT CÔNICO Ø4.8X3.5MM | 403982;186517
2021;186518 - MAMU 4845 | MINI ABUTMENT CÔNICO Ø4.8X4.5MM | 403983;186518
2022;186519 - MAMU 4855 | MINI ABUTMENT CÔNICO Ø4.8X5.5MM | 403984;186519
2023;186500 - MAM 3301 | MINI ABUTMENT MORSE Ø3.3X1MM | 403965;186500
2024;186501 - MAM 3302 | MINI ABUTMENT MORSE Ø3.3X2MM | 403966;186501
2025;186502 - MAM 3303 | MINI ABUTMENT MORSE Ø3.3X3MM | 403967;186502
2026;186503 - MAM 3304 | MINI ABUTMENT MORSE Ø3.3X4MM | 403968;186503
2027;181856 - 24198 | MINI CONICO ANGULADO UNII CONE MORSE 4.8X0.8 17° | 402218;181856
2028;181857 - 24204 | MINI CONICO ANGULADO UNII CONE MORSE 4.8X0.8 30° | 402219;181857
2029;181858 - 24211 | MINI CONICO ANGULADO UNII CONE MORSE 4.8X1.5 17° | 402220;181858
2030;181859 - 24228 | MINI CONICO ANGULADO UNII CONE MORSE 4.8X1.5 30° | 402221;181859
2031;181860 - 24235 | MINI CONICO ANGULADO UNII CONE MORSE 4.8X2.5 17° | 402222;181860
2032;181862 - 24242 | MINI CONICO ANGULADO UNII CONE MORSE 4.8X2.5 30° | 402224;181862
2033;181863 - 24259 | MINI CONICO ANGULADO UNII CONE MORSE 4.8X3.5 17° | 402225;181863
2034;181864 - 24266 | MINI CONICO ANGULADO UNII CONE MORSE 4.8X3.5 30° | 402226;181864
2035;181710 - 228565 | MINI CONICO ANGULADO UNII CONE MORSE AR 0.8 17° | 402072;181710
2036;181711 - 228589 | MINI CONICO ANGULADO UNII CONE MORSE AR 0.8 30° | 402073;181711
2037;181712 - 228602 | MINI CONICO ANGULADO UNII CONE MORSE AR 1.5 17° | 402074;181712
2038;181713 - 228626 | MINI CONICO ANGULADO UNII CONE MORSE AR 1.5 30° | 402075;181713
2039;181714 - 228640 | MINI CONICO ANGULADO UNII CONE MORSE AR 2.5 17° | 402076;181714
2040;181715 - 228664 | MINI CONICO ANGULADO UNII CONE MORSE AR 2.5 30° | 402077;181715
2041;181716 - 228688 | MINI CONICO ANGULADO UNII CONE MORSE AR 3.5 17° | 402078;181716
2042;181717 - 228701 | MINI CONICO ANGULADO UNII CONE MORSE AR 3.5 30° | 402079;181717
2043;181265 - 19477 | MINI CONICO ANGULADO UNII HE 3.5 17° M1.6 | 401627;181265
2044;181303 - 204392 | MINI CONICO ANGULADO UNII HE 3.5 17° M1.8 | 401665;181303
2045;181638 - 22330 | MINI CONICO ANGULADO UNII HE 3.5 30° M1.6 | 402000;181638
2046;181304 - 204415 | MINI CONICO ANGULADO UNII HE 3.5 30° M1.8 | 401666;181304
2047;181320 - 20503 | MINI CONICO ANGULADO UNII HE 4.0 17° | 401682;181320
2048;181527 - 21951 | MINI CONICO ANGULADO UNII HE 4.0 30° | 401889;181527
2049;182119 - 27083 | MINI CONICO ANGULADO UNII HE 5.0 17° | 402481;182119
2050;181417 - 21340 | MINI CONICO ANGULADO UNII HE 5.0 30° | 401779;181417
2051;181287 - 20084 | MINI CONICO ANGULADO UNII HI 3.5 17° | 401649;181287
2052;181327 - 20718 | MINI CONICO ANGULADO UNII HI 3.5 30° | 401689;181327
2053;181286 - 20077 | MINI CONICO ANGULADO UNII HI 4.0 17° | 401648;181286
2054;181448 - 21449 | MINI CONICO ANGULADO UNII HI 4.0 30° | 401810;181448
2055;181549 - 22101 | MINI CONICO ANGULADO UNII HI 5.0 17° | 401911;181549
2056;181451 - 21456 | MINI CONICO ANGULADO UNII HI 5.0 30° | 401813;181451
2057;181685 - 226394 | MINI CONICO FIT UNII HE 4.0X1 | 402047;181685
2058;181686 - 226400 | MINI CONICO FIT UNII HE 4.0X2 | 402048;181686
2059;181687 - 226417 | MINI CONICO FIT UNII HE 4.0X3 | 402049;181687
2060;181688 - 226424 | MINI CONICO FIT UNII HE 4.0X4 | 402050;181688
2061;181689 - 226431 | MINI CONICO FIT UNII HE 4.0X5 | 402051;181689
2062;181691 - 226493 | MINI CONICO FIT UNII HI 4.0X1 | 402053;181691
2063;181692 - 226509 | MINI CONICO FIT UNII HI 4.0X2 | 402054;181692
2064;181694 - 226516 | MINI CONICO FIT UNII HI 4.0X3 | 402056;181694
2065;181695 - 226523 | MINI CONICO FIT UNII HI 4.0X4 | 402057;181695
2066;181696 - 226530 | MINI CONICO FIT UNII HI 4.0X5 | 402058;181696
2067;181639 - 22347 | MINI CONICO ROTACIONAL UNII HE 4.0X1 | 402001;181639
2068;181640 - 22354 | MINI CONICO ROTACIONAL UNII HE 4.0X2 | 402002;181640
2069;181454 - 21517 | MINI CONICO ROTACIONAL UNII HE 4.0X3 | 401816;181454
2070;181745 - 22941 | MINI CONICO ROTACIONAL UNII HI 3.5X1 | 402107;181745
2071;181534 - 22071 | MINI CONICO ROTACIONAL UNII HI 3.5X2 | 401896;181534
2072;182118 - 27076 | MINI CONICO ROTACIONAL UNII HI 3.5X3 | 402480;182118
2073;181315 - 20480 | MINI CONICO ROTACIONAL UNII HI 4.0X1 | 401677;181315
2074;181330 - 20794 | MINI CONICO ROTACIONAL UNII HI 4.0X2 | 401692;181330
2075;181624 - 22293 | MINI CONICO ROTACIONAL UNII HI 4.0X3 | 401986;181624
2076;181619 - 22286 | MINI CONICO ROTACIONAL UNII HI 4.0X4 | 401981;181619
2077;181606 - 22200 | MINI CONICO ROTACIONAL UNII HI 4.0X5 | 401968;181606
2078;181423 - 21413 | MINI CONICO ROTACIONAL UNII HI 4.0X6 | 401785;181423
2079;181193 - 17305 | MINI CONICO UNII CONE MORSE 4.8X0.8 | 401555;181193
2080;181403 - 212052 | MINI CONICO UNII CONE MORSE 4.8X0.8 ST | 401765;181403
2081;181194 - 17312 | MINI CONICO UNII CONE MORSE 4.8X1.5 | 401556;181194
2082;181404 - 212076 | MINI CONICO UNII CONE MORSE 4.8X1.5 ST | 401766;181404
2083;181195 - 17329 | MINI CONICO UNII CONE MORSE 4.8X2.5 | 401557;181195
2084;181405 - 212090 | MINI CONICO UNII CONE MORSE 4.8X2.5 ST | 401767;181405
2085;181196 - 17336 | MINI CONICO UNII CONE MORSE 4.8X3.5 | 401558;181196
2086;181406 - 212113 | MINI CONICO UNII CONE MORSE 4.8X3.5 ST | 401768;181406
2087;181197 - 17343 | MINI CONICO UNII CONE MORSE 4.8X4.5 | 401559;181197
2088;181407 - 212137 | MINI CONICO UNII CONE MORSE 4.8X4.5 ST | 401769;181407
2089;181198 - 17350 | MINI CONICO UNII CONE MORSE 4.8X5.5 | 401560;181198
2090;181408 - 212151 | MINI CONICO UNII CONE MORSE 4.8X5.5 ST | 401770;181408
2091;182120 - 27145 | MINI CONICO UNII HE 3.5X1 M1.6 | 402482;182120
2092;181305 - 204439 | MINI CONICO UNII HE 3.5X1 M1.8 | 401667;181305
2093;182122 - 2721 | MINI CONICO UNII HE 3.5X2 M1.6 | 402484;182122
2094;181306 - 204453 | MINI CONICO UNII HE 3.5X2 M1.8 | 401668;181306
2095;182128 - 2738 | MINI CONICO UNII HE 3.5X3 M1.6 | 402490;182128
2096;181307 - 204477 | MINI CONICO UNII HE 3.5X3 M1.8 | 401669;181307
2097;182131 - 2745 | MINI CONICO UNII HE 4.0X1 | 402493;182131
2098;181421 - 214001 | MINI CONICO UNII HE 4.0X1 ST | 401783;181421
2099;182133 - 2752 | MINI CONICO UNII HE 4.0X2 | 402495;182133
2100;181422 - 214018 | MINI CONICO UNII HE 4.0X2 ST | 401784;181422
2101;182141 - 2769 | MINI CONICO UNII HE 4.0X3 | 402503;182141
2102;181420 - 213998 | MINI CONICO UNII HE 4.0X3 ST | 401782;181420
2103;182142 - 2776 | MINI CONICO UNII HE 5.0X1 | 402504;182142
2104;182145 - 2783 | MINI CONICO UNII HE 5.0X2 | 402507;182145
2105;182155 - 2790 | MINI CONICO UNII HE 5.0X3 | 402517;182155
2106;181987 - 2554 | MINI CONICO UNII HI 3.5X1 | 402349;181987
2107;181989 - 2561 | MINI CONICO UNII HI 3.5X2 | 402351;181989
2108;182014 - 2578 | MINI CONICO UNII HI 3.5X3 | 402376;182014
2109;182044 - 2585 | MINI CONICO UNII HI 4.0X1 | 402406;182044
2110;182189 - 28264 | MINI CONICO UNII HI 4.0X1 ST | 402551;182189
2111;182076 - 2592 | MINI CONICO UNII HI 4.0X2 | 402438;182076
2112;182187 - 28233 | MINI CONICO UNII HI 4.0X2 ST | 402549;182187
2113;182085 - 2608 | MINI CONICO UNII HI 4.0X3 | 402447;182085
2114;182188 - 28240 | MINI CONICO UNII HI 4.0X3 ST | 402550;182188
2115;182088 - 2615 | MINI CONICO UNII HI 5.0X1 | 402450;182088
2116;182090 - 2622 | MINI CONICO UNII HI 5.0X2 | 402452;182090
2117;182092 - 2639 | MINI CONICO UNII HI 5.0X3 | 402454;182092
2118;182960 - 114.337 | MUN.ANAT. CM LAT.ALT.3.5 SEL.PROTETICA | 554475;182960
2119;184781 - 114.100 |  MUN.UNIV. ANGULADO CM 17 GRAUS 4.5X6X3.5 | 585889;184781
2120;184764 - 114.119 |  MUN.UNIV. CM COM PARAFUSO PASS.4.5X4X3.5 | 585872;184764
2121;181721 - 22894 | MUNHAO ANGULADO UNII CONE MORSE AR 3.5X4X0.8 15° | 402083;181721
2122;181725 - 22902 | MUNHAO ANGULADO UNII CONE MORSE AR 3.5X4X0.8 25° | 402087;181725
2123;181722 - 22896 | MUNHAO ANGULADO UNII CONE MORSE AR 3.5X4X1.5 15° | 402084;181722
2124;181726 - 22904 | MUNHAO ANGULADO UNII CONE MORSE AR 3.5X4X1.5 25° | 402088;181726
2125;181723 - 22898 | MUNHAO ANGULADO UNII CONE MORSE AR 3.5X4X2.5 15° | 402085;181723
2126;181727 - 22906 | MUNHAO ANGULADO UNII CONE MORSE AR 3.5X4X2.5 25° | 402089;181727
2127;181724 - 22900 | MUNHAO ANGULADO UNII CONE MORSE AR 3.5X4X3.5 15° | 402086;181724
2128;181728 - 22908 | MUNHAO ANGULADO UNII CONE MORSE AR 3.5X4X3.5 25° | 402090;181728
2129;181729 - 22910 | MUNHAO ANGULADO UNII CONE MORSE AR 3.5X6X0.8 15° | 402091;181729
2130;181733 - 22918 | MUNHAO ANGULADO UNII CONE MORSE AR 3.5X6X0.8 25° | 402095;181733
2131;181730 - 22912 | MUNHAO ANGULADO UNII CONE MORSE AR 3.5X6X1.5 15° | 402092;181730
2132;181734 - 22920 | MUNHAO ANGULADO UNII CONE MORSE AR 3.5X6X1.5 25° | 402096;181734
2133;181731 - 22914 | MUNHAO ANGULADO UNII CONE MORSE AR 3.5X6X2.5 15° | 402093;181731
2134;181735 - 22922 | MUNHAO ANGULADO UNII CONE MORSE AR 3.5X6X2.5 25° | 402097;181735
2135;181732 - 22916 | MUNHAO ANGULADO UNII CONE MORSE AR 3.5X6X3.5 15° | 402094;181732
2136;181736 - 22924 | MUNHAO ANGULADO UNII CONE MORSE AR 3.5X6X3.5 25° | 402098;181736
2137;174719 - 15402099 | PILAR ANGULADO 15ºX4,0 HEX.EXT.3,75/4,0 | 399869;174719
2138;181746 - 22942 | MUNHAO ANGULADO UNII CONE MORSE AR 4.5X4X0.8 25° | 402108;181746
2139;181738 - 22928 | MUNHAO ANGULADO UNII CONE MORSE AR 4.5X4X1.5 15° | 402100;181738
2140;181747 - 22944 | MUNHAO ANGULADO UNII CONE MORSE AR 4.5X4X1.5 25° | 402109;181747
2141;181739 - 22930 | MUNHAO ANGULADO UNII CONE MORSE AR 4.5X4X2.5 15° | 402101;181739
2142;181748 - 22946 | MUNHAO ANGULADO UNII CONE MORSE AR 4.5X4X2.5 25° | 402110;181748
2143;181740 - 22932 | MUNHAO ANGULADO UNII CONE MORSE AR 4.5X4X3.5 15° | 402102;181740
2144;181749 - 22948 | MUNHAO ANGULADO UNII CONE MORSE AR 4.5X4X3.5 25° | 402111;181749
2145;181741 - 22934 | MUNHAO ANGULADO UNII CONE MORSE AR 4.5X6X0.8 15° | 402103;181741
2146;181751 - 22950 | MUNHAO ANGULADO UNII CONE MORSE AR 4.5X6X0.8 25° | 402113;181751
2147;181742 - 22936 | MUNHAO ANGULADO UNII CONE MORSE AR 4.5X6X1.5 15° | 402104;181742
2148;181752 - 22952 | MUNHAO ANGULADO UNII CONE MORSE AR 4.5X6X1.5 25° | 402114;181752
2149;181743 - 22938 | MUNHAO ANGULADO UNII CONE MORSE AR 4.5X6X2.5 15° | 402105;181743
2150;181753 - 22954 | MUNHAO ANGULADO UNII CONE MORSE AR 4.5X6X2.5 25° | 402115;181753
2151;181744 - 22940 | MUNHAO ANGULADO UNII CONE MORSE AR 4.5X6X3.5 15° | 402106;181744
2152;181754 - 22956 | MUNHAO ANGULADO UNII CONE MORSE AR 4.5X6X3.5 25° | 402116;181754
2153;182228 - 3025 | MUNHAO ANGULADO UNII HE 3.5 15° M1.6 | 402590;182228
2154;181300 - 204330 | MUNHAO ANGULADO UNII HE 3.5 15° M1.8 | 401662;181300
2155;182229 - 3032 | MUNHAO ANGULADO UNII HE 3.5 25° M1.6 | 402591;182229
2156;181301 - 204354 | MUNHAO ANGULADO UNII HE 3.5 25° M1.8 | 401663;181301
2157;182230 - 3049 | MUNHAO ANGULADO UNII HE 4.0 15° | 402592;182230
2158;182231 - 3056 | MUNHAO ANGULADO UNII HE 4.0 25° | 402593;182231
2159;181274 - 19712 | MUNHAO ANGULADO UNII HE 5.0 15° | 401636;181274
2160;181381 - 21012 | MUNHAO ANGULADO UNII HE 5.0 25° | 401743;181381
2161;182214 - 2882 | MUNHAO ANGULADO UNII HI 3.5 15° | 402576;182214
2162;182217 - 2899 | MUNHAO ANGULADO UNII HI 3.5 25° | 402579;182217
2163;182218 - 2912 | MUNHAO ANGULADO UNII HI 4.0 15° | 402580;182218
2164;182223 - 2936 | MUNHAO ANGULADO UNII HI 4.0 25° | 402585;182223
2165;182224 - 2943 | MUNHAO ANGULADO UNII HI 5.0 15° | 402586;182224
2166;182225 - 2974 | MUNHAO ANGULADO UNII HI 5.0 25° | 402587;182225
2167;181460 - 21705 | MUNHAO CLASSICO 3.25 | 401822;181460
2168;181461 - 21707 | MUNHAO CLASSICO 3.75 | 401823;181461
2169;181463 - 21709 | MUNHAO CLASSICO 4.25 | 401825;181463
2170;182226 - 3001 | MUNHAO RETO ANTI ROTACIONAL UNII HE 3.5 M1.6 | 402588;182226
2171;181302 - 204378 | MUNHAO RETO ANTI ROTACIONAL UNII HE 3.5 M1.8 | 401664;181302
2172;182227 - 3018 | MUNHAO RETO ANTI ROTACIONAL UNII HE 4.0 | 402589;182227
2173;181449 - 214506 | MUNHAO RETO ANTI ROTACIONAL UNII HE 4.0 ST | 401811;181449
2174;181189 - 14885 | MUNHAO RETO ANTI ROTACIONAL UNII HE 5.0 | 401551;181189
2175;182174 - 2806 | MUNHAO RETO ANTI ROTACIONAL UNII HI 3.5 | 402536;182174
2176;182205 - 2851 | MUNHAO RETO ANTI ROTACIONAL UNII HI 4.0 | 402567;182205
2177;181450 - 214551 | MUNHAO RETO ANTI ROTACIONAL UNII HI 4.0 ST | 401812;181450
2178;182213 - 2875 | MUNHAO RETO ANTI ROTACIONAL UNII HI 5.0 | 402575;182213
2179;181553 - 221092 | MUNHAO RETO AR COM CINTA UNII HE 4.0X1.0 | 401915;181553
2180;181554 - 221108 | MUNHAO RETO AR COM CINTA UNII HE 4.0X2.0 | 401916;181554
2181;181555 - 221115 | MUNHAO RETO AR COM CINTA UNII HE 4.0X3.0 | 401917;181555
2182;181556 - 221122 | MUNHAO RETO AR COM CINTA UNII HE 4.0X4.0 | 401918;181556
2183;181557 - 221139 | MUNHAO RETO AR COM CINTA UNII HE 4.0X5.0 | 401919;181557
2184;181483 - 217637 | MUNHAO RETO AR COM CINTA UNII HI 4.0X1.0 | 401845;181483
2185;181484 - 217651 | MUNHAO RETO AR COM CINTA UNII HI 4.0X2.0 | 401846;181484
2186;181485 - 217675 | MUNHAO RETO AR COM CINTA UNII HI 4.0X3.0 | 401847;181485
2187;181486 - 217699 | MUNHAO RETO AR COM CINTA UNII HI 4.0X4.0 | 401848;181486
2188;181487 - 217712 | MUNHAO RETO AR COM CINTA UNII HI 4.0X5.0 | 401849;181487
2189;181462 - 21708 | MUNHAO UNII ANGULADO CONE MORSE 3.5X4X0.8 15° | 401824;181462
2190;181669 - 22484 | MUNHAO UNII ANGULADO CONE MORSE 3.5X4X0.8 25° | 402031;181669
2191;181466 - 21715 | MUNHAO UNII ANGULADO CONE MORSE 3.5X4X1.5 15° | 401828;181466
2192;181670 - 22491 | MUNHAO UNII ANGULADO CONE MORSE 3.5X4X1.5 25° | 402032;181670
2193;181469 - 21722 | MUNHAO UNII ANGULADO CONE MORSE 3.5X4X2.5 15° | 401831;181469
2194;181671 - 22507 | MUNHAO UNII ANGULADO CONE MORSE 3.5X4X2.5 25° | 402033;181671
2195;181472 - 21739 | MUNHAO UNII ANGULADO CONE MORSE 3.5X4X3.5 15° | 401834;181472
2196;181672 - 22514 | MUNHAO UNII ANGULADO CONE MORSE 3.5X4X3.5 25° | 402034;181672
2197;181479 - 21753 | MUNHAO UNII ANGULADO CONE MORSE 3.5X6X0.8 15° | 401841;181479
2198;181673 - 22552 | MUNHAO UNII ANGULADO CONE MORSE 3.5X6X0.8 25° | 402035;181673
2199;181482 - 21760 | MUNHAO UNII ANGULADO CONE MORSE 3.5X6X1.5 15° | 401844;181482
2200;181677 - 22569 | MUNHAO UNII ANGULADO CONE MORSE 3.5X6X1.5 25° | 402039;181677
2201;181488 - 21777 | MUNHAO UNII ANGULADO CONE MORSE 3.5X6X2.5 15° | 401850;181488
2202;181682 - 22576 | MUNHAO UNII ANGULADO CONE MORSE 3.5X6X2.5 25° | 402044;181682
2203;181489 - 21784 | MUNHAO UNII ANGULADO CONE MORSE 3.5X6X3.5 15° | 401851;181489
2204;181683 - 22583 | MUNHAO UNII ANGULADO CONE MORSE 3.5X6X3.5 25° | 402045;181683
2205;181656 - 22422 | MUNHAO UNII ANGULADO CONE MORSE 4.5X4X0.8 15° | 402018;181656
2206;181504 - 21814 | MUNHAO UNII ANGULADO CONE MORSE 4.5X4X0.8 25° | 401866;181504
2207;181542 - 22088 | MUNHAO UNII ANGULADO CONE MORSE 4.5X4X1.5 15° | 401904;181542
2208;181507 - 21821 | MUNHAO UNII ANGULADO CONE MORSE 4.5X4X1.5 25° | 401869;181507
2209;181613 - 22262 | MUNHAO UNII ANGULADO CONE MORSE 4.5X4X2.5 15° | 401975;181613
2210;181517 - 21838 | MUNHAO UNII ANGULADO CONE MORSE 4.5X4X2.5 25° | 401879;181517
2211;181665 - 22439 | MUNHAO UNII ANGULADO CONE MORSE 4.5X4X3.5 15° | 402027;181665
2212;181519 - 21845 | MUNHAO UNII ANGULADO CONE MORSE 4.5X4X3.5 25° | 401881;181519
2213;181852 - 24150 | MUNHAO UNII ANGULADO CONE MORSE 4.5X6X0.8 15° | 402214;181852
2214;181523 - 21876 | MUNHAO UNII ANGULADO CONE MORSE 4.5X6X0.8 25° | 401885;181523
2215;181853 - 24167 | MUNHAO UNII ANGULADO CONE MORSE 4.5X6X1.5 15° | 402215;181853
2216;181524 - 21883 | MUNHAO UNII ANGULADO CONE MORSE 4.5X6X1.5 25° | 401886;181524
2217;181631 - 22309 | MUNHAO UNII ANGULADO CONE MORSE 4.5X6X2.5 15° | 401993;181631
2218;181526 - 21906 | MUNHAO UNII ANGULADO CONE MORSE 4.5X6X2.5 25° | 401888;181526
2219;181667 - 22453 | MUNHAO UNII ANGULADO CONE MORSE 4.5X6X3.5 15° | 402029;181667
2220;181525 - 21890 | MUNHAO UNII ANGULADO CONE MORSE 4.5X6X3.5 25° | 401887;181525
2221;181492 - 217910 | MUNHAO UNII CONE MORSE 3.5X4X0.8 C/P | 401854;181492
2222;181388 - 211550 | MUNHAO UNII CONE MORSE 3.5X4X0.8 ST | 401750;181388
2223;181493 - 217934 | MUNHAO UNII CONE MORSE 3.5X4X1.5 C/P | 401855;181493
2224;181389 - 21157 | MUNHAO UNII CONE MORSE 3.5X4X1.5 ST | 401751;181389
2225;181494 - 217958 | MUNHAO UNII CONE MORSE 3.5X4X2.5 C/P | 401856;181494
2226;181390 - 211598 | MUNHAO UNII CONE MORSE 3.5X4X2.5 ST | 401752;181390
2227;181495 - 217972 | MUNHAO UNII CONE MORSE 3.5X4X3.5 C/P | 401857;181495
2228;181391 - 21161 | MUNHAO UNII CONE MORSE 3.5X4X3.5 ST | 401753;181391
2229;181496 - 217996 | MUNHAO UNII CONE MORSE 3.5X4X4.5 C/P | 401858;181496
2230;181392 - 211635 | MUNHAO UNII CONE MORSE 3.5X4X4.5 ST | 401754;181392
2231;181497 - 218016 | MUNHAO UNII CONE MORSE 3.5X4X5.5 C/P | 401859;181497
2232;181393 - 211659 | MUNHAO UNII CONE MORSE 3.5X4X5.5 ST | 401755;181393
2233;181498 - 218030 | MUNHAO UNII CONE MORSE 3.5X6X0.8 C/P | 401860;181498
2234;181394 - 211673 | MUNHAO UNII CONE MORSE 3.5X6X0.8 ST | 401756;181394
2235;181499 - 218054 | MUNHAO UNII CONE MORSE 3.5X6X1.5 C/P | 401861;181499
2236;181395 - 211697 | MUNHAO UNII CONE MORSE 3.5X6X1.5 ST | 401757;181395
2237;181500 - 218078 | MUNHAO UNII CONE MORSE 3.5X6X2.5 C/P | 401862;181500
2238;181396 - 211710 | MUNHAO UNII CONE MORSE 3.5X6X2.5 ST | 401758;181396
2239;181501 - 218092 | MUNHAO UNII CONE MORSE 3.5X6X3.5 C/P | 401863;181501
2240;181397 - 211734 | MUNHAO UNII CONE MORSE 3.5X6X3.5 ST | 401759;181397
2241;181502 - 218115 | MUNHAO UNII CONE MORSE 3.5X6X4.5 C/P | 401864;181502
2242;181398 - 21175 | MUNHAO UNII CONE MORSE 3.5X6X4.5 ST | 401760;181398
2243;181503 - 218139 | MUNHAO UNII CONE MORSE 3.5X6X5.5 C/P | 401865;181503
2244;181399 - 21177 | MUNHAO UNII CONE MORSE 3.5X6X5.5 ST | 401761;181399
2245;181505 - 218177 | MUNHAO UNII CONE MORSE 4.5X4X0.8 C/P | 401867;181505
2246;182153 - 27854 | MUNHAO UNII CONE MORSE 4.5X4X0.8 ST | 402515;182153
2247;181506 - 218191 | MUNHAO UNII CONE MORSE 4.5X4X1.5 C/P | 401868;181506
2248;182152 - 27847 | MUNHAO UNII CONE MORSE 4.5X4X1.5 ST | 402514;182152
2249;181508 - 218214 | MUNHAO UNII CONE MORSE 4.5X4X2.5 C/P | 401870;181508
2250;182146 - 27830 | MUNHAO UNII CONE MORSE 4.5X4X2.5 ST | 402508;182146
2251;181509 - 218238 | MUNHAO UNII CONE MORSE 4.5X4X3.5 C/P | 401871;181509
2252;181400 - 21185 | MUNHAO UNII CONE MORSE 4.5X4X3.5 ST | 401762;181400
2253;181510 - 218252 | MUNHAO UNII CONE MORSE 4.5X4X4.5 C/P | 401872;181510
2254;181401 - 21187 | MUNHAO UNII CONE MORSE 4.5X4X4.5 ST | 401763;181401
2255;181511 - 218276 | MUNHAO UNII CONE MORSE 4.5X4X5.5 C/P | 401873;181511
2256;181402 - 21189 | MUNHAO UNII CONE MORSE 4.5X4X5.5 ST | 401764;181402
2257;181512 - 218290 | MUNHAO UNII CONE MORSE 4.5X6X0.8 C/P | 401874;181512
2258;182140 - 27649 | MUNHAO UNII CONE MORSE 4.5X6X0.8 ST | 402502;182140
2259;181513 - 218313 | MUNHAO UNII CONE MORSE 4.5X6X1.5 C/P | 401875;181513
2260;182144 - 27823 | MUNHAO UNII CONE MORSE 4.5X6X1.5 ST | 402506;182144
2261;181514 - 218337 | MUNHAO UNII CONE MORSE 4.5X6X2.5 C/P | 401876;181514
2262;182154 - 27861 | MUNHAO UNII CONE MORSE 4.5X6X2.5 ST | 402516;182154
2263;181515 - 218351 | MUNHAO UNII CONE MORSE 4.5X6X3.5 C/P | 401877;181515
2264;181379 - 21010 | MUNHAO UNII CONE MORSE 4.5X6X3.5 ST | 401741;181379
2265;181516 - 218375 | MUNHAO UNII CONE MORSE 4.5X6X4.5 C/P | 401878;181516
2266;181382 - 21018 | MUNHAO UNII CONE MORSE 4.5X6X4.5 ST | 401744;181382
2267;181518 - 218399 | MUNHAO UNII CONE MORSE 4.5X6X5.5 C/P | 401880;181518
2268;181380 - 21011 | MUNHAO UNII CONE MORSE 4.5X6X5.5 ST | 401742;181380
2269;184687 - 114.375 |  MUNHAO UNIVERSAL CM EXACT 4.5X6X4.5 | 585696;184687
2270;189998 - 877.175 | MUNHÃO ANG PERSON 17° 4:4.5 ALT 1.5 AVANTT | 405746;189998
2271;189999 - 877.176 | MUNHÃO ANG PERSON 17° 4:4.5 ALT 2.5 AVANTT | 405747;189999
2272;190000 - 877.177 | MUNHÃO ANG PERSON 17° 4:4.5 ALT 3.5 AVANTT | 405748;190000
2273;190001 - 877.178 | MUNHÃO ANG PERSON 17° 4:4.5 ALT 4.5 AVANTT | 405749;190001
2274;190002 - 877.179 | MUNHÃO ANG PERSON 17° 4:4.5 ALT 5.5 AVANTT | 405750;190002
2275;190004 - 877.181 | MUNHÃO ANG PERSON 17° 6:3.3 ALT 1.5 AVANTT | 405752;190004
2276;190005 - 877.182 | MUNHÃO ANG PERSON 17° 6:3.3 ALT 2.5 AVANTT | 405753;190005
2277;190006 - 877.183 | MUNHÃO ANG PERSON 17° 6:3.3 ALT 3.5 AVANTT | 405754;190006
2278;190007 - 877.184 | MUNHÃO ANG PERSON 17° 6:3.3 ALT 4.5 AVANTT | 405755;190007
2279;190008 - 877.185 | MUNHÃO ANG PERSON 17° 6:3.3 ALT 5.5 AVANTT | 405756;190008
2280;190010 - 877.187 | MUNHÃO ANG PERSON 17° 6:4.5 ALT 1.5 AVANTT | 405758;190010
2281;190011 - 877.188 | MUNHÃO ANG PERSON 17° 6:4.5 ALT 2.5 AVANTT | 405759;190011
2282;190012 - 877.189 | MUNHÃO ANG PERSON 17° 6:4.5 ALT 3.5 AVANTT | 405760;190012
2283;190013 - 877.190 | MUNHÃO ANG PERSON 17° 6:4.5 ALT 4.5 AVANTT | 405761;190013
2284;190014 - 877.191 | MUNHÃO ANG PERSON 17° 6:4.5 ALT 5.5 AVANTT | 405762;190014
2285;190016 - 877.193 | MUNHÃO ANG PERSON 30° 4:3.3 ALT 1.5 AVANTT | 405764;190016
2286;190017 - 877.194 | MUNHÃO ANG PERSON 30° 4:3.3 ALT 2.5 AVANTT | 405765;190017
2287;190018 - 877.195 | MUNHÃO ANG PERSON 30° 4:3.3 ALT 3.5 AVANTT | 405766;190018
2288;190019 - 877.196 | MUNHÃO ANG PERSON 30° 4:3.3 ALT 4.5 AVANTT | 405767;190019
2289;190020 - 877.197 | MUNHÃO ANG PERSON 30° 4:3.3 ALT 5.5 AVANTT | 405768;190020
2290;190022 - 877.199 | MUNHÃO ANG PERSON 30° 4:4.5 ALT 1.5 AVANTT | 405770;190022
2291;190023 - 877.200 | MUNHÃO ANG PERSON 30° 4:4.5 ALT 2.5 AVANTT | 405771;190023
2292;190024 - 877.201 | MUNHÃO ANG PERSON 30° 4:4.5 ALT 3.5 AVANTT | 405772;190024
2293;190025 - 877.202 | MUNHÃO ANG PERSON 30° 4:4.5 ALT 4.5 AVANTT | 405773;190025
2294;190026 - 877.203 | MUNHÃO ANG PERSON 30° 4:4.5 ALT 5.5 AVANTT | 405774;190026
2295;190028 - 877.205 | MUNHÃO ANG PERSON 30° 6:3.3 ALT 1.5 AVANTT | 405776;190028
2296;190029 - 877.206 | MUNHÃO ANG PERSON 30° 6:3.3 ALT 2.5 AVANTT | 405777;190029
2297;190030 - 877.207 | MUNHÃO ANG PERSON 30° 6:3.3 ALT 3.5 AVANTT | 405778;190030
2298;190031 - 877.208 | MUNHÃO ANG PERSON 30° 6:3.3 ALT 4.5 AVANTT | 405779;190031
2299;190032 - 877.209 | MUNHÃO ANG PERSON 30° 6:3.3 ALT 5.5 AVANTT | 405780;190032
2300;190034 - 877.211 | MUNHÃO ANG PERSON 30° 6:4.5 ALT 1.5 AVANTT | 405782;190034
2301;190035 - 877.212 | MUNHÃO ANG PERSON 30° 6:4.5 ALT 2.5 AVANTT | 405783;190035
2302;190154 - 881.000 | MUNHÃO ANGULADO 15° 4.0 MM ALT 1.5 MM ALLURE | 405902;190154
2303;190155 - 881.001 | MUNHÃO ANGULADO 15° 4.0 MM ALT 2.5 MM ALLURE | 405903;190155
2304;190156 - 881.002 | MUNHÃO ANGULADO 15° 4.0 MM ALT 3.5 MM ALLURE | 405904;190156
2305;190157 - 881.003 | MUNHÃO ANGULADO 15° 4.0 MM ALT 4.5 MM ALLURE | 405905;190157
2306;190158 - 881.004 | MUNHÃO ANGULADO 15° 4.0 MM ALT 5.5 MM ALLURE | 405906;190158
2307;190159 - 881.010 | MUNHÃO ANGULADO 15° 6.0 MM ALT 1.5 MM ALLURE | 405907;190159
2308;190160 - 881.011 | MUNHÃO ANGULADO 15° 6.0 MM ALT 2.5 MM ALLURE | 405908;190160
2309;190161 - 881.012 | MUNHÃO ANGULADO 15° 6.0 MM ALT 3.5 MM ALLURE | 405909;190161
2310;190162 - 881.013 | MUNHÃO ANGULADO 15° 6.0 MM ALT 4.5 MM ALLURE | 405910;190162
2311;190163 - 881.014 | MUNHÃO ANGULADO 15° 6.0 MM ALT 5.5 MM ALLURE | 405911;190163
2312;189467 - 831.004 | MUNHÃO ANGULADO 15º 3.3 MM ALT 2 MM HE | 405215;189467
2313;189468 - 831.005 | MUNHÃO ANGULADO 15º 3.3 MM ALT 3 MM HE | 405216;189468
2314;189469 - 831.006 | MUNHÃO ANGULADO 15º 3.3 MM ALT 4 MM HE | 405217;189469
2315;189490 - 832.010 | MUNHÃO ANGULADO 15º 3.6 MM ALT 2 MM HI CR | 405238;189490
2316;189491 - 832.011 | MUNHÃO ANGULADO 15º 3.6 MM ALT 3 MM HI CR | 405239;189491
2317;189492 - 832.012 | MUNHÃO ANGULADO 15º 3.6 MM ALT 4 MM HI CR | 405240;189492
2318;189464 - 831.001 | MUNHÃO ANGULADO 15º 4.1 MM ALT 2 MM HE | 405212;189464
2319;189465 - 831.002 | MUNHÃO ANGULADO 15º 4.1 MM ALT 3 MM HE | 405213;189465
2320;189466 - 831.003 | MUNHÃO ANGULADO 15º 4.1 MM ALT 4 MM HE | 405214;189466
2321;189493 - 832.013 | MUNHÃO ANGULADO 15º 4.3 MM ALT 2 MM HI CR | 405241;189493
2322;189494 - 832.014 | MUNHÃO ANGULADO 15º 4.3 MM ALT 3 MM HI CR | 405242;189494
2323;189495 - 832.015 | MUNHÃO ANGULADO 15º 4.3 MM ALT 4 MM HI CR | 405243;189495
2324;189470 - 831.007 | MUNHÃO ANGULADO 15º 5.0 MM ALT 2 MM HE | 405218;189470
2325;189496 - 832.016 | MUNHÃO ANGULADO 15º 5.0 MM ALT 2 MM HI CR | 405244;189496
2326;189471 - 831.008 | MUNHÃO ANGULADO 15º 5.0 MM ALT 3 MM HE | 405219;189471
2327;189497 - 832.017 | MUNHÃO ANGULADO 15º 5.0 MM ALT 3 MM HI CR | 405245;189497
2328;189472 - 831.009 | MUNHÃO ANGULADO 15º 5.0 MM ALT 4 MM HE | 405220;189472
2329;189498 - 832.018 | MUNHÃO ANGULADO 15º 5.0 MM ALT 4 MM HI CR | 405246;189498
2330;189499 - 832.700 | MUNHÃO ANGULADO 15º 5:3.5 MM ALT 1.5 MM ATTRACT | 405247;189499
2331;189500 - 832.701 | MUNHÃO ANGULADO 15º 5:3.5 MM ALT 2.5 MM ATTRACT | 405248;189500
2332;189501 - 832.702 | MUNHÃO ANGULADO 15º 5:3.5 MM ALT 3.5 MM ATTRACT | 405249;189501
2333;189502 - 832.703 | MUNHÃO ANGULADO 15º 5:4.3/5.0 MM ALT 1.5 MM ATTRACT | 405250;189502
2334;189503 - 832.704 | MUNHÃO ANGULADO 15º 5:4.3/5.0 MM ALT 2.5 MM ATTRACT | 405251;189503
2335;189504 - 832.705 | MUNHÃO ANGULADO 15º 5:4.3/5.0 MM ALT 3.5 MM ATTRACT | 405252;189504
2336;189505 - 832.706 | MUNHÃO ANGULADO 15º 7:3.5 MM ALT 1.5 MM ATTRACT | 405253;189505
2337;189506 - 832.707 | MUNHÃO ANGULADO 15º 7:3.5 MM ALT 2.5 MM ATTRACT | 405254;189506
2338;189507 - 832.708 | MUNHÃO ANGULADO 15º 7:3.5 MM ALT 3.5 MM ATTRACT | 405255;189507
2339;189508 - 832.709 | MUNHÃO ANGULADO 15º 7:4.3/5.0 MM ALT 1.5 MM ATTRACT | 405256;189508
2340;189509 - 832.710 | MUNHÃO ANGULADO 15º 7:4.3/5.0 MM ALT 2.5 MM ATTRACT | 405257;189509
2341;189510 - 832.711 | MUNHÃO ANGULADO 15º 7:4.3/5.0 MM ALT 3.5 MM ATTRACT | 405258;189510
2342;189511 - 833.000 | MUNHÃO ANGULADO 25° 4.1 MM ALT 2 MM HE | 405259;189511
2343;189515 - 833.004 | MUNHÃO ANGULADO 25º 3.3 MM ALT 3 MM HE | 405263;189515
2344;189516 - 833.005 | MUNHÃO ANGULADO 25º 3.3 MM ALT 4 MM HE | 405264;189516
2345;189512 - 833.001 | MUNHÃO ANGULADO 25º 4.1 MM ALT 3 MM HE | 405260;189512
2346;189513 - 833.002 | MUNHÃO ANGULADO 25º 4.1 MM ALT 4 MM HE | 405261;189513
2347;189514 - 833.003 | MUNHÃO ANGULADO 25º 4.1 MM ALT 5 MM HE | 405262;189514
2348;189517 - 833.006 | MUNHÃO ANGULADO 25º 5.0 MM ALT 3 MM HE | 405265;189517
2349;189518 - 833.007 | MUNHÃO ANGULADO 25º 5.0 MM ALT 4 MM HE | 405266;189518
2350;189473 - 831.300 | MUNHÃO ANGULADO 27° 3.6 MM ALT 3 MM ATTRACT | 405221;189473
2351;189474 - 831.301 | MUNHÃO ANGULADO 27° 3.6 MM ALT 4 MM ATTRACT | 405222;189474
2352;190164 - 881.020 | MUNHÃO ANGULADO 27° 4.0 MM ALT 1.5 MM ALLURE | 405912;190164
2353;190165 - 881.021 | MUNHÃO ANGULADO 27° 4.0 MM ALT 2.5 MM ALLURE | 405913;190165
2354;190166 - 881.022 | MUNHÃO ANGULADO 27° 4.0 MM ALT 3.5 MM ALLURE | 405914;190166
2355;190167 - 881.023 | MUNHÃO ANGULADO 27° 4.0 MM ALT 4.5 MM ALLURE | 405915;190167
2356;189475 - 831.303 | MUNHÃO ANGULADO 27° 4.3/5.0 MM ALT 3 MM ATTRACT | 405223;189475
2357;189476 - 831.304 | MUNHÃO ANGULADO 27° 4.3/5.0 MM ALT 4 MM ATTRACT | 405224;189476
2358;189477 - 831.305 | MUNHÃO ANGULADO 27° 4.3/5.0 MM ALT 5 MM ATTRACT | 405225;189477
2359;189478 - 831.700 | MUNHÃO ANGULADO 27° 5 MM 3.5 MM ALT 1.5 MM ATTACT | 405226;189478
2360;189481 - 831.703 | MUNHÃO ANGULADO 27° 5 MM 4.3/5.0 MM ALT 1.5 MM ATTRACT | 405229;189481
2361;190172 - 881.034 | MUNHÃO ANGULADO 27° 6.0 MM ALLURE ALT 5.5 MM ATTRACT | 405920;190172
2362;190168 - 881.030 | MUNHÃO ANGULADO 27° 6.0 MM ALT 1.5 MM ALLURE | 405916;190168
2363;190169 - 881.031 | MUNHÃO ANGULADO 27° 6.0 MM ALT 2.5 MM ALLURE | 405917;190169
2364;190170 - 881.032 | MUNHÃO ANGULADO 27° 6.0 MM ALT 3.5 MM ALLURE | 405918;190170
2365;190171 - 881.033 | MUNHÃO ANGULADO 27° 6.0 MM ALT 4.5 MM ALLURE | 405919;190171
2366;189487 - 831.709 | MUNHÃO ANGULADO 27° 7 MM 4.3/5.0 MM ALT 1.5 MM ATTRACT | 405235;189487
2367;189479 - 831.701 | MUNHÃO ANGULADO 27º 5:3.5 MM ALT 2.5 MM ATTRACT | 405227;189479
2368;189480 - 831.702 | MUNHÃO ANGULADO 27º 5:3.5 MM ALT 3.5 MM ATTRACT | 405228;189480
2369;189482 - 831.704 | MUNHÃO ANGULADO 27º 5:4.3/5.0 MM ALT 2.5 MM ATTRACT | 405230;189482
2370;189483 - 831.705 | MUNHÃO ANGULADO 27º 5:4.3/5.0 MM ALT 3.5 MM ATTRACT | 405231;189483
2371;189484 - 831.706 | MUNHÃO ANGULADO 27º 7:3.5 MM ALT 1.5 MM ATTRACT | 405232;189484
2372;189485 - 831.707 | MUNHÃO ANGULADO 27º 7:3.5 MM ALT 2.5 MM ATTRACT | 405233;189485
2373;189486 - 831.708 | MUNHÃO ANGULADO 27º 7:3.5 MM ALT 3.5 MM ATTRACT | 405234;189486
2374;189488 - 831.710 | MUNHÃO ANGULADO 27º 7:4.3/5.0 MM ALT 2.5 MM ATTRACT | 405236;189488
2375;189489 - 831.711 | MUNHÃO ANGULADO 27º 7:4.3/5.0 MM ALT 3.5 MM ATTRACT | 405237;189489
2376;189521 - 834.012 | MUNHÃO ANGULADO 30° 3.6 ALT 5 MM HI CR | 405269;189521
2377;189524 - 834.015 | MUNHÃO ANGULADO 30° 4.3 ALT 5 MM HI CR | 405272;189524
2378;189519 - 834.010 | MUNHÃO ANGULADO 30º 3.6 MM ALT 3 MM HI CR | 405267;189519
2379;189520 - 834.011 | MUNHÃO ANGULADO 30º 3.6 MM ALT 4 MM HI CR | 405268;189520
2380;189522 - 834.013 | MUNHÃO ANGULADO 30º 4.3 MM ALT 3 MM HI CR | 405270;189522
2381;189523 - 834.014 | MUNHÃO ANGULADO 30º 4.3 MM ALT 4 MM HI CR | 405271;189523
2382;189525 - 834.016 | MUNHÃO ANGULADO 30º 5.0 MM ALT 3 MM HI CR | 405273;189525
2383;189526 - 834.017 | MUNHÃO ANGULADO 30º 5.0 MM ALT 4 MM HI CR | 405274;189526
2384;189527 - 834.018 | MUNHÃO ANGULADO 30º 5.0 MM ALT 5 MM HI CR | 405275;189527
2385;189991 - 877.168 | MUNHÃO ANGULADO PERSONALIZADO 17º 4:3.3 MM ALT 0.8 MM AVANTT | 405739;189991
2386;189992 - 877.169 | MUNHÃO ANGULADO PERSONALIZADO 17º 4:3.3 MM ALT 1.5 MM AVANTT | 405740;189992
2387;189993 - 877.170 | MUNHÃO ANGULADO PERSONALIZADO 17º 4:3.3 MM ALT 2.5 MM AVANTT | 405741;189993
2388;189994 - 877.171 | MUNHÃO ANGULADO PERSONALIZADO 17º 4:3.3 MM ALT 3.5 MM AVANTT | 405742;189994
2389;189995 - 877.172 | MUNHÃO ANGULADO PERSONALIZADO 17º 4:3.3 MM ALT 4.5 MM AVANTT | 405743;189995
2390;189996 - 877.173 | MUNHÃO ANGULADO PERSONALIZADO 17º 4:3.3 MM ALT 5.5 MM AVANTT | 405744;189996
2391;189997 - 877.174 | MUNHÃO ANGULADO PERSONALIZADO 17º 4:4.5 MM ALT 0.8 MM AVANTT | 405745;189997
2392;190003 - 877.180 | MUNHÃO ANGULADO PERSONALIZADO 17º 6:3.3 MM ALT 0.8 MM AVANTT | 405751;190003
2393;190009 - 877.186 | MUNHÃO ANGULADO PERSONALIZADO 17º 6:4.5 MM ALT 0.8 MM AVANTT | 405757;190009
2394;190015 - 877.192 | MUNHÃO ANGULADO PERSONALIZADO 30º 4:3.3 MM ALT 0.8 MM AVANTT | 405763;190015
2395;190021 - 877.198 | MUNHÃO ANGULADO PERSONALIZADO 30º 4:4.5 MM ALT 0.8 MM AVANTT | 405769;190021
2396;190027 - 877.204 | MUNHÃO ANGULADO PERSONALIZADO 30º 6:3.3 MM ALT 0.8 MM AVANTT | 405775;190027
2397;190033 - 877.210 | MUNHÃO ANGULADO PERSONALIZADO 30º 6:4.5 MM ALT 0.8 MM AVANTT | 405781;190033
2398;190036 - 877.214 | MUNHÃO ANGULADO PERSONALIZADO 30º 6:4.5 MM ALT 4.5 MM AVANTT | 405784;190036
2399;190037 - 877.215 | MUNHÃO ANGULADO PERSONALIZADO 30º 6:4.5 MM ALT 5.5 MM AVANTT | 405785;190037
2400;189565 - 836.100S | MUNHÃO CONE FIX ALT 0.3 MM - PEÇA ESPECIAL | 405313;189565
2401;189564 - 836.100 | MUNHÃO CONE FIX ALT 1 MM | 405312;189564
2402;189566 - 836.101 | MUNHÃO CONE FIX ALT 2 MM | 405314;189566
2403;189567 - 836.102 | MUNHÃO CONE FIX ALT 3 MM | 405315;189567
2404;189568 - 836.103 | MUNHÃO CONE FIX ALT 4 MM | 405316;189568
2405;190133 - 880.040 | MUNHÃO DIRECT 4.0 MM ALT 0.5 MM ALLURE | 405881;190133
2406;190134 - 880.041 | MUNHÃO DIRECT 4.0 MM ALT 1.5 MM ALLURE | 405882;190134
2407;190135 - 880.042 | MUNHÃO DIRECT 4.0 MM ALT 2.5 MM ALLURE | 405883;190135
2408;190136 - 880.043 | MUNHÃO DIRECT 4.0 MM ALT 3.5 MM ALLURE | 405884;190136
2409;190137 - 880.044 | MUNHÃO DIRECT 4.0 MM ALT 4.5 MM ALLURE | 405885;190137
2410;190038 - 877.216 | MUNHÃO DIRECT 4:3.3 ALT 0,5 AVANTT | 405786;190038
2411;190040 - 877.218 | MUNHÃO DIRECT 4:3.3 ALT 1.5 AVANTT | 405788;190040
2412;190041 - 877.219 | MUNHÃO DIRECT 4:3.3 ALT 2.5 AVANTT | 405789;190041
2413;190042 - 877.220 | MUNHÃO DIRECT 4:3.3 ALT 3.5 AVANTT | 405790;190042
2414;190043 - 877.221 | MUNHÃO DIRECT 4:3.3 ALT 4.5 AVANTT | 405791;190043
2415;190044 - 877.222 | MUNHÃO DIRECT 4:3.3 ALT 5.5 AVANTT | 405792;190044
2416;190039 - 877.217 | MUNHÃO DIRECT 4:3.3 MM ALT 0.8 MM AVANTT | 405787;190039
2417;190045 - 877.223 | MUNHÃO DIRECT 4:3.3 MM ALT 6.5 MM AVANTT | 405793;190045
2418;190046 - 877.224 | MUNHÃO DIRECT 4:4.5 ALT 0.5 AVANTT | 405794;190046
2419;190047 - 877.225 | MUNHÃO DIRECT 4:4.5 ALT 0.8 AVANTT | 405795;190047
2420;190048 - 877.226 | MUNHÃO DIRECT 4:4.5 ALT 1.5 AVANTT | 405796;190048
2421;190049 - 877.227 | MUNHÃO DIRECT 4:4.5 ALT 2.5 AVANTT | 405797;190049
2422;190050 - 877.228 | MUNHÃO DIRECT 4:4.5 ALT 3.5 AVANTT | 405798;190050
2423;190051 - 877.229 | MUNHÃO DIRECT 4:4.5 ALT 4.5 AVANTT | 405799;190051
2424;190052 - 877.230 | MUNHÃO DIRECT 4:4.5 ALT 5.5 AVANTT | 405800;190052
2425;190053 - 877.231 | MUNHÃO DIRECT 4:4.5 MM ALT 6.5 MM AVANTT | 405801;190053
2426;189392 - 829.720 | MUNHÃO DIRECT 5 MM 3.5 MM ALT 5.5 MM ATTRACT | 405140;189392
2427;189394 - 829.722 | MUNHÃO DIRECT 5 MM 3.5 MM ALT 7.5 MM ATTRACT | 405142;189394
2428;189395 - 829.723 | MUNHÃO DIRECT 5 MM 4.3/5.0 MM ALT 5.5 MM ATTRACT | 405143;189395
2429;189404 - 829.732 | MUNHÃO DIRECT 5 MM 4.3/5.0 MM ALT 7.5 MM ATTRACT | 405152;189404
2430;189372 - 829.700 | MUNHÃO DIRECT 5:3.5 MM ALT 0.0 MM ATTRACT | 405120;189372
2431;189373 - 829.701 | MUNHÃO DIRECT 5:3.5 MM ALT 1.5 MM ATTRACT | 405121;189373
2432;189374 - 829.702 | MUNHÃO DIRECT 5:3.5 MM ALT 2.5 MM ATTRACT | 405122;189374
2433;189375 - 829.703 | MUNHÃO DIRECT 5:3.5 MM ALT 3.5 MM ATTRACT | 405123;189375
2434;189376 - 829.704 | MUNHÃO DIRECT 5:3.5 MM ALT 4.5 MM ATTRACT | 405124;189376
2435;189377 - 829.705 | MUNHÃO DIRECT 5:4.3/5.0 MM ALT 0.0 MM ATTRACT | 405125;189377
2436;189378 - 829.706 | MUNHÃO DIRECT 5:4.3/5.0 MM ALT 1.5 MM ATTRACT | 405126;189378
2437;189379 - 829.707 | MUNHÃO DIRECT 5:4.3/5.0 MM ALT 2.5 MM ATTRACT | 405127;189379
2438;189380 - 829.708 | MUNHÃO DIRECT 5:4.3/5.0 MM ALT 3.5 MM ATTRACT | 405128;189380
2439;189381 - 829.709 | MUNHÃO DIRECT 5:4.3/5.0 MM ALT 4.5 MM ATTRACT | 405129;189381
2440;190138 - 880.050 | MUNHÃO DIRECT 6.0 MM ALT 0.5 MM ALLURE | 405886;190138
2441;190139 - 880.051 | MUNHÃO DIRECT 6.0 MM ALT 1.5 MM ALLURE | 405887;190139
2442;190140 - 880.052 | MUNHÃO DIRECT 6.0 MM ALT 2.5 MM ALLURE | 405888;190140
2443;190141 - 880.053 | MUNHÃO DIRECT 6.0 MM ALT 3.5 MM ALLURE | 405889;190141
2444;190142 - 880.054 | MUNHÃO DIRECT 6.0 MM ALT 4.5 MM ALLURE | 405890;190142
2445;190054 - 877.232 | MUNHÃO DIRECT 6:3.3 ALT 0.5 AVANTT | 405802;190054
2446;190055 - 877.233 | MUNHÃO DIRECT 6:3.3 ALT 0.8 AVANTT | 405803;190055
2447;190056 - 877.234 | MUNHÃO DIRECT 6:3.3 ALT 1.5 AVANTT | 405804;190056
2448;190057 - 877.235 | MUNHÃO DIRECT 6:3.3 ALT 2.5 AVANTT | 405805;190057
2449;190058 - 877.236 | MUNHÃO DIRECT 6:3.3 ALT 3.5 AVANTT | 405806;190058
2450;190059 - 877.237 | MUNHÃO DIRECT 6:3.3 ALT 4.5 AVANTT | 405807;190059
2451;190060 - 877.238 | MUNHÃO DIRECT 6:3.3 ALT 5.5 AVANTT | 405808;190060
2452;190061 - 877.239 | MUNHÃO DIRECT 6:3.3 MM ALT 6.5 MM AVANTT | 405809;190061
2453;190062 - 877.240 | MUNHÃO DIRECT 6:4.5 ALT 0.5 AVANTT | 405810;190062
2454;190063 - 877.241 | MUNHÃO DIRECT 6:4.5 ALT 0.8 AVANTT | 405811;190063
2455;190064 - 877.242 | MUNHÃO DIRECT 6:4.5 ALT 1.5 AVANTT | 405812;190064
2456;190065 - 877.243 | MUNHÃO DIRECT 6:4.5 ALT 2.5 AVANTT | 405813;190065
2457;190066 - 877.244 | MUNHÃO DIRECT 6:4.5 ALT 3.5 AVANTT | 405814;190066
2458;190067 - 877.245 | MUNHÃO DIRECT 6:4.5 ALT 4.5 AVANTT | 405815;190067
2459;190068 - 877.246 | MUNHÃO DIRECT 6:4.5 ALT 5.5 AVANTT | 405816;190068
2460;190069 - 877.247 | MUNHÃO DIRECT 6:4.5 MM ALT 6.5 MM AVANTT | 405817;190069
2461;189405 - 829.733 | MUNHÃO DIRECT 7 MM 3.5 MM ALT 5.5 MM ATTRACT | 405153;189405
2462;189400 - 829.728 | MUNHÃO DIRECT 7 MM 3.5 MM ALT 7.5 MM ATTRACT | 405148;189400
2463;189403 - 829.731 | MUNHÃO DIRECT 7 MM 4.3/5.0 MM ALT 7.5 MM ATTRACT | 405151;189403
2464;189382 - 829.710 | MUNHÃO DIRECT 7:3.5 MM ALT 0.0 MM ATTRACT | 405130;189382
2465;189397 - 829.725 | MUNHÃO DIRECT 7:3.5 MM ALT 0.8 MM ATTRACT | 405145;189397
2466;189383 - 829.711 | MUNHÃO DIRECT 7:3.5 MM ALT 1.5 MM ATTRACT | 405131;189383
2467;189384 - 829.712 | MUNHÃO DIRECT 7:3.5 MM ALT 2.5 MM ATTRACT | 405132;189384
2468;189385 - 829.713 | MUNHÃO DIRECT 7:3.5 MM ALT 3.5 MM ATTRACT | 405133;189385
2469;189386 - 829.714 | MUNHÃO DIRECT 7:3.5 MM ALT 4.5 MM ATTRACT | 405134;189386
2470;189398 - 829.726 | MUNHÃO DIRECT 7:4.3 MM ALT 0.8 MM ATTRACT | 405146;189398
2471;189387 - 829.715 | MUNHÃO DIRECT 7:4.3/5.0 MM ALT 0.0 MM ATTRACT | 405135;189387
2472;189388 - 829.716 | MUNHÃO DIRECT 7:4.3/5.0 MM ALT 1.5 MM ATTRACT | 405136;189388
2473;189389 - 829.717 | MUNHÃO DIRECT 7:4.3/5.0 MM ALT 2.5 MM ATTRACT | 405137;189389
2474;189390 - 829.718 | MUNHÃO DIRECT 7:4.3/5.0 MM ALT 3.5 MM ATTRACT | 405138;189390
2475;189391 - 829.719 | MUNHÃO DIRECT 7:4.3/5.0 MM ALT 4.5 MM ATTRACT | 405139;189391
2476;189402 - 829.730 | MUNHÃO DIRECT7 MM 4.3/5.0 MM ALT 6.5 MM ATTRACT | 405150;189402
2477;189407 - 829.751 | MUNHÃO DIRECTHIN 4.5:3.5 ALT 1.5 MM ATTRACT | 405155;189407
2478;189406 - 829.750 | MUNHÃO DIRECTHIN 4.5:3.5 MM ALT 0.3 MM ATTRACT | 405154;189406
2479;189408 - 829.752 | MUNHÃO DIRECTHIN 4.5:3.5 MM ALT 2.5 MM ATTRACT | 405156;189408
2480;189409 - 829.753 | MUNHÃO DIRECTHIN 4.5:3.5 MM ALT 3.5 MM ATTRACT | 405157;189409
2481;189410 - 829.754 | MUNHÃO DIRECTHIN 4.5:3.5 MM ALT 4.5 MM ATTRACT | 405158;189410
2482;189411 - 829.755 | MUNHÃO DIRECTHIN 4.5:3.5/4.3/5.0 MM ALT 5.5 MM ATTRACT | 405159;189411
2483;189412 - 829.756 | MUNHÃO DIRECTHIN 4.5:3.5/4.3/5.0 MM ALT 6.5 MM ATTRACT | 405160;189412
2484;189450 - 829.855 | MUNHÃO DIRECTHIN 6 MM 3.5/4.3/5.0 MM ALT 5.5 MM ICM | 405198;189450
2485;189451 - 829.856 | MUNHÃO DIRECTHIN 6 MM 3.5/4.3/5.0 MM ALT 6.5 MM ICM | 405199;189451
2486;189445 - 829.850 | MUNHÃO DIRECTHIN 6:3.5 MM ALT 0.3 MM ICM | 405193;189445
2487;189447 - 829.852 | MUNHÃO DIRECTHIN 6:3.5 MM ALT 2.5 MM ICM | 405195;189447
2488;189448 - 829.853 | MUNHÃO DIRECTHIN 6:3.5 MM ALT 3.5 MM ICM | 405196;189448
2489;189449 - 829.854 | MUNHÃO DIRECTHIN 6:3.5 MM ALT 4.5 MM ICM | 405197;189449
2490;189446 - 829.851 | MUNHÃO DIRECTHIN ALT 6:3.5/4.3/5.0 ALT 1.5 MM ICM | 405194;189446
2491;189528 - 835.001 | MUNHÃO PERSONALIZADO 3.3 MM ALT 1 MM HE | 405276;189528
2492;189548 - 835.330 | MUNHÃO PERSONALIZADO 3.3 MM ALT 1 MM HE CURTO | 405296;189548
2493;189529 - 835.002 | MUNHÃO PERSONALIZADO 3.3 MM ALT 2 MM HE | 405277;189529
2494;189549 - 835.331 | MUNHÃO PERSONALIZADO 3.3 MM ALT 2 MM HE CURTO | 405297;189549
2495;189530 - 835.003 | MUNHÃO PERSONALIZADO 3.3 MM ALT 3 MM HE | 405278;189530
2496;189550 - 835.332 | MUNHÃO PERSONALIZADO 3.3 MM ALT 3 MM HE CURTO | 405298;189550
2497;189531 - 835.004 | MUNHÃO PERSONALIZADO 3.3 MM ALT 4 MM HE | 405279;189531
2498;189551 - 835.333 | MUNHÃO PERSONALIZADO 3.3 MM ALT 4 MM HE CURTO | 405299;189551
2499;189552 - 836.013 | MUNHÃO PERSONALIZADO 3.6 MM ALT 1 MM HI CR | 405300;189552
2500;189553 - 836.014 | MUNHÃO PERSONALIZADO 3.6 MM ALT 2 MM HI CR | 405301;189553
2501;189554 - 836.015 | MUNHÃO PERSONALIZADO 3.6 MM ALT 3 MM HI CR | 405302;189554
2502;189555 - 836.016 | MUNHÃO PERSONALIZADO 3.6 MM ALT 4 MM HI CR | 405303;189555
2503;190143 - 880.060 | MUNHÃO PERSONALIZADO 4.0 MM ALT 0.5 MM ALLURE | 405891;190143
2504;190144 - 880.061 | MUNHÃO PERSONALIZADO 4.0 MM ALT 1.5 MM ALLURE | 405892;190144
2505;190145 - 880.062 | MUNHÃO PERSONALIZADO 4.0 MM ALT 2.5 MM ALLURE | 405893;190145
2506;190146 - 880.063 | MUNHÃO PERSONALIZADO 4.0 MM ALT 3.5 MM ALLURE | 405894;190146
2507;190147 - 880.064 | MUNHÃO PERSONALIZADO 4.0 MM ALT 4.5 MM ALLURE | 405895;190147
2508;189532 - 835.005 | MUNHÃO PERSONALIZADO 4.1 MM ALT 1 MM HE | 405280;189532
2509;189540 - 835.101 | MUNHÃO PERSONALIZADO 4.1 MM ALT 1 MM HE CURTO | 405288;189540
2510;189533 - 835.006 | MUNHÃO PERSONALIZADO 4.1 MM ALT 2 MM HE | 405281;189533
2511;189541 - 835.102 | MUNHÃO PERSONALIZADO 4.1 MM ALT 2 MM HE CURTO | 405289;189541
2512;189534 - 835.007 | MUNHÃO PERSONALIZADO 4.1 MM ALT 3 MM HE | 405282;189534
2513;189542 - 835.103 | MUNHÃO PERSONALIZADO 4.1 MM ALT 3 MM HE CURTO | 405290;189542
2514;189535 - 835.008 | MUNHÃO PERSONALIZADO 4.1 MM ALT 4 MM HE | 405283;189535
2515;189543 - 835.104 | MUNHÃO PERSONALIZADO 4.1 MM ALT 4 MM HE CURTO | 405291;189543
2516;189556 - 836.017 | MUNHÃO PERSONALIZADO 4.3 MM ALT 1 MM HI CR | 405304;189556
2517;189557 - 836.018 | MUNHÃO PERSONALIZADO 4.3 MM ALT 2 MM HI CR | 405305;189557
2518;189558 - 836.019 | MUNHÃO PERSONALIZADO 4.3 MM ALT 3 MM HI CR | 405306;189558
2519;189559 - 836.020 | MUNHÃO PERSONALIZADO 4.3 MM ALT 4 MM HI CR | 405307;189559
2520;190070 - 877.280 | MUNHÃO PERSONALIZADO 4:3.3 ALT 0.5 AVANTT | 405818;190070
2521;190071 - 877.281 | MUNHÃO PERSONALIZADO 4:3.3 ALT 0.8 AVANTT | 405819;190071
2522;190072 - 877.282 | MUNHÃO PERSONALIZADO 4:3.3 ALT 1.5 AVANTT | 405820;190072
2523;190073 - 877.283 | MUNHÃO PERSONALIZADO 4:3.3 ALT 2.5 AVANTT | 405821;190073
2524;190074 - 877.284 | MUNHÃO PERSONALIZADO 4:3.3 ALT 3.5 AVANTT | 405822;190074
2525;190075 - 877.285 | MUNHÃO PERSONALIZADO 4:3.3 ALT 4.5 AVANTT | 405823;190075
2526;190076 - 877.286 | MUNHÃO PERSONALIZADO 4:3.3 MM ALT 5.5 MM AVANTT | 405824;190076
2527;190077 - 877.287 | MUNHÃO PERSONALIZADO 4:3.3 MM ALT 6.5 MM AVANTT | 405825;190077
2528;190078 - 877.288 | MUNHÃO PERSONALIZADO 4:4.5 ALT 0.5 AVANTT | 405826;190078
2529;190079 - 877.289 | MUNHÃO PERSONALIZADO 4:4.5 ALT 0.8 AVANTT | 405827;190079
2530;190080 - 877.290 | MUNHÃO PERSONALIZADO 4:4.5 ALT 1.5 AVANTT | 405828;190080
2531;190081 - 877.291 | MUNHÃO PERSONALIZADO 4:4.5 ALT 2.5 AVANTT | 405829;190081
2532;190082 - 877.292 | MUNHÃO PERSONALIZADO 4:4.5 ALT 3.5 AVANTT | 405830;190082
2533;190083 - 877.293 | MUNHÃO PERSONALIZADO 4:4.5 ALT 4.5 AVANTT | 405831;190083
2534;190084 - 877.294 | MUNHÃO PERSONALIZADO 4:4.5 MM ALT 5.5 MM AVANTT | 405832;190084
2535;190085 - 877.295 | MUNHÃO PERSONALIZADO 4:4.5 MM ALT 6.5 MM AVANTT | 405833;190085
2536;189433 - 829.826 | MUNHÃO PERSONALIZADO 5 MM 3.5 MM ALT 5.5 MM ICM | 405181;189433
2537;189434 - 829.827 | MUNHÃO PERSONALIZADO 5 MM 3.5 MM ALT 6.5 MM ICM | 405182;189434
2538;189435 - 829.828 | MUNHÃO PERSONALIZADO 5 MM 3.5 MM ALT 7.5 MM ICM | 405183;189435
2539;189437 - 829.830 | MUNHÃO PERSONALIZADO 5 MM 4.3/5.0 MM 6.5 MM ICM | 405185;189437
2540;189436 - 829.829 | MUNHÃO PERSONALIZADO 5 MM 4.3/5.0 MM ALT 5.5 MM ICM | 405184;189436
2541;189438 - 829.831 | MUNHÃO PERSONALIZADO 5 MM 4.3/5.0 MM ALT 7.5 MM ICM | 405186;189438
2542;189536 - 835.009 | MUNHÃO PERSONALIZADO 5.0 MM ALT 1 MM HE | 405284;189536
2543;189544 - 835.105 | MUNHÃO PERSONALIZADO 5.0 MM ALT 1 MM HE CURTO | 405292;189544
2544;189560 - 836.021 | MUNHÃO PERSONALIZADO 5.0 MM ALT 1 MM HI CR | 405308;189560
2545;189537 - 835.010 | MUNHÃO PERSONALIZADO 5.0 MM ALT 2 MM HE | 405285;189537
2546;189545 - 835.106 | MUNHÃO PERSONALIZADO 5.0 MM ALT 2 MM HE CURTO | 405293;189545
2547;189561 - 836.022 | MUNHÃO PERSONALIZADO 5.0 MM ALT 2 MM HI CR | 405309;189561
2548;189538 - 835.011 | MUNHÃO PERSONALIZADO 5.0 MM ALT 3 MM HE | 405286;189538
2549;189546 - 835.107 | MUNHÃO PERSONALIZADO 5.0 MM ALT 3 MM HE CURTO | 405294;189546
2550;189562 - 836.023 | MUNHÃO PERSONALIZADO 5.0 MM ALT 3 MM HI CR | 405310;189562
2551;189539 - 835.012 | MUNHÃO PERSONALIZADO 5.0 MM ALT 4 MM HE | 405287;189539
2552;189547 - 835.108 | MUNHÃO PERSONALIZADO 5.0 MM ALT 4 MM HE CURTO | 405295;189547
2553;189563 - 836.024 | MUNHÃO PERSONALIZADO 5.0 MM ALT 4 MM HI CR | 405311;189563
2554;189413 - 829.800 | MUNHÃO PERSONALIZADO 5:3.5 MM ALT 0.0 MM ICM | 405161;189413
2555;189414 - 829.801 | MUNHÃO PERSONALIZADO 5:3.5 MM ALT 1.5 MM ICM | 405162;189414
2556;189415 - 829.802 | MUNHÃO PERSONALIZADO 5:3.5 MM ALT 2.5 MM ICM | 405163;189415
2557;189416 - 829.803 | MUNHÃO PERSONALIZADO 5:3.5 MM ALT 3.5 MM ICM | 405164;189416
2558;189417 - 829.804 | MUNHÃO PERSONALIZADO 5:3.5 MM ALT 4.5 MM ICM | 405165;189417
2559;189418 - 829.805 | MUNHÃO PERSONALIZADO 5:4.3/5.0 MM ALT 0.0 MM ICM | 405166;189418
2560;189419 - 829.806 | MUNHÃO PERSONALIZADO 5:4.3/5.0 MM ALT 1.5 MM ICM | 405167;189419
2561;189420 - 829.807 | MUNHÃO PERSONALIZADO 5:4.3/5.0 MM ALT 2.5 MM ICM | 405168;189420
2562;189421 - 829.808 | MUNHÃO PERSONALIZADO 5:4.3/5.0 MM ALT 3.5 MM ICM | 405169;189421
2563;189422 - 829.809 | MUNHÃO PERSONALIZADO 5:4.3/5.0 MM ALT 4.5 MM ICM | 405170;189422
2564;190148 - 880.070 | MUNHÃO PERSONALIZADO 6.0 MM ALT 0.5 MM ALLURE | 405896;190148
2565;190149 - 880.071 | MUNHÃO PERSONALIZADO 6.0 MM ALT 1.5 MM ALLURE | 405897;190149
2566;190150 - 880.072 | MUNHÃO PERSONALIZADO 6.0 MM ALT 2.5 MM ALLURE | 405898;190150
2567;190151 - 880.073 | MUNHÃO PERSONALIZADO 6.0 MM ALT 3.5 MM ALLURE | 405899;190151
2568;190152 - 880.074 | MUNHÃO PERSONALIZADO 6.0 MM ALT 4.5 MM ALLURE | 405900;190152
2569;190086 - 877.296 | MUNHÃO PERSONALIZADO 6:3.3 ALT 0.5 AVANTT | 405834;190086
2570;190087 - 877.297 | MUNHÃO PERSONALIZADO 6:3.3 ALT 0.8 AVANTT | 405835;190087
2571;190088 - 877.298 | MUNHÃO PERSONALIZADO 6:3.3 ALT 1.5 AVANTT | 405836;190088
2572;190089 - 877.299 | MUNHÃO PERSONALIZADO 6:3.3 ALT 2.5 AVANTT | 405837;190089
2573;190090 - 877.300 | MUNHÃO PERSONALIZADO 6:3.3 ALT 3.5 AVANTT | 405838;190090
2574;190091 - 877.301 | MUNHÃO PERSONALIZADO 6:3.3 ALT 4.5 AVANTT | 405839;190091
2575;190092 - 877.302 | MUNHÃO PERSONALIZADO 6:3.3 MM ALT 4.5 MM AVANTT | 405840;190092
2576;190093 - 877.303 | MUNHÃO PERSONALIZADO 6:3.3 MM ALT 6.5 MM AVANTT | 405841;190093
2577;190094 - 877.304 | MUNHÃO PERSONALIZADO 6:4.5 ALT 0.5 AVANTT | 405842;190094
2578;190096 - 877.306 | MUNHÃO PERSONALIZADO 6:4.5 ALT 1.5 AVANTT | 405844;190096
2579;190097 - 877.307 | MUNHÃO PERSONALIZADO 6:4.5 ALT 2.5 AVANTT | 405845;190097
2580;190098 - 877.308 | MUNHÃO PERSONALIZADO 6:4.5 ALT 3.5 AVANTT | 405846;190098
2581;190099 - 877.309 | MUNHÃO PERSONALIZADO 6:4.5 ALT 4.5 AVANTT | 405847;190099
2582;190095 - 877.305 | MUNHÃO PERSONALIZADO 6:4.5 ALT0.8 AVANTT | 405843;190095
2583;190100 - 877.310 | MUNHÃO PERSONALIZADO 6:4.5 MM ALT 5.5 MM AVANTT | 405848;190100
2584;190101 - 877.311 | MUNHÃO PERSONALIZADO 6:4.5 MM ALT 6.5 MM AVANTT | 405849;190101
2585;189423 - 829.810 | MUNHÃO PERSONALIZADO 7:3.5 MM ALT 0.0 MM ICM | 405171;189423
2586;189424 - 829.811 | MUNHÃO PERSONALIZADO 7:3.5 MM ALT 1.5 MM ICM | 405172;189424
2587;189425 - 829.812 | MUNHÃO PERSONALIZADO 7:3.5 MM ALT 2.5 MM ICM | 405173;189425
2588;189426 - 829.813 | MUNHÃO PERSONALIZADO 7:3.5 MM ALT 3.5 MM ICM | 405174;189426
2589;189427 - 829.814 | MUNHÃO PERSONALIZADO 7:3.5 MM ALT 4.5 MM ICM | 405175;189427
2590;189439 - 829.832 | MUNHÃO PERSONALIZADO 7:3.5 MM ALT 5.5 MM ICM | 405187;189439
2591;189440 - 829.833 | MUNHÃO PERSONALIZADO 7:3.5 MM ALT 6.5 MM ICM | 405188;189440
2592;189441 - 829.834 | MUNHÃO PERSONALIZADO 7:3.5 MM ALT 7.5 MM ICM | 405189;189441
2593;189428 - 829.815 | MUNHÃO PERSONALIZADO 7:4.3/5.0 MM ALT 0.0 MM ICM | 405176;189428
2594;189429 - 829.816 | MUNHÃO PERSONALIZADO 7:4.3/5.0 MM ALT 1.5 MM ICM | 405177;189429
2595;189430 - 829.817 | MUNHÃO PERSONALIZADO 7:4.3/5.0 MM ALT 2.5 MM ICM | 405178;189430
2596;189431 - 829.818 | MUNHÃO PERSONALIZADO 7:4.3/5.0 MM ALT 3.5 MM ICM | 405179;189431
2597;189432 - 829.819 | MUNHÃO PERSONALIZADO 7:4.3/5.0 MM ALT 4.5 MM ICM | 405180;189432
2598;189442 - 829.835 | MUNHÃO PERSONALIZADO 7:4.3/5.0 MM ALT 5.5 MM ICM | 405190;189442
2599;189443 - 829.836 | MUNHÃO PERSONALIZADO 7:4.3/5.0 MM ALT 6.5 MM ICM | 405191;189443
2600;189444 - 829.837 | MUNHÃO PERSONALIZADO 7:4.3/5.0 MM ALT 7.5 MM ICM | 405192;189444
2601;180833 - EFF405.50A.1 | MUNHÃO PROV. CM C/ AR CINTA 1.00MM IMP. Ø3.00 Ø3.50 PLAT. Ø3.50 MINI TS | 609550;180833
2602;181129 - EFF405.50A.2 | MUNHAO PROV. CM C/ AR CINTA 2.00MM IMP. Ø3.00 Ø3.50 PLAT. Ø3.50 MINI TS | 615922;181129
2603;189348 - 829.001 | MUNHÃO RETO 3.3 MM ALT 1 MM HE | 405096;189348
2604;189368 - 829.330 | MUNHÃO RETO 3.3 MM ALT 1 MM HE CURTO | 405116;189368
2605;189349 - 829.002 | MUNHÃO RETO 3.3 MM ALT 2 MM HE | 405097;189349
2606;189369 - 829.331 | MUNHÃO RETO 3.3 MM ALT 2 MM HE CURTO | 405117;189369
2607;189350 - 829.003 | MUNHÃO RETO 3.3 MM ALT 3 MM HE | 405098;189350
2608;189370 - 829.332 | MUNHÃO RETO 3.3 MM ALT 3 MM HE CURTO | 405118;189370
2609;174722 - 15405099 | PILAR ANGULADO 15ºX4,0 HEX.INT.4,3 | 399872;174722
2610;189371 - 829.333 | MUNHÃO RETO 3.3 MM ALT 4 MM HE CURTO | 405119;189371
2611;189452 - 830.013 | MUNHÃO RETO 3.6 MM ALT 1 MM HI CR | 405200;189452
2612;189453 - 830.014 | MUNHÃO RETO 3.6 MM ALT 2 MM HI CR | 405201;189453
2613;189454 - 830.015 | MUNHÃO RETO 3.6 MM ALT 3 MM HI CR | 405202;189454
2614;189455 - 830.016 | MUNHÃO RETO 3.6 MM ALT 4 MM HI CR | 405203;189455
2615;189352 - 829.005 | MUNHÃO RETO 4.1 MM ALT 1 MM HE | 405100;189352
2616;189360 - 829.300 | MUNHÃO RETO 4.1 MM ALT 1 MM HE CURTO | 405108;189360
2617;189353 - 829.006 | MUNHÃO RETO 4.1 MM ALT 2 MM HE | 405101;189353
2618;189361 - 829.301 | MUNHÃO RETO 4.1 MM ALT 2 MM HE CURTO | 405109;189361
2619;189354 - 829.007 | MUNHÃO RETO 4.1 MM ALT 3 MM HE | 405102;189354
2620;189362 - 829.302 | MUNHÃO RETO 4.1 MM ALT 3 MM HE CURTO | 405110;189362
2621;189355 - 829.008 | MUNHÃO RETO 4.1 MM ALT 4 MM HE | 405103;189355
2622;189363 - 829.303 | MUNHÃO RETO 4.1 MM ALT 4 MM HE CURTO | 405111;189363
2623;189456 - 830.017 | MUNHÃO RETO 4.3 MM ALT 1 MM HI CR | 405204;189456
2624;189457 - 830.018 | MUNHÃO RETO 4.3 MM ALT 2 MM HI CR | 405205;189457
2625;189458 - 830.019 | MUNHÃO RETO 4.3 MM ALT 3 MM HI CR | 405206;189458
2626;189459 - 830.020 | MUNHÃO RETO 4.3 MM ALT 4 MM HI CR | 405207;189459
2627;189356 - 829.009 | MUNHÃO RETO 5.0 MM ALT 1 MM HE | 405104;189356
2628;189364 - 829.304 | MUNHÃO RETO 5.0 MM ALT 1 MM HE CURTO | 405112;189364
2629;189460 - 830.021 | MUNHÃO RETO 5.0 MM ALT 1 MM HI CR | 405208;189460
2630;189357 - 829.010 | MUNHÃO RETO 5.0 MM ALT 2 MM HE | 405105;189357
2631;189365 - 829.305 | MUNHÃO RETO 5.0 MM ALT 2 MM HE CURTO | 405113;189365
2632;189461 - 830.022 | MUNHÃO RETO 5.0 MM ALT 2 MM HI CR | 405209;189461
2633;189358 - 829.011 | MUNHÃO RETO 5.0 MM ALT 3 MM HE | 405106;189358
2634;189366 - 829.306 | MUNHÃO RETO 5.0 MM ALT 3 MM HE CURTO | 405114;189366
2635;189359 - 829.012 | MUNHÃO RETO 5.0 MM ALT 3 MM HI CR | 405107;189359
2636;189462 - 830.023 | MUNHÃO RETO 5.0 MM ALT 3 MM HI CR | 405210;189462
2637;189367 - 829.307 | MUNHÃO RETO 5.0 MM ALT 4 MM HE | 405115;189367
2638;189463 - 830.024 | MUNHÃO RETO 5.0 MM ALT 4 MM HE CURTO | 405211;189463
2639;187073 - IAMT 0200 | NTERFACE TITANIO ABUT MULTIFUNC 2,5MM | 423493;187073
2640;182581 - 34.569 | Pilar Ang Stretto 3.0x3.5x1.5 20° - Seleção | 611825;182581
2641;182582 - 34.570 | Pilar Ang Stretto 3.0x3.5x2.5 20° - Selecao | 611826;182582
2642;182583 - 34.571 | Pilar Ang Stretto 3.0x3.5x3.5 20° - Seleção | 611827;182583
2643;"191801 - AAM4152CTH | PILAR ANGLED (ANGULADO)HEX EXT MINI - 15 GRAUS (DIAMETRO 4 MM; ALTURA DO PILAR 12 MM; ALTURA DA GENGIVA 2 MM) E PARAFUSO | 596195";191801
2644;"191802 - AAM4154CTH | PILAR ANGLED (ANGULADO)HEX EXT MINI - 15 GRAUS (DIAMETRO 4 MM; ALTURA DO PILAR 12 MM; ALTURA DA GENGIVA 4 MM) E PARAFUSO | 596197";191802
2645;"191803 - AAM4252CTH | PILAR ANGLED (ANGULADO)HEX EXT MINI - 25 GRAUS (DIAMETRO 4 MM; ALTURA DO PILAR 12 MM; ALTURA DA GENGIVA 2 MM) E PARAFUSO | 596199";191803
2646;"191804 - AAM4254CTH | PILAR ANGLED (ANGULADO)HEX EXT MINI - 25 GRAUS (DIAMETRO 4 MM; ALTURA DO PILAR 12 MM; ALTURA DA GENGIVA 4 MM) E PARAFUSO | 596201";191804
2647;"191805 - AAR5152CTH | PILAR ANGLED (ANGULADO)HEX EXT REGULAR - 15 GRAUS (DIAMETRO 5 MM; ALTURA DO PILAR 12 MM; ALTURA DA GENGIVA 2 MM) E PARAF | 596203";191805
2648;"191806 - AAR5154CTH | PILAR ANGLED (ANGULADO)HEX EXT REGULAR - 15 GRAUS (DIAMETRO 5 MM; ALTURA DO PILAR 12 MM; ALTURA DA GENGIVA 4 MM) E PARAF | 596205";191806
2649;"191807 - AAR5252CTH | PILAR ANGLED (ANGULADO)HEX EXT REGULAR - 25 GRAUS (DIAMETRO 5 MM; ALTURA DO PILAR 12 MM; ALTURA DA GENGIVA 2 MM) E PARAF | 596207";191807
2650;"191808 - AAR5254CTH | PILAR ANGLED (ANGULADO)HEX EXT REGULAR - 25 GRAUS (DIAMETRO 5 MM; ALTURA DO PILAR 12 MM; ALTURA DA GENGIVA 4 MM) E PARAF | 596209";191808
2651;182584 - 34.538 | Pilar Angulado Stretto 3.0x3.5x1.5 20° | 611828;182584
2652;182585 - 34.539 | Pilar Angulado Stretto 3.0x3.5x2.5 20° | 611829;182585
2653;182586 - 34.540 | Pilar Angulado Stretto 3.0x3.5x3.5 20° | 611830;182586
2654;182587 - 33.034 | Pilar Angulado Stretto 3.0x4.8x1.5 20° | 611831;182587
2655;182588 - 33.036 | Pilar Angulado Stretto 3.0x4.8x2.5 20° | 611832;182588
2656;182589 - 33.038 | Pilar Angulado Stretto 3.0x4.8x3.5 20° | 611833;182589
2657;181988 - 255776 | PILAR BASE T MICRO CONICO | 402350;181988
2658;181979 - 25488 | PILAR BASE T MINI CONICO | 402341;181979
2659;182590 - 34.375 | Pilar Base T Stretto 3.5x1.5 | 611834;182590
2660;182591 - 34.376 | Pilar Base T Stretto 3.5x2.5 | 611835;182591
2661;182592 - 34.377 | Pilar Base T Stretto 3.5x3.5 | 611836;182592
2662;181887 - 24536 | PILAR BASE T UNII CONE MORSE AR 3.5X0.8 | 402249;181887
2663;181888 - 24538 | PILAR BASE T UNII CONE MORSE AR 3.5X1.5 | 402250;181888
2664;181889 - 24540 | PILAR BASE T UNII CONE MORSE AR 3.5X2.5 | 402251;181889
2665;181890 - 24542 | PILAR BASE T UNII CONE MORSE AR 3.5X3.5 | 402252;181890
2666;181891 - 24544 | PILAR BASE T UNII CONE MORSE AR 4.5X0.8 | 402253;181891
2667;181892 - 24546 | PILAR BASE T UNII CONE MORSE AR 4.5X1.5 | 402254;181892
2668;181893 - 24548 | PILAR BASE T UNII CONE MORSE AR 4.5X2.5 | 402255;181893
2669;181895 - 24550 | PILAR BASE T UNII CONE MORSE AR 4.5X3.5 | 402257;181895
2670;181875 - 24512 | PILAR BASE T UNII HE 3.5X1 | 402237;181875
2671;181876 - 24514 | PILAR BASE T UNII HE 3.5X2 | 402238;181876
2672;181877 - 24516 | PILAR BASE T UNII HE 3.5X3 | 402239;181877
2673;181878 - 245180 | PILAR BASE T UNII HE 4.0X1 | 402240;181878
2674;181879 - 24520 | PILAR BASE T UNII HE 4.0X2 | 402241;181879
2675;181880 - 24522 | PILAR BASE T UNII HE 4.0X3 | 402242;181880
2676;181881 - 24524 | PILAR BASE T UNII HI 3.5X1 | 402243;181881
2677;181882 - 24526 | PILAR BASE T UNII HI 3.5X2 | 402244;181882
2678;181883 - 24528 | PILAR BASE T UNII HI 3.5X3 | 402245;181883
2679;181884 - 24530 | PILAR BASE T UNII HI 4.0X1 | 402246;181884
2680;181885 - 245326 | PILAR BASE T UNII HI 4.0X2 | 402247;181885
2681;181886 - 24534 | PILAR BASE T UNII HI 4.0X3 | 402248;181886
2682;"191758 - CAM427TH | PILAR CEMENT (CEMENTADO)HEX EXT MINI (DIAMETRO 4 MM; ALTURA DO PILAR 7 MM; ALTURA DA GENGIVA 2 MM) E PARAFUSO DO PILAR | 596109";191758
2683;"191759 - CAM447TH | PILAR CEMENT (CEMENTADO)HEX EXT MINI (DIAMETRO 4 MM; ALTURA DO PILAR 7 MM; ALTURA DA GENGIVA 4 MM) E PARAFUSO DO PILAR | 596111";191759
2684;"191760 - CAR437TH | PILAR CEMENT (CEMENTADO)HEX EXT REGULAR (DIAMETRO 4,1 MM; ALTURA DO PILAR 7 MM; ALTURA DA GENGIVA 3 MM) E PARAFUSO DO PI | 596113";191760
2685;"191761 - CAR514TH | PILAR CEMENT (CEMENTADO)HEX EXT REGULAR (DIAMETRO 5 MM; ALTURA DO PILAR 1 MM; ALTURA DA GENGIVA 4 MM) E PARAFUSO DO PILA | 596115";191761
2686;"191762 - CAR515TH | PILAR CEMENT (CEMENTADO)HEX EXT REGULAR (DIAMETRO 5 MM; ALTURA DO PILAR 1 MM; ALTURA DA GENGIVA 5,5 MM) E PARAFUSO DO PI | 596117";191762
2687;"191763 - CAR517TH | PILAR CEMENT (CEMENTADO)HEX EXT REGULAR (DIAMETRO 5 MM; ALTURA DO PILAR 1 MM; ALTURA DA GENGIVA 7 MM) E PARAFUSO DO PILA | 596119";191763
2688;"191764 - CAR524TH | PILAR CEMENT (CEMENTADO)HEX EXT REGULAR (DIAMETRO 5 MM; ALTURA DO PILAR 2 MM; ALTURA DA GENGIVA 4 MM) E PARAFUSO DO PILA | 596121";191764
2689;"191765 - CAR525TH | PILAR CEMENT (CEMENTADO)HEX EXT REGULAR (DIAMETRO 5 MM; ALTURA DO PILAR 2 MM; ALTURA DA GENGIVA 5,5 MM) E PARAFUSO DO PI | 596123";191765
2690;"191766 - CAR527TH | PILAR CEMENT (CEMENTADO)HEX EXT REGULAR (DIAMETRO 5 MM; ALTURA DO PILAR 2 MM; ALTURA DA GENGIVA 7 MM) E PARAFUSO DO PILA | 596125";191766
2691;"191767 - CAR534TH | PILAR CEMENT (CEMENTADO)HEX EXT REGULAR (DIAMETRO 5 MM; ALTURA DO PILAR 3 MM; ALTURA DA GENGIVA 4 MM) E PARAFUSO DO PILA | 596127";191767
2692;"191768 - CAR535TH | PILAR CEMENT (CEMENTADO)HEX EXT REGULAR (DIAMETRO 5 MM; ALTURA DO PILAR 3 MM; ALTURA DA GENGIVA 5,5 MM) E PARAFUSO DO PI | 596129";191768
2693;"191769 - CAR537TH | PILAR CEMENT (CEMENTADO)HEX EXT REGULAR (DIAMETRO 5 MM; ALTURA DO PILAR 3 MM; ALTURA DA GENGIVA 7 MM) E PARAFUSO DO PILA | 596131";191769
2694;"191770 - CAR544TH | PILAR CEMENT (CEMENTADO)HEX EXT REGULAR (DIAMETRO 5 MM; ALTURA DO PILAR 4 MM; ALTURA DA GENGIVA 4 MM) E PARAFUSO DO PILA | 596133";191770
2695;"191771 - CAR545TH | PILAR CEMENT (CEMENTADO)HEX EXT REGULAR (DIAMETRO 5 MM; ALTURA DO PILAR 4 MM; ALTURA DA GENGIVA 5,5 MM) E PARAFUSO DO PI | 596135";191771
2696;"191772 - CAR547TH | PILAR CEMENT (CEMENTADO)HEX EXT REGULAR (DIAMETRO 5 MM; ALTURA DO PILAR 4 MM; ALTURA DA GENGIVA 7 MM) E PARAFUSO DO PILA | 596137";191772
2697;184593 - 115.162 | PILAR CM ALT.0.8 | 585597;184593
2698;184604 - 115.147 | PILAR CM ALT.1.5 | 585608;184604
2699;184603 - 115.148 | PILAR CM ALT.2.5 | 585607;184603
2700;184599 - 115.152 | PILAR CM ALT.3.5 | 585603;184599
2701;184592 - 115.163 | PILAR CM ALT.4.5 | 585596;184592
2702;184591 - 115.164 | PILAR CM ALT.5.5 | 585595;184591
2703;184590 - 115.165 | PILAR CM ALT.6.5 | 585594;184590
2704;184502 - 115.203 | PILAR CON.ANG.II PLUS 17 ALT.2 | 585502;184502
2705;184501 - 115.204 | PILAR CON.ANG.II PLUS 17°ALT.3 | 585501;184501
2706;184500 - 115.205 | PILAR CON.ANG.II PLUS 17°ALT.4 | 585500;184500
2707;184609 - 115.088 | PILAR CONICO 3.3 ALT.1 | 585613;184609
2708;189687 - 842.002 | PILAR CONICO 4.1 MM ALT2 MM HE | 405435;189687
2709;184614 - 115.051 | PILAR CONICO 4.3 ALT.1 | 585619;184614
2710;184613 - 115.052 | PILAR CONICO 4.3 ALT.2 | 585618;184613
2711;184612 - 115.053 | PILAR CONICO 4.3 ALT.3 | 585617;184612
2712;183694 - 115.007 | PILAR CONICO 5.0 ALT.1 | 555250;183694
2713;183671 - 115.008 | PILAR CONICO 5.0 ALT.2 | 555227;183671
2714;183639 - 115.009 | PILAR CONICO 5.0 ALT.3 | 555195;183639
2715;184508 - 115.184 | PILAR CONICO II PLUS ALT.1 | 585508;184508
2716;184507 - 115.185 | PILAR CONICO II PLUS ALT.2 | 585507;184507
2717;184506 - 115.186 | PILAR CONICO II PLUS ALT.3 | 585506;184506
2718;183637 - 115.192 | PILAR CONICO SF 4.1 ALT.1 | 555193;183637
2719;183640 - 115.193 | PILAR CONICO SF 4.1 ALT.2 | 555196;183640
2720;191809 - AICM100 | PILAR COVER SCREW (PARAFUSO DE COBERTURA)MINI (ALTURA 1.1 MM) | 596211;191809
2721;"191751 - GSCS30 | PILAR COVER SCREW (PARAFUSO DE COBERTURA)MINI (DIAMETRO 3; ALTURA 0,4 MM) | 596095";191751
2722;191810 - AICR100 | PILAR COVER SCREW (PARAFUSO DE COBERTURA)REGULAR (ALTURA 1.1 MM) | 596213;191810
2723;"191752 - GSCS40S-G | PILAR COVER SCREW (PARAFUSO DE COBERTURA)REGULAR (DIAMETRO 4; ALTURA 0,4 MM) | 596097";191752
2724;189721 - 843.698 | PILAR CÔNICO 3.5/4.3/5.0 MM ALT 0.5 MM ATTRACT | 405469;189721
2725;189722 - 843.699 | PILAR CÔNICO 3.5/4.3/5.0 MM ALT 0.8 MM ATTRACT | 405470;189722
2726;189723 - 843.700 | PILAR CÔNICO 3.5/4.3/5.0 MM ALT 1.5 MM ATRACT | 405471;189723
2727;189724 - 843.701 | PILAR CÔNICO 3.5/4.3/5.0 MM ALT 2.5 MM ATTRACT | 405472;189724
2728;189725 - 843.702 | PILAR CÔNICO 3.5/4.3/5.0 MM ALT 3.5 MM ATTRACT | 405473;189725
2729;189726 - 843.703 | PILAR CÔNICO 3.5/4.3/5.0 MM ALT 4.5 MM ATTRACT | 405474;189726
2730;189727 - 843.704 | PILAR CÔNICO 3.5/4.3/5.0 MM ALT 5.0 MM ATTRACT | 405475;189727
2731;189716 - 843.026 | PILAR CÔNICO 3.6 MM ALT 1.5 MM HI CR | 405464;189716
2732;189717 - 843.027 | PILAR CÔNICO 3.6 MM ALT 2 MM HI CR | 405465;189717
2733;189718 - 843.028 | PILAR CÔNICO 3.6 MM ALT 3 MM HI CR | 405466;189718
2734;189719 - 843.029 | PILAR CÔNICO 3.6 MM ALT 4 MM HI CR | 405467;189719
2735;189720 - 843.030 | PILAR CÔNICO 3.6 MM ALT 5 MM HI CR | 405468;189720
2736;189686 - 842.001 | PILAR CÔNICO 4.1 MM ALT 1 MM HE | 405434;189686
2737;189696 - 842.101 | PILAR CÔNICO 4.1 MM ALT 1 MM HE CURTO | 405444;189696
2738;189697 - 842.102 | PILAR CÔNICO 4.1 MM ALT 2 MM HE CURTO | 405445;189697
2739;189688 - 842.003 | PILAR CÔNICO 4.1 MM ALT 3 MM HE | 405436;189688
2740;189698 - 842.103 | PILAR CÔNICO 4.1 MM ALT 3 MM HE CURTO | 405446;189698
2741;189689 - 842.004 | PILAR CÔNICO 4.1 MM ALT 4 MM HE | 405437;189689
2742;189699 - 842.104 | PILAR CÔNICO 4.1 MM ALT 4 MM HE CURTO | 405447;189699
2743;189690 - 842.005 | PILAR CÔNICO 4.1 MM ALT 5 MM HE | 405438;189690
2744;189700 - 842.105 | PILAR CÔNICO 4.1 MM ALT 5 MM HE CURTO | 405448;189700
2745;189706 - 843.016 | PILAR CÔNICO 4.3 MM ALT 1.5 MM HI CR | 405454;189706
2746;189707 - 843.017 | PILAR CÔNICO 4.3 MM ALT 2 MM HI CR | 405455;189707
2747;189708 - 843.018 | PILAR CÔNICO 4.3 MM ALT 3 MM HI CR | 405456;189708
2748;189709 - 843.019 | PILAR CÔNICO 4.3 MM ALT 4 MM HI CR | 405457;189709
2749;189710 - 843.020 | PILAR CÔNICO 4.3 MM ALT 5 MM HI CR | 405458;189710
2750;189691 - 842.006 | PILAR CÔNICO 5.0 MM ALT 1 MM HE | 405439;189691
2751;189711 - 843.021 | PILAR CÔNICO 5.0 MM ALT 1 MM HI CR | 405459;189711
2752;189701 - 842.106 | PILAR CÔNICO 5.0 MM ALT 1.5 MM HE CURTO | 405449;189701
2753;189692 - 842.007 | PILAR CÔNICO 5.0 MM ALT 2 MM HE | 405440;189692
2754;189702 - 842.107 | PILAR CÔNICO 5.0 MM ALT 2 MM HE CURTO | 405450;189702
2755;189712 - 843.022 | PILAR CÔNICO 5.0 MM ALT 2 MM HI CR | 405460;189712
2756;189693 - 842.008 | PILAR CÔNICO 5.0 MM ALT 3 MM HE | 405441;189693
2757;189703 - 842.108 | PILAR CÔNICO 5.0 MM ALT 3 MM HE CURTO | 405451;189703
2758;189713 - 843.023 | PILAR CÔNICO 5.0 MM ALT 3 MM HI CR | 405461;189713
2759;189694 - 842.009 | PILAR CÔNICO 5.0 MM ALT 4 MM HE | 405442;189694
2760;189704 - 842.109 | PILAR CÔNICO 5.0 MM ALT 4 MM HE CURTO | 405452;189704
2761;189714 - 843.024 | PILAR CÔNICO 5.0 MM ALT 4 MM HI CR | 405462;189714
2762;189695 - 842.010 | PILAR CÔNICO 5.0 MM ALT 5 MM HE | 405443;189695
2763;189705 - 842.110 | PILAR CÔNICO 5.0 MM ALT 5 MM HE CURTO | 405453;189705
2764;189715 - 843.025 | PILAR CÔNICO 5.0 MM ALT 5 MM HI CR | 405463;189715
2765;190128 - 880.030 | PILAR CÔNICO ALT 1.5 MM ALLURE | 405876;190128
2766;190129 - 880.031 | PILAR CÔNICO ALT 2.5 MM ALLURE | 405877;190129
2767;190130 - 880.032 | PILAR CÔNICO ALT 3.5 MM ALLURE | 405878;190130
2768;190131 - 880.033 | PILAR CÔNICO ALT 4.5 MM ALLURE | 405879;190131
2769;190132 - 880.034 | PILAR CÔNICO ALT 5.5 MM ALLURE | 405880;190132
2770;189729 - 844.002 | PILAR CÔNICO ANGULADO 17º 4.1 MM ALT 2 MM ANTIRROTACIONAL HE | 405477;189729
2771;189728 - 844.001 | PILAR CÔNICO ANGULADO 17º 4.1 MM ALT 2 MM ROTACIONAL HE | 405476;189728
2772;189985 - 877.120 | PILAR CÔNICO AVANTT 0.8 | 405733;189985
2773;189986 - 877.121 | PILAR CÔNICO AVANTT 1.5 | 405734;189986
2774;189987 - 877.122 | PILAR CÔNICO AVANTT 2.5 | 405735;189987
2775;189988 - 877.123 | PILAR CÔNICO AVANTT 3.5 | 405736;189988
2776;189989 - 877.124 | PILAR CÔNICO AVANTT 4.5 | 405737;189989
2777;189990 - 877.125 | PILAR CÔNICO AVANTT 5.5 | 405738;189990
2778;182547 - 31676 | PILAR DIGITAL HI 3.5X3 AR | 584897;182547
2779;191841 - TSDLA300 | PILAR DIGITAL PROSTHETIC LAB ANALOG (ANÁLOGO)MINI | 596275;191841
2780;182341 - 31656 | PILAR DIGITAL T CM 3.8X0.8 AR | 422378;182341
2781;182342 - 31657 | PILAR DIGITAL T CM 3.8X1.5 AR | 422379;182342
2782;182343 - 31658 | PILAR DIGITAL T CM 3.8X2.5 AR | 422380;182343
2783;182344 - 31659 | PILAR DIGITAL T CM 3.8X3.5 AR | 422381;182344
2784;182345 - 31660 | PILAR DIGITAL T CM 4.5X0.8 AR | 422382;182345
2785;182346 - 31661 | PILAR DIGITAL T CM 4.5X1.5 AR | 422383;182346
2786;182347 - 31662 | PILAR DIGITAL T CM 4.5X2.5 AR | 422384;182347
2787;182348 - 31663 | PILAR DIGITAL T CM 4.5X3.5 AR | 422385;182348
2788;182349 - 31664 | PILAR DIGITAL T HE 3.5X1 AR | 422386;182349
2789;182350 - 31665 | PILAR DIGITAL T HE 3.5X2 AR | 422387;182350
2790;182351 - 31666 | PILAR DIGITAL T HE 3.5X3 AR | 422388;182351
2791;182352 - 31667 | PILAR DIGITAL T HE 4.0X1 AR | 422389;182352
2792;182353 - 31668 | PILAR DIGITAL T HE 4.0X2 AR | 422390;182353
2793;182354 - 31669 | PILAR DIGITAL T HE 4.0X3 AR | 422423;182354
2794;182355 - 31670 | PILAR DIGITAL T HE 5.0X1 AR | 422424;182355
2795;182356 - 31671 | PILAR DIGITAL T HE 5.0X2 AR | 422425;182356
2796;182357 - 31672 | PILAR DIGITAL T HE 5.0X3 AR | 422426;182357
2797;182358 - 31674 | PILAR DIGITAL T HI 3.5X1 AR | 422427;182358
2798;182359 - 31677 | PILAR DIGITAL T HI 4.0X1 AR | 422428;182359
2799;182360 - 31678 | PILAR DIGITAL T HI 4.0X2 AR | 422429;182360
2800;182361 - 31679 | PILAR DIGITAL T HI 4.0X3 AR | 422430;182361
2801;182362 - 31680 | PILAR DIGITAL T HI 5.0X1 AR | 422431;182362
2802;182363 - 31681 | PILAR DIGITAL T HI 5.0X2 AR | 422432;182363
2803;182364 - 31682 | PILAR DIGITAL T HI 5.0X3 AR | 422433;182364
2804;182388 - 31675 | PILAR DIGITAL T HI AR 3.5X3 | 422700;182388
2805;177173 - 02.23.26.172 | PILAR ESTREITO CMH NP 7MM  | 400994;177173
2806;177174 - 02.23.26.192 | PILAR ESTREITO CMH NP 9MM  | 400995;177174
2807;177153 - 02.23.22.114 | PILAR ESTÉTICO ANGULADO 15° CMH NP C1,5  | 400974;177153
2808;177155 - 02.23.22.134 | PILAR ESTÉTICO ANGULADO 15° CMH NP C3  | 400976;177155
2809;177157 - 02.23.22.144 | PILAR ESTÉTICO ANGULADO 15° CMH NP C4,5  | 400978;177157
2810;177152 - 02.23.22.112 | PILAR ESTÉTICO CMH NP C1,5  | 400973;177152
2811;177154 - 02.23.22.132 | PILAR ESTÉTICO CMH NP C3  | 400975;177154
2812;177156 - 02.23.22.142 | PILAR ESTÉTICO CMH NP C4,5  | 400977;177156
2813;177158 - 02.23.22.512 | PILAR ESTÉTICO DIVERGENTE CMH NP C1,5  | 400979;177158
2814;177159 - 02.23.22.532 | PILAR ESTÉTICO DIVERGENTE CMH NP C3  | 400980;177159
2815;177160 - 02.23.22.542 | PILAR ESTÉTICO DIVERGENTE CMH NP C4,5  | 400981;177160
2816;183646 - 115.237 | PILAR GM 4.8 EXACT ALT. 0.8 | 555202;183646
2817;183648 - 115.238 | PILAR GM 4.8 EXACT ALT. 1.5 | 555204;183648
2818;183674 - 115.241 | PILAR GM 4.8 EXACT ALT. 4.5 | 555230;183674
2819;183676 - 115.242 | PILAR GM 4.8 EXACT ALT. 5.5 | 555232;183676
2820;183678 - 115.269 | PILAR GM 4.8 PARAF REMOVIVEL ALT 0.8 | 555234;183678
2821;183697 - 115.270 | PILAR GM 4.8 PARAF REMOVIVEL ALT 1.5 | 555253;183697
2822;183704 - 115.271 | PILAR GM 4.8 PARAF REMOVIVEL ALT 2.5 | 555260;183704
2823;183701 - 115.272 | PILAR GM 4.8 PARAF REMOVIVEL ALT 3.5 | 555257;183701
2824;183707 - 115.273 | PILAR GM 4.8 PARAF REMOVIVEL ALT 4.5 | 555263;183707
2825;183708 - 115.274 | PILAR GM 4.8 PARAF REMOVIVEL ALT 5.5 | 555264;183708
2826;178447 - EFF1105.05.1A.CJ | PILAR GT CM CINTA 0.80MM IMP. Ø3.50 - Ø5.00 PLAT. Ø3.50 - Ø5.00 | 589284;178447
2827;178450 - EFF1105.05.1B.CJ | PILAR GT CM CINTA 1.50MM IMP. Ø3.50 - Ø5.00 PLAT. Ø3.50 - Ø5.00 | 589287;178450
2828;178453 - EFF1105.05.1C.CJ | PILAR GT CM CINTA 2.50MM IMP. Ø3.50 - Ø5.00 PLAT. Ø3.50 - Ø5.00 | 589290;178453
2829;178454 - EFF1105.05.1D.CJ | PILAR GT CM CINTA 3.50MM IMP. Ø3.50 - Ø5.00 PLAT. Ø3.50 - Ø5.00 | 589291;178454
2830;178455 - EFF1105.05.1E.CJ | PILAR GT CM CINTA 4.50MM IMP. Ø3.50 - Ø5.00 PLAT. Ø3.50 - Ø5.00 | 589292;178455
2831;182015 - 25781 | PILAR IDEALE ANGULADO CONE MORSE 3.3X4X1.5 17° | 402377;182015
2832;182027 - 25805 | PILAR IDEALE ANGULADO CONE MORSE 3.3X4X1.5 30° | 402389;182027
2833;182016 - 25783 | PILAR IDEALE ANGULADO CONE MORSE 3.3X4X2.5 17° | 402378;182016
2834;182028 - 25807 | PILAR IDEALE ANGULADO CONE MORSE 3.3X4X2.5 30° | 402390;182028
2835;182017 - 25785 | PILAR IDEALE ANGULADO CONE MORSE 3.3X4X3.5 17° | 402379;182017
2836;182029 - 25809 | PILAR IDEALE ANGULADO CONE MORSE 3.3X4X3.5 30° | 402391;182029
2837;182018 - 25787 | PILAR IDEALE ANGULADO CONE MORSE 3.3X6X1.5 17° | 402380;182018
2838;182030 - 25811 | PILAR IDEALE ANGULADO CONE MORSE 3.3X6X1.5 30° | 402392;182030
2839;182019 - 25789 | PILAR IDEALE ANGULADO CONE MORSE 3.3X6X2.5 17° | 402381;182019
2840;182031 - 25813 | PILAR IDEALE ANGULADO CONE MORSE 3.3X6X2.5 30° | 402393;182031
2841;182020 - 25791 | PILAR IDEALE ANGULADO CONE MORSE 3.3X6X3.5 17° | 402382;182020
2842;182032 - 25815 | PILAR IDEALE ANGULADO CONE MORSE 3.3X6X3.5 30° | 402394;182032
2843;182021 - 25793 | PILAR IDEALE ANGULADO CONE MORSE 4.5X4X1.5 17° | 402383;182021
2844;182033 - 25817 | PILAR IDEALE ANGULADO CONE MORSE 4.5X4X1.5 30° | 402395;182033
2845;182022 - 25795 | PILAR IDEALE ANGULADO CONE MORSE 4.5X4X2.5 17° | 402384;182022
2846;182034 - 25819 | PILAR IDEALE ANGULADO CONE MORSE 4.5X4X2.5 30° | 402396;182034
2847;182023 - 25797 | PILAR IDEALE ANGULADO CONE MORSE 4.5X4X3.5 17° | 402385;182023
2848;182035 - 25821 | PILAR IDEALE ANGULADO CONE MORSE 4.5X4X3.5 30° | 402397;182035
2849;182024 - 25799 | PILAR IDEALE ANGULADO CONE MORSE 4.5X6X1.5 17° | 402386;182024
2850;182036 - 25823 | PILAR IDEALE ANGULADO CONE MORSE 4.5X6X1.5 30° | 402398;182036
2851;182025 - 25801 | PILAR IDEALE ANGULADO CONE MORSE 4.5X6X2.5 17° | 402387;182025
2852;182037 - 25825 | PILAR IDEALE ANGULADO CONE MORSE 4.5X6X2.5 30° | 402399;182037
2853;182026 - 25803 | PILAR IDEALE ANGULADO CONE MORSE 4.5X6X3.5 17° | 402388;182026
2854;182038 - 25827 | PILAR IDEALE ANGULADO CONE MORSE 4.5X6X3.5 30° | 402400;182038
2855;182052 - 25871 | PILAR IDEALE ANGULADO CONE MORSE AR 3.3X4X1.5 17° | 402414;182052
2856;182064 - 25895 | PILAR IDEALE ANGULADO CONE MORSE AR 3.3X4X1.5 30° | 402426;182064
2857;182053 - 25873 | PILAR IDEALE ANGULADO CONE MORSE AR 3.3X4X2.5 17° | 402415;182053
2858;182065 - 25897 | PILAR IDEALE ANGULADO CONE MORSE AR 3.3X4X2.5 30° | 402427;182065
2859;182054 - 25875 | PILAR IDEALE ANGULADO CONE MORSE AR 3.3X4X3.5 17° | 402416;182054
2860;182066 - 25899 | PILAR IDEALE ANGULADO CONE MORSE AR 3.3X4X3.5 30° | 402428;182066
2861;182055 - 25877 | PILAR IDEALE ANGULADO CONE MORSE AR 3.3X6X1.5 17° | 402417;182055
2862;182067 - 25901 | PILAR IDEALE ANGULADO CONE MORSE AR 3.3X6X1.5 30° | 402429;182067
2863;182056 - 25879 | PILAR IDEALE ANGULADO CONE MORSE AR 3.3X6X2.5 17° | 402418;182056
2864;182068 - 25903 | PILAR IDEALE ANGULADO CONE MORSE AR 3.3X6X2.5 30° | 402430;182068
2865;182057 - 25881 | PILAR IDEALE ANGULADO CONE MORSE AR 3.3X6X3.5 17° | 402419;182057
2866;182069 - 25905 | PILAR IDEALE ANGULADO CONE MORSE AR 3.3X6X3.5 30° | 402431;182069
2867;182058 - 25883 | PILAR IDEALE ANGULADO CONE MORSE AR 4.5X4X1.5 17° | 402420;182058
2868;182070 - 25907 | PILAR IDEALE ANGULADO CONE MORSE AR 4.5X4X1.5 30° | 402432;182070
2869;182059 - 25885 | PILAR IDEALE ANGULADO CONE MORSE AR 4.5X4X2.5 17° | 402421;182059
2870;182071 - 25909 | PILAR IDEALE ANGULADO CONE MORSE AR 4.5X4X2.5 30° | 402433;182071
2871;182060 - 25887 | PILAR IDEALE ANGULADO CONE MORSE AR 4.5X4X3.5 17° | 402422;182060
2872;182072 - 25911 | PILAR IDEALE ANGULADO CONE MORSE AR 4.5X4X3.5 30° | 402434;182072
2873;182061 - 25889 | PILAR IDEALE ANGULADO CONE MORSE AR 4.5X6X1.5 17° | 402423;182061
2874;182073 - 25913 | PILAR IDEALE ANGULADO CONE MORSE AR 4.5X6X1.5 30° | 402435;182073
2875;182062 - 25891 | PILAR IDEALE ANGULADO CONE MORSE AR 4.5X6X2.5 17° | 402424;182062
2876;182074 - 25915 | PILAR IDEALE ANGULADO CONE MORSE AR 4.5X6X2.5 30° | 402436;182074
2877;182063 - 25893 | PILAR IDEALE ANGULADO CONE MORSE AR 4.5X6X3.5 17° | 402425;182063
2878;182075 - 25917 | PILAR IDEALE ANGULADO CONE MORSE AR 4.5X6X3.5 30° | 402437;182075
2879;182475 - 34177 | PILAR IDEALE ANGULADO HE 3.5 4.5X4X1.0 17° | 434328;182475
2880;182476 - 34233 | PILAR IDEALE ANGULADO HE 3.5 4.5X4X1.0 30° | 434329;182476
2881;182477 - 34183 | PILAR IDEALE ANGULADO HE 3.5 4.5X6X1.0 17° | 434330;182477
2882;182478 - 34239 | PILAR IDEALE ANGULADO HE 3.5 4.5X6X1.0 30° | 434331;182478
2883;182479 - 34180 | PILAR IDEALE ANGULADO HE 4.0/4.1 4.5X4X1.0 17° | 434332;182479
2884;182480 - 34236 | PILAR IDEALE ANGULADO HE 4.0/4.1 4.5X4X1.0 30° | 434333;182480
2885;182481 - 34230 | PILAR IDEALE ANGULADO HE 4.0/4.1 4.5X6X1.0 17° | 434334;182481
2886;182482 - 34242 | PILAR IDEALE ANGULADO HE 4.0/4.1 4.5X6X1.0 30° | 434335;182482
2887;182489 - 34089 | PILAR IDEALE ANGULADO HI 3.5 4.5X4X1.0 17° | 434342;182489
2888;182490 - 34101 | PILAR IDEALE ANGULADO HI 3.5 4.5X4X1.0 30° | 434343;182490
2889;182491 - 34095 | PILAR IDEALE ANGULADO HI 3.5 4.5X6X1.0 17° | 434344;182491
2890;182492 - 34107 | PILAR IDEALE ANGULADO HI 3.5 4.5X6X1.0 30° | 434345;182492
2891;182493 - 34092 | PILAR IDEALE ANGULADO HI 4.0 4.5X4X1.0 17° | 434346;182493
2892;182494 - 34104 | PILAR IDEALE ANGULADO HI 4.0 4.5X4X1.0 30° | 434347;182494
2893;182495 - 34098 | PILAR IDEALE ANGULADO HI 4.0 4.5X6X1.0 17° | 434348;182495
2894;182496 - 34110 | PILAR IDEALE ANGULADO HI 4.0 4.5X6X1.0 30° | 434349;182496
2895;182091 - 262606 | PILAR IDEALE CONE MORSE 3.3X4X0.0 | 402453;182091
2896;181990 - 25733 | PILAR IDEALE CONE MORSE 3.3X4X0.8 | 402352;181990
2897;181991 - 25735 | PILAR IDEALE CONE MORSE 3.3X4X1.5 | 402353;181991
2898;181992 - 257374 | PILAR IDEALE CONE MORSE 3.3X4X2.5 | 402354;181992
2899;181993 - 25739 | PILAR IDEALE CONE MORSE 3.3X4X3.5 | 402355;181993
2900;181994 - 25741 | PILAR IDEALE CONE MORSE 3.3X4X4.5 | 402356;181994
2901;181995 - 25743 | PILAR IDEALE CONE MORSE 3.3X4X5.5 | 402357;181995
2902;181996 - 25745 | PILAR IDEALE CONE MORSE 3.3X6X0.8 | 402358;181996
2903;181997 - 25747 | PILAR IDEALE CONE MORSE 3.3X6X1.5 | 402359;181997
2904;181998 - 25749 | PILAR IDEALE CONE MORSE 3.3X6X2.5 | 402360;181998
2905;181999 - 257510 | PILAR IDEALE CONE MORSE 3.3X6X3.5 | 402361;181999
2906;182000 - 25753 | PILAR IDEALE CONE MORSE 3.3X6X4.5 | 402362;182000
2907;182001 - 25755 | PILAR IDEALE CONE MORSE 3.3X6X5.5 | 402363;182001
2908;182002 - 25757 | PILAR IDEALE CONE MORSE 4.5X4X0.8 | 402364;182002
2909;182003 - 25759 | PILAR IDEALE CONE MORSE 4.5X4X1.5 | 402365;182003
2910;182004 - 25761 | PILAR IDEALE CONE MORSE 4.5X4X2.5 | 402366;182004
2911;182005 - 25763 | PILAR IDEALE CONE MORSE 4.5X4X3.5 | 402367;182005
2912;182006 - 25765 | PILAR IDEALE CONE MORSE 4.5X4X4.5 | 402368;182006
2913;182007 - 25767 | PILAR IDEALE CONE MORSE 4.5X4X5.5 | 402369;182007
2914;182008 - 25769 | PILAR IDEALE CONE MORSE 4.5X6X0.8 | 402370;182008
2915;182009 - 25771 | PILAR IDEALE CONE MORSE 4.5X6X1.5 | 402371;182009
2916;182010 - 25773 | PILAR IDEALE CONE MORSE 4.5X6X2.5 | 402372;182010
2917;182011 - 257756 | PILAR IDEALE CONE MORSE 4.5X6X3.5 | 402373;182011
2918;182012 - 25777 | PILAR IDEALE CONE MORSE 4.5X6X4.5 | 402374;182012
2919;182013 - 25779 | PILAR IDEALE CONE MORSE 4.5X6X5.5 | 402375;182013
2920;182466 - 34157 | PILAR IDEALE HE 3.5 4.5X4X1.0 | 434319;182466
2921;182467 - 34158 | PILAR IDEALE HE 3.5 4.5X4X2.0 | 434320;182467
2922;182468 - 34159 | PILAR IDEALE HE 3.5 4.5X4X3.0 | 434321;182468
2923;182546 - 34167 | PILAR IDEALE HE 3.5 4.5X6X1.0 | 584896;182546
2924;182545 - 34168 | PILAR IDEALE HE 3.5 4.5X6X2.0 | 584895;182545
2925;182544 - 34169 | PILAR IDEALE HE 3.5 4.5X6X3.0 | 584894;182544
2926;182469 - 34162 | PILAR IDEALE HE 4.0/4.1 4.5X4X1.0 | 434322;182469
2927;182470 - 34163 | PILAR IDEALE HE 4.0/4.1 4.5X4X2.0 | 434323;182470
2928;182471 - 34164 | PILAR IDEALE HE 4.0/4.1 4.5X4X3.0 | 434324;182471
2929;182472 - 34172 | PILAR IDEALE HE 4.0/4.1 4.5X6X1.0 | 434325;182472
2930;182473 - 34173 | PILAR IDEALE HE 4.0/4.1 4.5X6X2.0 | 434326;182473
2931;182474 - 34174 | PILAR IDEALE HE 4.0/4.1 4.5X6X3.0 | 434327;182474
2932;182449 - 34069 | PILAR IDEALE HI 3.5 4.5X4X1.0 | 433990;182449
2933;182450 - 34070 | PILAR IDEALE HI 3.5 4.5X4X2.0 | 433991;182450
2934;182483 - 34071 | PILAR IDEALE HI 3.5 4.5X4X3.0 | 434336;182483
2935;182484 - 34079 | PILAR IDEALE HI 3.5 4.5X6X1.0 | 434337;182484
2936;182485 - 34080 | PILAR IDEALE HI 3.5 4.5X6X2.0 | 434338;182485
2937;182486 - 34081 | PILAR IDEALE HI 3.5 4.5X6X3.0 | 434339;182486
2938;182543 - 34074 | PILAR IDEALE HI 4.0 4.5X4X1.0 | 584893;182543
2939;182542 - 34075 | PILAR IDEALE HI 4.0 4.5X4X2.0 | 584892;182542
2940;182541 - 34076 | PILAR IDEALE HI 4.0 4.5X4X3.0 | 584891;182541
2941;182487 - 34084 | PILAR IDEALE HI 4.0 4.5X6X1.0 | 434340;182487
2942;182451 - 34085 | PILAR IDEALE HI 4.0 4.5X6X2.0 | 433992;182451
2943;182488 - 34086 | PILAR IDEALE HI 4.0 4.5X6X3.0 | 434341;182488
2944;"191865 - TSPL4041MWH | PILAR LINK (FOR PUBLIC - TIPO B) / TIPO ABERTO - HEX MIN (DIAMETRO 4 MM; ALTURA DO PILAR 4 MM; ALTURA DA GENIVA 1 MM) | 612970";191865
2945;"191866 - TSPL4042MWH | PILAR LINK (FOR PUBLIC - TIPO B) / TIPO ABERTO - HEX MINI (DIAMETRO 4 MM; ALTURA DO PILAR 4 MM; ALTURA DA GENGIVA 2 MM) | 612971";191866
2946;"191871 - TSPL4043MWH | PILAR LINK (FOR PUBLIC - TIPO B) / TIPO ABERTO - HEX MINI (DIAMETRO 4 MM; ALTURA DO PILAR 4 MM; ALTURA DA GENGIVA 3 MM) | 612995";191871
2947;"191872 - TSPL4044MWH | PILAR LINK (FOR PUBLIC - TIPO B) / TIPO ABERTO - HEX MINI (DIAMETRO 4 MM; ALTURA DO PILAR 4 MM; ALTURA DA GENGIVA 4 MM) | 612996";191872
2948;191881 - TSPL4542RWH | PILAR LINK (FOR PUBLIC - TIPO B) / TIPO ABERTO HEX REGULAR (DIAMETRO 4,5 MM ALTURA DO PILAR 4 MM ALTURA DA GENGIVA 2 MM) | 613006;191881
2949;191879 - TSPL4064MWH | PILAR LINK (FOR PUBLIC - TIPO B) / TIPO CILINDIRCO HEX MINI (DIAMETRO 4 MM ALTURA DO PILAR 6 MM ALTURA DA GENGIVA 4 MM) | 613003;191879
2950;191873 - TSPL4041CWH | PILAR LINK (FOR PUBLIC - TIPO B) / TIPO CILINDRICO - HEX MINI (DIAMETRO 4 MM ALTURA DO PILAR 4 MM ALTURA DA GENGIVA 1MM) | 612997;191873
2951;"191867 - TSPL4043CWH | PILAR LINK (FOR PUBLIC - TIPO B) / TIPO CILINDRICO - HEX MINI (DIAMETRO 4MM; ALTURA DO PILAR 4MM; ALTURA DA GENGIVA 3MM) | 612972";191867
2952;191874 - TSPL4042CWH | PILAR LINK (FOR PUBLIC - TIPO B) / TIPO CILINDRICO HEX MINI (DIAMETRO 4 MM ALTURA DO PILAR 4 MM ALTURA DA GENGIVA 2 MM) | 612998;191874
2953;191875 - TSPL4044CWH | PILAR LINK (FOR PUBLIC - TIPO B) / TIPO CILINDRICO HEX MINI (DIAMETRO 4 MM ALTURA DO PILAR 4 MM ALTURA DA GENGIVA 4 MM) | 612999;191875
2954;191876 - TSPL4061 MWH | PILAR LINK (FOR PUBLIC - TIPO B) / TIPO CILINDRICO HEX MINI (DIAMETRO 4 MM ALTURA DO PILAR 6 MM ALTURA DA GENGIVA 1 MM) | 613000;191876
2955;191877 - TSPL4062MWH | PILAR LINK (FOR PUBLIC - TIPO B) / TIPO CILINDRICO HEX MINI (DIAMETRO 4 MM ALTURA DO PILAR 6 MM ALTURA DA GENGIVA 2 MM) | 613001;191877
2956;191878 - TSPL4063MWH | PILAR LINK (FOR PUBLIC - TIPO B) / TIPO CILINDRICO HEX MINI (DIAMETRO 4 MM ALTURA DO PILAR 6 MM ALTURA DA GENGIVA 6 MM) | 613002;191878
2957;"191853 - TSPL4541RWH | PILAR LINK (FOR PUBLIC - TIPO B) TIPO ABERTO HEX REGULAR (DIAMETRO 4,5MM; ALTURA DO PILAR 4MM; ALTURA DA GENGIVA 1MM) | 612737";191853
2958;191880 - TSPL4061MWH | PILAR LINK (FOR PUBLIC - TIPO B) TIPO CILINDRICO HEX MINI (DIAMETRO 4 MM ALTURA DO PILAR 6 MM ALTURA DA GENGIVA 1MM) | 613004;191880
2959;191891 - TSPL4564RWH | PILAR LINK (FOR PUBLIC - TIPO B) TIPO CILINDRICO HEX REGULAR (DIAMETRO 4,5MM ALTURA DO PILAR 6MM ALTURA DA GENGIVA 4MM) | 613021;191891
2960;191888 - TSPL4544RWH | PILAR LINK (FOR PUBLIC - TIPO B)/ TIPO ABERTO HEX REGULAR (DIAMETRO 4,5MM ALTURA DO PILAR 4 MM ALTURA DA GENGIVA 4MM) | 613017;191888
2961;191883 - TSPL4543CWH | PILAR LINK (FOR PUBLIC - TIPO B)/ TIPO CILIDRICO HEZ REGULAR (DIAMETRO 4,5MM ALTURA DO PILAR 4 MM ALTURA DA GENGIVA 3 MM | 613010;191883
2962;191889 - TSPL4541CWH | PILAR LINK (FOR PUBLIC - TIPO B)/ TIPO CILINDRICO HEX REGULAR (DIAMETRO 4,5MM ALTURA DO PILAR 4MM ALTURA DA GENGIVA 1MM) | 613018;191889
2963;191885 - TSPL4544CWH | PILAR LINK (FOR PUBLIC - TIPO B)/ TIPO CILINDRICO HEX REGULAR (DIAMETRO 4,5MM ALTURA DO PILAR 4MM ALTURA DA GENGIVA 4MM) | 613013;191885
2964;191884 - TSPL4543RWH | PILAR LINK (FOR PUBLIC - TIPO B/ TIPO ABERTO HEX REGULAR (DIAMETRO 4,5 MM ALTURA DO PILAR 4 MM ALTURA DA GENGIVA 3MM) | 613012;191884
2965;191890 - TSPL4562RWH | PILAR LINK (FOR PUBLIC- TIPO B)/ TIPO CILINDRICO- HEX REGULAR (DIAMETRO 4,5MM ALTURA DO PILAR 6MM ALTURA DA GENGIVA 2MM) | 613019;191890
2966;191887 - TSPL4563RWH | PILAR LINK (FOR PUBLIC- TIPO B)/ TIPO CILINDRICO- HEX REGULAR (DIAMETRO 4,5MM ALTURA DO PILAR 6MM ALTURA DA GENGIVA 3MM) | 613015;191887
2967;191882 - TSPL4542CWH | PILAR LINK (FOR PUBLIC- TIPO B)/TIPO CILINDRICO HEX REGULAR (DIAMETRO 4,5 MM ALTURA DO PILAR 4 MM ALTURA DA GENGIVA 2 MM | 613008;191882
2968;191886 - TSPL4561RWH | PILAR LINK (FOR PUBLIC-TIPO B)/ TIPO CILINDRICO- HEX REGULAR (DIAMETRO 4,5MM ALTURA DO PILAR 6MM ALTURA DA GENGIVA 1MM) | 613014;191886
2969;174841 - 3207399 | PILAR MICRO-UNIT HEX 30°X3,0 ZIGOMAX | 399991;174841
2970;174843 - 3207499 | PILAR MICRO-UNIT HEX 30°X4,0 ZIGOMAX | 399993;174843
2971;191756 - TSMN500TH | PILAR MULTI - CILINDRO NP-CASTHEXÁGONO MINI E REGULAR | 596105;191756
2972;191755 - TSMN500NTH | PILAR MULTI - CILINDRO NP-CASTNON-HEXÁGONO MINI E REGULAR | 596103;191755
2973;"191868 - TSMA5010MP | PILAR MULTI / MINI (DIAMETRO 4,8 MM; ALTURA DA GENGIVA 1 MM) E PARAFUSO DO PILAR INTEGRADO  | 612973";191868
2974;"191753 - TSMA5020P | PILAR MULTIREGULAR (DIAMETRO 4,8 MM; ALTURA DA GENGIVA 2 MM) E PARAFUSO DO PILAR INTEGRADO | 596099";191753
2975;"191754 - TSMA5030P | PILAR MULTIREGULAR (DIAMETRO 4,8 MM; ALTURA DA GENGIVA 3 MM) E PARAFUSO DO PILAR INTEGRADO | 596101";191754
2976;"191747 - GSNA4010BWH | PILAR NP-CASTNON-HEX MINI (DIAMETRO 4 MM; ALTURA DA GENGIVA 1 MM) E PARAFUSO DO PILAR | 596087";191747
2977;"191748 - GSNA4030BWH | PILAR NP-CASTNON-HEX MINI (DIAMETRO 4 MM; ALTURA DA GENGIVA 3 MM) E PARAFUSO DO PILAR | 596089";191748
2978;"191749 - GSNA4510BWH | PILAR NP-CASTNON-HEX REGULAR (DIAMETRO 4,5 MM; ALTURA DA GENGIVA 1 MM) E PARAFUSO DO PILAR | 596091";191749
2979;"191750 - GSNA4530BWH | PILAR NP-CASTNON-HEX REGULAR (DIAMETRO 4,5 MM; ALTURA DA GENGIVA 3 MM) E PARAFUSO DO PILAR | 596093";191750
2980;178537 - EFF1105.29.3A.CJ | PILAR RETO CM CINTA 0.80MM IMP. Ø3.50 Ø5.00 PLAT. Ø3.00 EGM | 589374;178537
2981;174922 - 909399 | PILAR STANDARD HEX 3,0MM ZIGOMAX | 400072;174922
2982;182596 - 34.542 | Pilar Stretto 3.0x3.5x1.5 | 611840;182596
2983;182606 - 34.572 | Pilar Stretto 3.0x3.5x1.5 - Seleção | 611850;182606
2984;182597 - 34.543 | Pilar Stretto 3.0x3.5x2.5 | 611841;182597
2985;182607 - 34.573 | Pilar Stretto 3.0x3.5x2.5 - Seleção | 611851;182607
2986;182598 - 34.544 | Pilar Stretto 3.0x3.5x3.5 | 611842;182598
2987;182608 - 34.574 | Pilar Stretto 3.0x3.5x3.5 - Seleção | 611852;182608
2988;182599 - 34.545 | Pilar Stretto 3.0x3.5x4.5 | 611843;182599
2989;182600 - 34.546 | Pilar Stretto 3.0x3.5x5.5 | 611844;182600
2990;182601 - 33.043 | Pilar Stretto 3.0x4.8x1.5 | 611845;182601
2991;182602 - 33.045 | Pilar Stretto 3.0x4.8x2.5 | 611846;182602
2992;182603 - 33.047 | Pilar Stretto 3.0x4.8x3.5 | 611847;182603
2993;182604 - 33.049 | Pilar Stretto 3.0x4.8x4.5 | 611848;182604
2994;182605 - 33.051 | Pilar Stretto 3.0x4.8x5.5 | 611849;182605
2995;184617 - 115.023 | PILAR TRANSEPITELIAL 4.1 ALT.3 | 585622;184617
2996;184616 - 115.024 | PILAR TRANSEPITELIAL 4.1 ALT.4 | 585621;184616
2997;184615 - 115.025 | PILAR TRANSEPITELIAL 4.1 ALT.5 | 585620;184615
2998;184583 - 115.172 | PILAR TRANSEPITELIAL ZIGOMATICO CM ALT.3 | 585587;184583
2999;184582 - 115.173 | PILAR TRANSEPITELIAL ZIGOMATICO CM ALT.4 | 585586;184582
3000;184581 - 115.174 | PILAR TRANSEPITELIAL ZIGOMATICO CM ALT.5 | 585584;184581
3001;184580 - 115.175 | PILAR TRANSEPITELIAL ZIGOMATICO CM ALT.6 | 585583;184580
3002;184512 - 115.180 | PILAR WS ALT.0.8 | 585512;184512
3003;184511 - 115.181 | PILAR WS ALT.1.5 | 585511;184511
3004;184510 - 115.182 | PILAR WS ALT.2.5 | 585510;184510
3005;184509 - 115.183 | PILAR WS ALT.3.5 | 585509;184509
3006;191573 - GSAA4520AWH | TS PILAR ANGLED 4,5MMX8MMX2MM | 553236;191573
3007;191574 - GSAA4540AWH | TS PILAR ANGLED 4,5MMX8MMX4MM | 553237;191574
3008;191571 - GSAA4020MAWH | TS PILAR ANGLED 4MMX8MMX2MM | 553234;191571
3009;191572 - GSAA4040MAWH | TS PILAR ANGLED 4MMX8MMX4MM | 553235;191572
3010;191575 - GSAA5020AWH | TS PILAR ANGLED 5MMX8MMX2MM | 553238;191575
3011;191576 - GSAA5040AWH | TS PILAR ANGLED 5MMX8MMX4MM | 553239;191576
3012;191577 - GSAA6020AWH | TS PILAR ANGLED 6MMX8MMX2MM | 553240;191577
3013;191578 - GSAA6040AWH | TS PILAR ANGLED 6MMX8MMX4MM | 553241;191578
3014;191567 - TSPTB431RWH | TS PILAR LINK 4,5MMX3MMX1MM | 553230;191567
3015;191612 - TSPTB431MWH | TS PILAR LINK 4,5MMX3MMX1MM  | 553275;191612
3016;191568 - TSPTB432RWH | TS PILAR LINK 4,5MMX3MMX2MM  | 553231;191568
3017;191613 - TSPTB432MWH | TS PILAR LINK 4,5MMX3MMX2MM  | 553276;191613
3018;191569 - TSPTB451RWH | TS PILAR LINK 4,5MMX5MMX1MM  | 553232;191569
3019;191614 - TSPTB451MWH | TS PILAR LINK 4,5MMX5MMX1MM | 553277;191614
3020;191570 - TSPTB452RWH | TS PILAR LINK 4,5MMX5MMX2MM  | 553233;191570
3021;191615 - TSPTB452MWH | TS PILAR LINK 4,5MMX5MMX2MM  | 553278;191615
3022;191565 - TSCTBMWH | TS PILAR LINK PARA CEREC HEX MINI 3.0 E 3.5 | 553228;191565
3023;191566 - TSCTBRWH | TS PILAR LINK PARA CEREC HEX REGULAR 4.0 E 4.5 | 553229;191566
3024;191611 - TSMA5010P | TS PILAR MULTI / SUPORTE  4,8MMX1MM | 553274;191611
3025;191674 - TSMA5020MP | TS PILAR MULTI / SUPORTE  4,8MMX2MM  | 553337;191674
3026;191675 - TSMA5030MP | TS PILAR MULTI / SUPORTE  4,8MMX3MM  | 553338;191675
3027;191676 - TSMA5040MP | TS PILAR MULTI / SUPORTE  4,8MMX4MM  | 553339;191676
3028;191677 - TSMA5040P | TS PILAR MULTI / SUPORTE  4,8MMX4MM  | 553340;191677
3029;191678 - TSMA5050P | TS PILAR MULTI / SUPORTE  4,8MMX5MM  | 553341;191678
3030;191717 - TSMA5050MP | TS PILAR MULTI / SUPORTE  4,8MMX5MM  | 553381;191717
3031;191679 - TSMSBC | TS PILAR MULTI ANGLED  | 553342;191679
3032;191648 - GS17MAS4820WH | TS PILAR MULTI ANGLED  4,8MMX2,5MM  | 553311;191648
3033;191661 - GS17MAM4820WH | TS PILAR MULTI ANGLED  4,8MMX2MM  | 553324;191661
3034;191662 - GS17MAM4830WH | TS PILAR MULTI ANGLED  4,8MMX3MM  | 553325;191662
3035;191664 - GS17MAS4830WH | TS PILAR MULTI ANGLED  4,8MMX3MM | 553327;191664
3036;191666 - GS30MAM4830WH | TS PILAR MULTI ANGLED  4,8MMX3MM  | 553329;191666
3037;191667 - GS30MAS4830WH | TS PILAR MULTI ANGLED  4,8MMX3MM | 553330;191667
3038;191663 - GS17MAM4840WH | TS PILAR MULTI ANGLED  4,8MMX4MM | 553326;191663
3039;191665 - GS17MAS4840WH | TS PILAR MULTI ANGLED  4,8MMX4MM  | 553328;191665
3040;191668 - GS30MAS4840WH | TS PILAR MULTI ANGLED  4,8MMX4MM  | 553331;191668
3041;191649 - GSNA4510SWH | TS PILAR NP-CAST 4,5MMX1MM  | 553312;191649
3042;191581 - GSNA4530SWH | TS PILAR NP-CAST 4,5MMX3MM | 553244;191581
3043;191579 - GSNA4010SWH | TS PILAR NP-CAST 4MMX10MM   | 553242;191579
3044;191580 - GSNA4030SWH | TS PILAR NP-CAST 4MMX3MM | 553243;191580
3045;191564 - GSTTA4510TH | TS PILAR TEMPORÁRIO 4,5MMX10MMX1MM | 553227;191564
3046;191673 - GSTTA4530TH | TS PILAR TEMPORÁRIO 4,5MMX10MMX3MM  | 553336;191673
3047;191562 - GSTTA4010TH | TS PILAR TEMPORÁRIO 4MMX10MMX1MM | 553225;191562
3048;191563 - GSTTA4030TH | TS PILAR TEMPORÁRIO 4MMX10MMX3MM | 553226;191563
3049;185834 - CP 3406-H | ABUT PROV C/HEX Ø3.4 C/PT2008 | 403299;185834
3050;186656 - PTA 4806-3 | ABUT PROV CONICO C/HEX C/PRH30 | 404121;186656
3051;186660 - PTM 4800-2 | ABUT PROV CONICO S/HEX C/PRH20 | 404125;186660
3052;186655 - PTA 4800-3 | ABUT PROV CONICO S/HEX C/PRH30 | 404120;186655
3053;185895 - CPTS 386-Q | ABUT PROV IMP Ø3.8 C/ PTQH18 | 403360;185895
3054;186671 - PTMS 4800-3 | ABUT PROV MINI ABUT S/HEX C/PRH30 | 404136;186671
3055;186661 - PTM 4800-3 | ABUT PROV MINI S/HEX C/ PRH 30 | 404126;186661
3056;185833 - CP 3400-H | ABUT PROV S/HEX Ø3.4 C/PT2008 | 403298;185833
3057;172756 - 702.277 | ABUTMENT PROVISORIO HE C/HEX. Ø3.4MM | 398529;172756
3058;172758 - 702.279 | ABUTMENT PROVISORIO HE C/HEX. Ø4.1MM | 398531;172758
3059;172759 - 702.280 | ABUTMENT PROVISORIO HE S/ HEX. Ø4.1MM | 398532;172759
3060;172757 - 702.278 | ABUTMENT PROVISORIO HE S/HEX. Ø3.4MM | 398530;172757
3061;172763 - 702.292 | ABUTMENT PROVISORIO MINI | 398536;172763
3062;172762 - 702.291 | ABUTMENT PROVISORIO PARAFUS.MAX CM | 398535;172762
3063;173117 - 702.333 | ABUTMENT PROVISÓRIO CM Ø3.3 X 0.8MM | 602737;173117
3064;173118 - 702.334 | ABUTMENT PROVISÓRIO CM Ø3.3 X 1.5MM | 602739;173118
3065;173119 - 702.335 | ABUTMENT PROVISÓRIO CM Ø3.3 X 2.5MM | 602741;173119
3066;173120 - 702.336 | ABUTMENT PROVISÓRIO CM Ø3.3 X 3.5MM | 602743;173120
3067;187101 - PTAM 06 | CIL PROVISORIO TITÂ ABUT MULTIFUNC INDEX | 423531;187101
3068;187100 - PTAM 00 | CIL PROVISORIO TITÂ ABUT MULTIFUNCIONAL | 423530;187100
3069;185868 - CPT 366-H | CILIN PROV C/ HEX. Ø3,6 C/ PT 2008 | 403333;185868
3070;185878 - CPTHE 366-H | CILIN PROV HE C/HEX Ø3,6MM C/ PARAF | 403343;185878
3071;185877 - CPTHE 360-H | CILIN PROV HE S/HEX Ø3,6MM C/ PARAF | 403342;185877
3072;185875 - CPTC 400-H | CILIN PROV IMP Ø4.1 C/ PT 2006 | 403340;185875
3073;185876 - CPTC 406-H | CILIN PROV IMP Ø4.1 C/ PT 2006 | 403341;185876
3074;185870 - CPT 400-H | CILIN PROV IMP Ø4.1 C/ PT 2008 | 403335;185870
3075;185871 - CPT 406-H | CILIN PROV IMP Ø4.1 C/ PT 2008 | 403336;185871
3076;185896 - CPTS 456-Q | CILIN PROV IMP Ø4.5 C/ PTQH18 | 403361;185896
3077;185873 - CPT 500-H | CILIN PROV IMP Ø5.0 C/ PT 2008 | 403338;185873
3078;185874 - CPT 506-H | CILIN PROV IMP Ø5.0 C/ PT 2008 | 403339;185874
3079;185879 - CPTM 3501-H | CILIN PROV MORSE Ø 3.5 X 1 | 403344;185879
3080;185880 - CPTM 3502-H | CILIN PROV MORSE Ø 3.5 X 2 | 403345;185880
3081;185881 - CPTM 3503-H | CILIN PROV MORSE Ø 3.5 X 3 | 403346;185881
3082;185882 - CPTM 3504-H | CILIN PROV MORSE Ø 3.5 X 4 | 403347;185882
3083;185883 - CPTM 4501-H | CILIN PROV MORSE Ø 4.5 X 1 | 403348;185883
3084;185884 - CPTM 4502-H | CILIN PROV MORSE Ø 4.5 X 2 | 403349;185884
3085;185885 - CPTM 4503-H | CILIN PROV MORSE Ø 4.5 X 3 | 403350;185885
3086;185886 - CPTM 4504-H | CILIN PROV MORSE Ø 4.5 X 4 | 403351;185886
3087;185867 - CPT 360-H | CILIN PROV S/ HEX Ø3,6 C/ PT 2008 | 403332;185867
3088;183096 - 118.386 | COMPONENTE TEMPORARIO HS ROTACIONAL 3.5 | 554611;183096
3089;183097 - 118.373 | COMPONENTE TEMPORARIO NGM EXACT 3.5X0.8 | 554612;183097
3090;183098 - 118.374 | COMPONENTE TEMPORARIO NGM EXACT 3.5X1.5 | 554613;183098
3091;183099 - 118.375 | COMPONENTE TEMPORARIO NGM EXACT 3.5X2.5 | 554614;183099
3092;183100 - 118.376 | COMPONENTE TEMPORARIO NGM EXACT 3.5X3.5 | 554615;183100
3093;183101 - 118.377 | COMPONENTE TEMPORARIO NGM EXACT 3.5X4.5 | 554616;183101
3094;191869 - NMTR100TH | ESTHETIC-LOW TEMPORARY CYLINDER - NARROW TYPE NON HEX MINI E REGULAR | 612993;191869
3095;191870 - NMTR200TH | ESTHETIC-LOW TEMPORARY CYLINDER - NARROW TYPE NON HEX MINI E REGULAR | 612994;191870
3096;177017 - 02.04.24.101 | INTERFACE TRI NP C0 H4,5 L  | 400838;177017
3097;182132 - 27489 | PILAR PROVISORIO CONE MORSE AR 4.0X0.8 | 402494;182132
3098;182101 - 26805 | PILAR PROVISORIO CONE MORSE AR 4.0X1.5 | 402463;182101
3099;182102 - 26807 | PILAR PROVISORIO CONE MORSE AR 4.0X2.5 | 402464;182102
3100;182103 - 26809 | PILAR PROVISORIO CONE MORSE AR 4.0X3.5 | 402465;182103
3101;177088 - 02.23.05.162 | PILAR PROVISÓRIO CMH NP AR  | 400909;177088
3102;177089 - 02.23.05.172 | PILAR PROVISÓRIO CMH NP R  | 400910;177089
3103;176902 - 02.03.05.162 | PILAR PROVISÓRIO HEX NP AR  | 400723;176902
3104;176903 - 02.03.05.172 | PILAR PROVISÓRIO HEX NP R  | 400724;176903
3105;177043 - 02.08.05.262 | PILAR PROVISÓRIO HEX RP-UP AR  | 400864;177043
3106;177044 - 02.08.05.272 | PILAR PROVISÓRIO HEX RP-UP R  | 400865;177044
3107;182593 - 34.351 | Pilar Provisório Stretto 3.5x1.5 | 611837;182593
3108;182594 - 34.353 | Pilar Provisório Stretto 3.5x2.5 | 611838;182594
3109;182595 - 34.355 | Pilar Provisório Stretto 3.5x3.5 | 611839;182595
3110;176959 - 02.04.05.162 | PILAR PROVISÓRIO TRI NP AR  | 400780;176959
3111;176960 - 02.04.05.172 | PILAR PROVISÓRIO TRI NP R  | 400781;176960
3112;176961 - 02.04.05.262 | PILAR PROVISÓRIO TRI RP-UP AR  | 400782;176961
3113;176962 - 02.04.05.272 | PILAR PROVISÓRIO TRI RP-UP R  | 400783;176962
3114;182962 - 118.180 | CILINDRO GT CALCINAVEL ANTIRROTACIONAL | 554477;182962
3115;182963 - 118.178 | CILINDRO GT CALCINAVEL ROTACIONAL | 554478;182963
3116;182964 - 118.179 | CILINDRO GT EM TITANIO ANTIRROTACIONAL | 554479;182964
3117;184446 - 118.177 | CILINDRO GT EM TITANIO ROTACIONAL | 585418;184446
3118;182969 - 118.363 | CILINDRO PROT UNIT MICRO PILAR GM DIG | 554484;182969
3119;184434 - 118.364 | CILINDRO PROT UNIT PILAR CM WS DIG | 585405;184434
3120;182970 - 118.362 | CILINDRO PROT UNIT PILAR GM DIGITAL | 554485;182970
3121;182971 - 106.056 | CILINDRO PROTECAO DO P.TRANSEPITELIAL | 554486;182971
3122;182978 - 118.082 | CILINDRO TI.M.P CON. 4.1 C.B ASSENT.PAS. | 554493;182978
3123;184437 - 118.249 | CILINDRO TI.MICRO P.CON. P/ ASSENT.PASS. | 585408;184437
3124;189893 - 864.014 | PARAFUSO UCLA MINI PILAR/PILAR CÔNICO - NÃO ESTÉRIL | 405641;189893
3125;191757 - ICFM400 | PILAR UCLA - FIXTURE PICK-UP IMPRESSION COPING (TRANSFERENTE)TRANSFERENTE DE MOLDAGEM PICK-UP - HEXAGONO MINI (DIAMETRO  | 596107;191757
3126;191827 - FAM300 | PILAR UCLA / FIXTURE LAB ANALOG (ANÁLOGO)MINI | 596247;191827
3127;191828 - FAR300 | PILAR UCLA / FIXTURE LAB ANALOG (ANÁLOGO)REGULAR | 596249;191828
3128;"191799 - TAM200TH | PILAR UCLA TEMPORARY (TEMPORÁRIO)HEX EXT MINI (DIAMETRO 4 MM; ALTURA DO PILAR 12 MM) E PARAFUSO DO PILAR | 596191";191799
3129;"191800 - TAR200TH | PILAR UCLA TEMPORARY (TEMPORÁRIO)HEX EXT REGULAR (DIAMETRO 4,5 MM; ALTURA DO PILAR 12 MM) E PARAFUSO DO PILAR | 596193";191800
3130;184439 - 118.238 | UCLA ABUTM IICROWN COCR 4.3 | 585411;184439
3131;184438 - 118.239 | UCLA ABUTM IICROWN COCR 5 | 585409;184438
3132;189773 - 856.002 | UCLA BASE TITÂNIO MPC ROTACIONAL HE/HI/ICM COM PH | 405521;189773
3133;189797 - 857.002 | UCLA BASE TITÂNIO PC ANTIRROTACIONAL HE/HI/ICM COM PH | 405545;189797
3134;184271 - 118.001 | UCLA CALCINAVEL 3.3 ANTIRROTACIONAL | 556014;184271
3135;184454 - 118.002 | UCLA CALCINAVEL 3.3 ROTACIONAL | 585453;184454
3136;184272 - 118.004 | UCLA CALCINAVEL 4.1 ANTIRROTACIONAL | 556015;184272
3137;184273 - 118.005 | UCLA CALCINAVEL 4.1 ROTACIONAL | 556016;184273
3138;184274 - 118.101 | UCLA CALCINAVEL 4.3 ANTIRROTACIONAL | 556017;184274
3139;184275 - 118.119 | UCLA CALCINAVEL 4.3 ROTACIONAL | 556018;184275
3140;184453 - 118.007 | UCLA CALCINAVEL 5.0 ROTACIONAL | 585452;184453
3141;182634 - 118.006 | UCLA CALCINAVEL- ANTIROTACIONAL5.0 | 425218;182634
3142;189875 - 863.071 | UCLA CALCINÁVEL 3.3 MM ANTIRROTACIONAL HE CURTO COM PH | 405623;189875
3143;189916 - 865.071 | UCLA CALCINÁVEL 3.3 MM ANTIRROTACIONAL HE CURTO COM PQ | 405664;189916
3144;189772 - 856.001 | UCLA CALCINÁVEL 3.3 MM ROTACIONAL HE COM PH | 405520;189772
3145;189796 - 857.001 | UCLA CALCINÁVEL 3.3 MM ROTACIONAL HE COM PQ | 405544;189796
3146;189874 - 863.070 | UCLA CALCINÁVEL 3.3 MM ROTACIONAL HE CURTO COM PH | 405622;189874
3147;189915 - 865.070 | UCLA CALCINÁVEL 3.3 MM ROTACIONAL HE CURTO COM PQ | 405663;189915
3148;189820 - 858.001 | UCLA CALCINÁVEL 3.6 MM ANTIRROTACIONAL HI COM PH | 405568;189820
3149;189821 - 858.013 | UCLA CALCINÁVEL 3.6 MM ANTIRROTACIONAL HI CR COM PH | 405569;189821
3150;189781 - 856.010 | UCLA CALCINÁVEL 4.1 MM ANTIRROTACIONAL HE COM PH | 405529;189781
3151;189805 - 857.010 | UCLA CALCINÁVEL 4.1 MM ANTIRROTACIONAL HE COM PQ | 405553;189805
3152;189859 - 863.002 | UCLA CALCINÁVEL 4.1 MM ANTIRROTACIONAL HE CURTO COM PH | 405607;189859
3153;189900 - 865.002 | UCLA CALCINÁVEL 4.1 MM ANTIRROTACIONAL HE CURTO COM PQ | 405648;189900
3154;189780 - 856.009 | UCLA CALCINÁVEL 5.0 MM ROTACIONAL HE CURTO COM PH | 405528;189780
3155;189804 - 857.009 | UCLA CALCINÁVEL MPC ROTACIONAL HE/HI/ICM COM PH | 405552;189804
3156;189858 - 863.001 | UCLA CALCINÁVEL PC ANTIRROTACIONAL HE/HI/ICM COM PH | 405606;189858
3157;189899 - 865.001 | UCLA CALCINÁVEL PC ROTACIONAL HE/HI/ICM COM PH | 405647;189899
3158;181468 - 21721 | UCLA CLASSICO 3.25 | 401830;181468
3159;181470 - 21723 | UCLA CLASSICO 3.75 | 401832;181470
3160;181471 - 21725 | UCLA CLASSICO 4.25 | 401833;181471
3161;182463 - 32790 | UCLA CONE MORSE AR CC 4.0X0.8 | 434316;182463
3162;182497 - 32792 | UCLA CONE MORSE AR CC 4.0X1.5 | 435091;182497
3163;190226 - 861.011 | UCLA DE TITANIO MPC THIN ROTACIONAL | 436108;190226
3164;184282 - 118.008 | UCLA EM TITANIO 3.3 ANTIRROTACIONAL | 556025;184282
3165;184284 - 118.030 | UCLA EM TITANIO 4.1 ROTACIONAL ALT.1 | 556028;184284
3166;184283 - 118.152 | UCLA EM TITANIO 4.3 ROTACIONAL ALT.1 | 556026;184283
3167;184445 - 118.185 | UCLA EM TITANIO II PLUS ALT.1 | 585417;184445
3168;189846 - 861.017 | UCLA MPC HE/HI/ICM CALCINÁVEL ROTA COM PH | 405594;189846
3169;189847 - 861.002 | UCLA MPC HE/HI/ICM TITÂNIO ROTA COM PH | 405595;189847
3170;189851 - 862.002 | UCLA PC HE/HI/ICM CALCINÁVEL ANTIRROTA COM PH | 405599;189851
3171;189850 - 862.001 | UCLA PC HE/HI/ICM CALCINÁVEL ROTACIONAL COM PH | 405598;189850
3172;189853 - 862.004 | UCLA PC HE/HI/ICM TITÂNIO ANTIRROTA COM PH | 405601;189853
3173;189852 - 862.003 | UCLA PC HE/HI/ICM TITÂNIO ROTACIONAL COM PH | 405600;189852
3174;180194 - EFF805.50A.1.CJ | UCLA PLAST. BASE CO.CR CM C/AR CINTA 1.00MM IMP. Ø3.00 Ø3.50 PLAT. Ø3.50 MINI TS | 591031;180194
3175;180197 - EFF805.51A.1.CJ | UCLA PLAST. BASE CO.CR CM C/AR CINTA 1.00MM IMP. Ø4.00 - Ø7.00 PLAT. Ø4.00 5.00 REGULAR TS | 591034;180197
3176;180195 - EFF805.50A.2.CJ | UCLA PLAST. BASE CO.CR CM C/AR CINTA 2.00MM IMP. Ø3.00 Ø3.50 PLAT. Ø3.50 MINI TS | 591032;180195
3177;180198 - EFF805.51A.2.CJ | UCLA PLAST. BASE CO.CR CM C/AR CINTA 2.00MM IMP. Ø4.00 - Ø7.00 PLAT. Ø4.00 5.00 REGULAR TS | 591035;180198
3178;180196 - EFF805.50A.3.CJ | UCLA PLAST. BASE CO.CR CM C/AR CINTA 3.00MM IMP. Ø3.00 Ø3.50 PLAT. Ø3.50 MINI TS | 591033;180196
3179;180199 - EFF805.51A.3.CJ | UCLA PLAST. BASE CO.CR CM C/AR CINTA 3.00MM IMP. Ø4.00 - Ø7.00 PLAT. Ø4.00 5.00 REGULAR TS | 591036;180199
3180;181755 - 22958 | UCLA PLASTICA UNII HE 3.5 M1.6 CR AR | 402117;181755
3181;181775 - 22989 | UCLA PLASTICA UNII HE 3.5 M1.6 CR R | 402137;181775
3182;181319 - 205009 | UCLA PLASTICA UNII HE 3.5 M1.8 CR AR | 401681;181319
3183;181318 - 204989 | UCLA PLASTICA UNII HE 3.5 M1.8 CR R | 401680;181318
3184;181782 - 22996 | UCLA PLASTICA UNII HE 4.0 CR AR | 402144;181782
3185;181785 - 23009 | UCLA PLASTICA UNII HE 4.0 CR R | 402147;181785
3186;181435 - 21432 | UCLA PLASTICA UNII HE 4.0 ST CR AR | 401797;181435
3187;181434 - 214315 | UCLA PLASTICA UNII HE 4.0 ST CR R | 401796;181434
3188;181787 - 23016 | UCLA PLASTICA UNII HE 5.0 CR AR | 402149;181787
3189;181788 - 23023 | UCLA PLASTICA UNII HE 5.0 CR R | 402150;181788
3190;182263 - 3704 | UCLA PLASTICA UNII HI 3.5 CR AR | 402625;182263
3191;181254 - 18913 | UCLA PLASTICA UNII HI 3.5 CR R | 401616;181254
3192;182262 - 3698 | UCLA PLASTICA UNII HI 3.5 SR AR | 402624;182262
3193;182294 - 4923 | UCLA PLASTICA UNII HI 3.5 SR R | 402656;182294
3194;182266 - 3735 | UCLA PLASTICA UNII HI 4.0 CR AR | 402628;182266
3195;182267 - 3742 | UCLA PLASTICA UNII HI 4.0 CR R | 402629;182267
3196;182264 - 3711 | UCLA PLASTICA UNII HI 4.0 SR AR | 402626;182264
3197;182265 - 3728 | UCLA PLASTICA UNII HI 4.0 SR R | 402627;182265
3198;181441 - 21441 | UCLA PLASTICA UNII HI 4.0 ST CR AR | 401803;181441
3199;181440 - 21440 | UCLA PLASTICA UNII HI 4.0 ST CR R | 401802;181440
3200;181443 - 214438 | UCLA PLASTICA UNII HI 4.0 ST SR AR | 401805;181443
3201;181442 - 214421 | UCLA PLASTICA UNII HI 4.0 ST SR R | 401804;181442
3202;181250 - 18821 | UCLA PLASTICA UNII HI 5.0 CR AR | 401612;181250
3203;181253 - 18906 | UCLA PLASTICA UNII HI 5.0 CR R | 401615;181253
3204;182268 - 3759 | UCLA PLASTICA UNII HI 5.0 SR AR | 402630;182268
3205;182269 - 3766 | UCLA PLASTICA UNII HI 5.0 SR R | 402631;182269
3206;184285 - 118.009 | UCLA TITANIO 4.1 ANTIR. ALT.1 | 556029;184285
3207;182638 - 118.097 | UCLA TITANIO 4.3 ANTIR.ALT.1 | 427950;182638
3208;182639 - 118.040 | UCLA TITANIO 5.0 ANTIR.ALT.1 | 427951;182639
3209;189775 - 856.004 | UCLA TITÂNIO 3.3 MM ANTIRROTACIONAL HE COM PH | 405523;189775
3210;189825 - 858.017 | UCLA TITÂNIO 3.3 MM ANTIRROTACIONAL HE COM PH | 405573;189825
3211;189799 - 857.004 | UCLA TITÂNIO 3.3 MM ANTIRROTACIONAL HE COM PQ | 405547;189799
3212;189838 - 860.010 | UCLA TITÂNIO 3.3 MM ANTIRROTACIONAL HE COM PQ | 405586;189838
3213;189788 - 856.018 | UCLA TITÂNIO 3.3 MM ANTIRROTACIONAL HE CURTO COM PH | 405536;189788
3214;189877 - 863.073 | UCLA TITÂNIO 3.3 MM ANTIRROTACIONAL HE CURTO COM PH | 405625;189877
3215;189813 - 857.018 | UCLA TITÂNIO 3.3 MM ANTIRROTACIONAL HE CURTO COM PQ | 405561;189813
3216;189918 - 865.073 | UCLA TITÂNIO 3.3 MM ANTIRROTACIONAL HE CURTO COM PQ | 405666;189918
3217;189774 - 856.003 | UCLA TITÂNIO 3.3 MM ROTACIONAL HE COM PH | 405522;189774
3218;189867 - 863.010 | UCLA TITÂNIO 3.3 MM ROTACIONAL HE COM PH | 405615;189867
3219;189798 - 857.003 | UCLA TITÂNIO 3.3 MM ROTACIONAL HE COM PQ | 405546;189798
3220;189908 - 865.010 | UCLA TITÂNIO 3.3 MM ROTACIONAL HE COM PQ | 405656;189908
3221;189829 - 858.021 | UCLA TITÂNIO 3.3 MM ROTACIONAL HE CURTO COM PH | 405577;189829
3222;189876 - 863.072 | UCLA TITÂNIO 3.3 MM ROTACIONAL HE CURTO COM PH | 405624;189876
3223;189842 - 860.014 | UCLA TITÂNIO 3.3 MM ROTACIONAL HE CURTO COM PQ | 405590;189842
3224;189917 - 865.072 | UCLA TITÂNIO 3.3 MM ROTACIONAL HE CURTO COM PQ | 405665;189917
3225;189787 - 856.017 | UCLA TITÂNIO 3.6 MM ANTIRROTACIONAL HI CR COM PH | 405535;189787
3226;189822 - 858.014 | UCLA TITÂNIO 3.6 MM ANTIRROTACIONAL HI CR COM PH | 405570;189822
3227;189783 - 856.012 | UCLA TITÂNIO 4.1 MM ANTIRROTACIONAL HE COM PH | 405531;189783
3228;189812 - 857.017 | UCLA TITÂNIO 4.1 MM ANTIRROTACIONAL HE COM PH | 405560;189812
3229;189807 - 857.012 | UCLA TITÂNIO 4.1 MM ANTIRROTACIONAL HE COM PQ | 405555;189807
3230;189866 - 863.009 | UCLA TITÂNIO 4.1 MM ANTIRROTACIONAL HE COM PQ | 405614;189866
3231;189861 - 863.004 | UCLA TITÂNIO 4.1 MM ANTIRROTACIONAL HE CURTO COM PH | 405609;189861
3232;189907 - 865.009 | UCLA TITÂNIO 4.1 MM ANTIRROTACIONAL HE CURTO COM PH | 405655;189907
3233;189902 - 865.004 | UCLA TITÂNIO 4.1 MM ANTIRROTACIONAL HE CURTO COM PQ | 405650;189902
3234;189782 - 856.011 | UCLA TITÂNIO 4.1 MM ROTACIONAL HE COM PH | 405530;189782
3235;189806 - 857.011 | UCLA TITÂNIO 4.1 MM ROTACIONAL HE COM PQ | 405554;189806
3236;189860 - 863.003 | UCLA TITÂNIO 4.1 MM ROTACIONAL HE CURTO COM PH | 405608;189860
3237;189901 - 865.003 | UCLA TITÂNIO 4.1 MM ROTACIONAL HE CURTO COM PQ | 405649;189901
3238;189826 - 858.018 | UCLA TITÂNIO 4.3 MM ANTIRROTACIONAL HI CR COM PH | 405574;189826
3239;189839 - 860.011 | UCLA TITÂNIO 4.3 MM ANTIRROTACIONAL HI CR COM PQ | 405587;189839
3240;189790 - 856.020 | UCLA TITÂNIO 5.0 MM ANTIRROTACIONAL HE COM PH | 405538;189790
3241;189815 - 857.020 | UCLA TITÂNIO 5.0 MM ANTIRROTACIONAL HE COM PQ | 405563;189815
3242;189869 - 863.012 | UCLA TITÂNIO 5.0 MM ANTIRROTACIONAL HE CURTO COM PH | 405617;189869
3243;189910 - 865.012 | UCLA TITÂNIO 5.0 MM ANTIRROTACIONAL HE CURTO COM PQ | 405658;189910
3244;189830 - 858.022 | UCLA TITÂNIO 5.0 MM ANTIRROTACIONAL HI CR COM PH | 405578;189830
3245;189843 - 860.015 | UCLA TITÂNIO 5.0 MM ANTIRROTACIONAL HI CR COM PQ | 405591;189843
3246;189789 - 856.019 | UCLA TITÂNIO 5.0 MM ROTACIONAL HE COM PH | 405537;189789
3247;189814 - 857.019 | UCLA TITÂNIO 5.0 MM ROTACIONAL HE COM PQ | 405562;189814
3248;189868 - 863.011 | UCLA TITÂNIO 5.0 MM ROTACIONAL HE CURTO COM PH | 405616;189868
3249;189909 - 865.011 | UCLA TITÂNIO 5.0 MM ROTACIONAL HE CURTO COM PQ | 405657;189909
3250;189836 - 859.710 | UCLA TITÂNIO ATTRACT | 405584;189836
3251;181183 - 14786 | UCLA UNII HE AR 3.5 M1.6 ANTI ROTACIONAL | 401545;181183
3252;181793 - 231527 | UCLA UNII HE AR 3.5 M1.8 ANTI ROTACIONAL | 402155;181793
3253;182270 - 3841 | UCLA UNII HE AR 4.0 ANTI ROTACIONAL | 402632;182270
3254;181437 - 214377 | UCLA UNII HE AR 4.0 ST ANTI ROTACIONAL | 401799;181437
3255;181455 - 21524 | UCLA UNII HE AR 5.0 ANTI ROTACIONAL | 401817;181455
3256;181283 - 19958 | UCLA UNII HE AR CC 3.5 M1.6 | 401645;181283
3257;181316 - 204941 | UCLA UNII HE AR CC 3.5 M1.8 | 401678;181316
3258;181209 - 17657 | UCLA UNII HE AR CC 4.0 | 401571;181209
3259;181439 - 214391 | UCLA UNII HE AR CC 4.0 ST | 401801;181439
3260;181321 - 20510 | UCLA UNII HE AR CC 5.0 | 401683;181321
3261;181415 - 21234 | UCLA UNII HE R 3.5 M1.6 ROTACIONAL | 401777;181415
3262;181791 - 231442 | UCLA UNII HE R 3.5 M1.8 ROTACIONAL | 402153;181791
3263;181184 - 14793 | UCLA UNII HE R 4.0 ROTACIONAL | 401546;181184
3264;181436 - 214360 | UCLA UNII HE R 4.0 ST ROTACIONAL | 401798;181436
3265;181416 - 21258 | UCLA UNII HE R 5.0 ROTACIONAL | 401778;181416
3266;181208 - 17640 | UCLA UNII HE R CC 3.5 M1.6 | 401570;181208
3267;181317 - 204965 | UCLA UNII HE R CC 3.5 M1.8 | 401679;181317
3268;181210 - 17664 | UCLA UNII HE R CC 4.0 | 401572;181210
3269;181438 - 214384 | UCLA UNII HE R CC 4.0 ST | 401800;181438
3270;181211 - 17671 | UCLA UNII HE R CC 5.0 | 401573;181211
3271;181186 - 14816 | UCLA UNII HI AR 3.5 ANTI ROTACIONAL | 401548;181186
3272;181179 - 14250 | UCLA UNII HI AR 4.0 ANTI ROTACIONAL | 401541;181179
3273;181445 - 214452 | UCLA UNII HI AR 4.0 ST ANTI ROTACIONAL | 401807;181445
3274;181181 - 14410 | UCLA UNII HI AR 5.0 ANTI ROTACIONAL | 401543;181181
3275;181212 - 17688 | UCLA UNII HI AR CC 3.5 | 401574;181212
3276;181214 - 17701 | UCLA UNII HI AR CC 4.0 | 401576;181214
3277;181447 - 214476 | UCLA UNII HI AR CC 4.0 ST | 401809;181447
3278;181216 - 17725 | UCLA UNII HI AR CC 5.0 | 401578;181216
3279;181185 - 14809 | UCLA UNII HI R 3.5 ROTACIONAL | 401547;181185
3280;181177 - 14083 | UCLA UNII HI R 4.0 ROTACIONAL | 401539;181177
3281;181444 - 214445 | UCLA UNII HI R 4.0 ST ROTACIONAL | 401806;181444
3282;181178 - 14106 | UCLA UNII HI R 5.0 ROTACIONAL | 401540;181178
3283;181213 - 17695 | UCLA UNII HI R CC 3.5 | 401575;181213
3284;181215 - 17718 | UCLA UNII HI R CC 4.0 | 401577;181215
3285;181446 - 214469 | UCLA UNII HI R CC 4.0 ST | 401808;181446
3286;182448 - 17732 | UCLA UNII HI R CC 5.0  | 429608;182448
3287;173044 - 708.025 | UCLA CALC PARAFUS P/ABUT CMI Ø3.3 X 4MM | 428832;173044
3288;173045 - 708.026 | UCLA CALC PARAFUS P/ABUT CMI Ø3.3 X 6MM | 428833;173045
3289;173046 - 708.027 | UCLA CALC PARAFUS P/ABUT CMI Ø4.5 X 4MM | 428834;173046
3290;173047 - 708.028 | UCLA CALC PARAFUS P/ABUT CMI Ø4.5 X 6MM | 428835;173047
3291;172819 - 706.001 | UCLA CALCIN. P/ ABUT. CIM. CMNØ3.3 X 4MM | 398592;172819
3292;173035 - 708.021 | UCLA CALCINAVEL PARA ABUTMENT CMN Ø3.3 X 4MM | 428809;173035
3293;173036 - 708.023 | UCLA CALCINAVEL PARA ABUTMENT CMN Ø3.3 X 6MM | 428810;173036
3294;172820 - 706.002 | UCLA CALCIN. P/ ABUT. CIM. CMNØ4.5 X 4MM | 398593;172820
3295;173037 - 708.022 | UCLA CALCINAVEL PARA ABUTMENT CIMENTADO CMN Ø4.5 X 4MM | 428811;173037
3296;172822 - 706.004 | UCLA CALCIN. P/ ABUT. CIM. CMNØ4.5 X 6MM | 398595;172822
3297;173038 - 708.024 | UCLA CALCINAVEL PARA ABUTMENT CIMENTADO CMN Ø4.5 X 6MM | 428812;173038
3298;172821 - 706.003 | UCLA CALCIN. P/ ABUT. CIM.CMN Ø3.3 X 6MM | 398594;172821
3299;172833 - 708.017 | UCLA CALCIN. P/ ABUT.PARAF.MAX CM ROTAC. | 398606;172833
3300;190213 - 877.130 | UCLA CALCINAVEL BASE CRCO ANTIROTACIONAL AVANTT | 428251;190213
3301;190216 - 877.133 | UCLA CALCINAVEL BASE CRCO AVANTT ROTACIONAL | 428254;190216
3302;190217 - 877.134 | UCLA CALCINAVEL BASE CRCO AVANTT ROTACIONAL CINTA ALTA | 428255;190217
3303;190218 - 877.135 | UCLA CALCINAVEL BASE CRCO AVANTT ROTACIONAL CINTA BAIXA | 428256;190218
3304;190214 - 877.131 | UCLA CALCINAVEL COM BASE EM CRCO AVANTT ANTIRROTACIONAL CINTA ALTA | 428252;190214
3305;190215 - 877.132 | UCLA CALCINAVEL COM BASE EM CRCO AVANTT ANTIRROTACIONAL CINTA BAIXA | 428253;190215
3306;172824 - 708.002 | UCLA CALCINAVEL HE 3.4 C/ HEX. | 398597;172824
3307;172823 - 708.001 | UCLA CALCINAVEL HE 3.4 S/ HEX. | 398596;172823
3308;172828 - 708.006 | UCLA CALCINAVEL HE 4.1 C/ HEX. | 398601;172828
3309;172827 - 708.005 | UCLA CALCINAVEL HE 4.1 S/ HEX. | 398600;172827
3310;172831 - 708.009 | UCLA CALCINAVEL P/ ABUT. PARAF.MAX CM | 398604;172831
3311;172832 - 708.016 | UCLA CALCINAVEL P/ MINI ABUTMENT | 398605;172832
3312;190219 - 861.001 | UCLA CALCINÁVEL MPC ROTACIONAL HE/HI/ICM COM PH  | 428257;190219
3313;189777 - 856.006 | UCLA BASE CRCO 3.3 MM ANTIRROTACIONAL HE COM PH | 405525;189777
3314;189801 - 857.006 | UCLA BASE CRCO 3.3 MM ANTIRROTACIONAL HE COM PQ | 405549;189801
3315;189879 - 863.075 | UCLA BASE CRCO 3.3 MM ANTIRROTACIONAL HE CURTO COM PH | 405627;189879
3316;189920 - 865.075 | UCLA BASE CRCO 3.3 MM ANTIRROTACIONAL HE CURTO COM PQ | 405668;189920
3317;189776 - 856.005 | UCLA BASE CRCO 3.3 MM ROTACIONAL HE COM PH | 405524;189776
3318;189800 - 857.005 | UCLA BASE CRCO 3.3 MM ROTACIONAL HE COM PQ | 405548;189800
3319;189878 - 863.074 | UCLA BASE CRCO 3.3 MM ROTACIONAL HE CURTO COM PH | 405626;189878
3320;189919 - 865.074 | UCLA BASE CRCO 3.3 MM ROTACIONAL HE CURTO COM PQ | 405667;189919
3321;189833 - 859.701 | UCLA BASE CRCO 3.5 MM ANTIRROTACIONAL ICM COM PH ATTRACT | 405581;189833
3322;189832 - 859.700 | UCLA BASE CRCO 3.5 MM ROTACIONAL ICM COM PH ATTRACT | 405580;189832
3323;189823 - 858.015 | UCLA BASE CRCO 3.6 MM ANTI-ROTACIONAL PH HI CR | 405571;189823
3324;190204 - 856.014 | UCLA BASE CRCO 4.1 MM ANTIRROTACIONAL HE COM PH | 416557;190204
3325;189809 - 857.014 | UCLA BASE CRCO 4.1 MM ANTIRROTACIONAL HE COM PQ | 405557;189809
3326;189863 - 863.006 | UCLA BASE CRCO 4.1 MM ANTIRROTACIONAL HE CURTO COM PH | 405611;189863
3327;189904 - 865.006 | UCLA BASE CRCO 4.1 MM ANTIRROTACIONAL HE CURTO COM PQ | 405652;189904
3328;189784 - 856.013 | UCLA BASE CRCO 4.1 MM ROTACIONAL HE COM PH | 405532;189784
3329;189808 - 857.013 | UCLA BASE CRCO 4.1 MM ROTACIONAL HE COM PQ | 405556;189808
3330;189862 - 863.005 | UCLA BASE CRCO 4.1 MM ROTACIONAL HE CURTO COM PH | 405610;189862
3331;189903 - 865.005 | UCLA BASE CRCO 4.1 MM ROTACIONAL HE CURTO COM PQ | 405651;189903
3332;189827 - 858.019 | UCLA BASE CRCO 4.3 MM ANTIRROTACIONAL HI CR COM PH | 405575;189827
3333;189840 - 860.012 | UCLA BASE CRCO 4.3 MM ANTIRROTACIONAL HI CR COM PQ | 405588;189840
3334;189835 - 859.703 | UCLA BASE CRCO 4.3/5.0 MM ANTIRROTACIONAL ICM COM PH ATTRACT | 405583;189835
3335;189834 - 859.702 | UCLA BASE CRCO 4.3/5.0 MM ROTACIONAL ICM COM PH ATTRACT | 405582;189834
3336;189792 - 856.022 | UCLA BASE CRCO 5.0 MM ANTIRROTACIONAL HE COM PH | 405540;189792
3337;189817 - 857.022 | UCLA BASE CRCO 5.0 MM ANTIRROTACIONAL HE COM PQ | 405565;189817
3338;189871 - 863.014 | UCLA BASE CRCO 5.0 MM ANTIRROTACIONAL HE CURTO COM PH | 405619;189871
3339;189912 - 865.014 | UCLA BASE CRCO 5.0 MM ANTIRROTACIONAL HE CURTO COM PQ | 405660;189912
3340;189831 - 858.023 | UCLA BASE CRCO 5.0 MM ANTIRROTACIONAL HI CR COM PH | 405579;189831
3341;189791 - 856.021 | UCLA BASE CRCO 5.0 MM ROTACIONAL HE COM PH | 405539;189791
3342;189816 - 857.021 | UCLA BASE CRCO 5.0 MM ROTACIONAL HE COM PQ | 405564;189816
3343;189911 - 865.013 | UCLA BASE CRCO 5.0 MM ROTACIONAL HE CURTO COM PQ | 405659;189911
3344;189870 - 863.013 | UCLA BASE CRCO 5.0 MM ROTACIONAL HE CURTO PH | 405618;189870
3345;190179 - 882.030 | UCLA BASE CRCO ANTIRROTACIONAL ALLURE | 405927;190179
3346;189779 - 856.008 | UCLA BASE CRCO MPC ROTACIONAL HE/HI/ICM COM PH | 405527;189779
3347;189803 - 857.008 | UCLA BASE CRCO PC ANTIRROTACIONAL HE/HI/ICM COM PH | 405551;189803
3348;189881 - 863.077 | UCLA BASE CRCO PC ROTACIONAL HE/HI/ICM COM PH | 405629;189881
3349;190223 - 861.021 | UCLA BASE EM CRCO MINI PILAR CONICO THIN ROTACIONAL | 434493;190223
3350;172839 - 713.002 | UCLA COCR CM Ø3.3 X 1.5MM | 398612;172839
3351;172840 - 713.003 | UCLA COCR CM Ø3.3 X 2.5MM | 398613;172840
3352;172841 - 713.004 | UCLA COCR CM Ø3.3 X 3.5MM | 398614;172841
3353;173068 - 713.013 | UCLA COCR GM - Ø3.3x0.8MM | 602639;173068
3354;173069 - 713.014 | UCLA COCR GM - Ø3.3x1.5MM | 602641;173069
3355;173070 - 713.015 | UCLA COCR GM - Ø3.3x2.5MM | 602643;173070
3356;173071 - 713.016 | UCLA COCR GM - Ø3.3x3.5MM | 602645;173071
3357;173072 - 713.017 | UCLA COCR GM - Ø4.5x0.8MM | 602647;173072
3358;173073 - 713.018 | UCLA COCR GM - Ø4.5x1.5MM | 602649;173073
3359;173074 - 713.019 | UCLA COCR GM - Ø4.5x2.5MM | 602651;173074
3360;173075 - 713.020 | UCLA COCR GM - Ø4.5x3.5MM | 602653;173075
3361;172856 - CROMO 3.1.3460 | UCLA COCR HE C/ HEX.  PLATAF.Ø3.4MM | 398629;172856
3362;172859 - CROMO 3.1.4160 | UCLA COCR HE C/ HEX. PLATAF. Ø4.1MM | 398632;172859
3363;172857 - CROMO 3.1.3600 | UCLA COCR HE S/ HEX. PLATAF. Ø3.6MM | 398630;172857
3364;172858 - CROMO 3.1.4100 | UCLA COCR HE S/ HEX. PLATAF. Ø4.1MM | 398631;172858
3365;172854 - CROMO 1.2.4860 | UCLA COCR P/ ABUTMENT MAX CM | 398627;172854
3366;172855 - CROMO 1.3.4800 | UCLA COCR P/ MINI ABUTMENT | 398628;172855
3367;189855 - 862.006 | UCLA PC HE/HI/ICM CALCINÁ BASE CRCO ANTI COM PH | 405603;189855
3368;189854 - 862.005 | UCLA PC HE/HI/ICM CALCINÁ BASE CRCO ROTA COM PH | 405602;189854
3369;182956 - 118.245 | CILINDRO EM COBALTO-CROMO DO MICRO PILAR | 554471;182956
3370;184442 - 118.241 | CILINDRO GT EM COBALTO-CROMO ROTACIONAL | 585414;184442
3371;184277 - 118.212 | UCLA COBALTO-CROMO 3.3 ANTIR. | 556020;184277
3372;184278 - 118.235 | UCLA COBALTO-CROMO 4.1 E 4.3 ANTIR. | 556021;184278
3373;184279 - 118.234 | UCLA COBALTO-CROMO 4.1 E 4.3 ROTAC. | 556022;184279
3374;182660 - 118.237 | UCLA COBALTO-CROMO 5.0 ANTIR. | 438892;182660
3375;184440 - 118.214 | UCLA COBALTO-CROMO II PLUS ANTIR. | 585412;184440
3376;177091 - 02.23.07.162 | UCLA COCR CMH NP AR  | 400912;177091
3377;177092 - 02.23.07.172 | UCLA COCR CMH NP R  | 400913;177092
3378;176906 - 02.03.07.162 | UCLA COCR HEX NP AR  | 400727;176906
3379;176907 - 02.03.07.172 | UCLA COCR HEX NP R  | 400728;176907
3380;177047 - 02.08.07.262 | UCLA COCR HEX RP-UP AR  | 400868;177047
3381;177048 - 02.08.07.272 | UCLA COCR HEX RP-UP R  | 400869;177048
3382;176967 - 02.04.07.162 | UCLA COCR TRI NP AR  | 400788;176967
3383;176968 - 02.04.07.172 | UCLA COCR TRI NP R  | 400789;176968
3384;176969 - 02.04.07.262 | UCLA COCR TRI RP-UP AR  | 400790;176969
3385;176970 - 02.04.07.272 | UCLA COCR TRI RP-UP R  | 400791;176970
3386;190205 - 861.019 | UCLA DE MINI PILAR DE CROMO COBALTO  | 420169;190205
3387;184280 - 118.211 | UCLA EM COBALTO-CROMO 3.3 ROTACIONAL | 556023;184280
3388;184281 - 118.236 | UCLA EM COBALTO-CROMO 5.0 ROTACIONAL | 556024;184281
3389;184441 - 118.213 | UCLA EM COBALTO-CROMO II PLUS ROTACIONAL | 585413;184441
3390;182957 - 118.246 | CILINDRO EM TITANIO DO MICRO PILAR | 554472;182957
3391;182961 - 118.297 | CILINDRO EM TITANIO DO MICRO PILAR NEO | 554476;182961
3392;182292 - 4817 | PARAFUSO UCLA UNII HE 3.5 TRABALHO M1.6 | 402654;182292
3393;181226 - 180122 | PARAFUSO UCLA UNII HI 3.5 TRABALHO | 401588;181226
3394;181783 - 229968 | PARAFUSO UCLA UNII HI HE 3.5 TRABALHO M1.8 | 402145;181783
3395;181386 - 21115 | PARAFUSO UCLA UNII HI HE 4.0 TRABALHO ST | 401748;181386
3396;182127 - 27328 | PARAFUSO UCLA UNII HI/HE 4.0/5.0 TRABALHO | 402489;182127
3397;182979 - 118.088 | CILINDRO TI.M.P CON. 5.0 C.B ASSENT.PAS. | 554494;182979
3398;191812 - NCM200TH | PILAR UCLA NP-CASTHEX MINI (DIAMETRO 4 MM) E PARAFUSO DO PILAR | 596217;191812
3399;191813 - NCR200TH | PILAR UCLA NP-CASTHEX REGULAR (DIAMETRO 4,5 MM) E PARAFUSO DO PILAR | 596219;191813
3400;189921 - 865.077 | UCLA BASE TITÂNIO 3.3 MM ANTIRROTACIONAL HE COM PH | 405669;189921
3401;189778 - 856.007 | UCLA BASE TITÂNIO 3.3 MM ROTACIONAL HE COM PQ | 405526;189778
3402;189802 - 857.007 | UCLA BASE TITÂNIO 3.3 MM ROTACIONAL HE COM PQ | 405550;189802
3403;189880 - 863.076 | UCLA BASE TITÂNIO 3.3 MM ROTACIONAL HE CURTO COM PH | 405628;189880
3404;189824 - 858.016 | UCLA BASE TITÂNIO 3.6 MM ANTIRROTACIONAL HI CR COM PH | 405572;189824
3405;189786 - 856.016 | UCLA BASE TITÂNIO 4.1 MM ANTIRROTACIONAL HE COM PH | 405534;189786
3406;189811 - 857.016 | UCLA BASE TITÂNIO 4.1 MM ANTIRROTACIONAL HE COM PQ | 405559;189811
3407;189865 - 863.008 | UCLA BASE TITÂNIO 4.1 MM ANTIRROTACIONAL HE CURTO COM PH | 405613;189865
3408;189906 - 865.008 | UCLA BASE TITÂNIO 4.1 MM ANTIRROTACIONAL HE CURTO COM PQ | 405654;189906
3409;189785 - 856.015 | UCLA BASE TITÂNIO 4.1 MM ROTACIONAL HE COM PH | 405533;189785
3410;189810 - 857.015 | UCLA BASE TITÂNIO 4.1 MM ROTACIONAL HE COM PQ | 405558;189810
3411;189864 - 863.007 | UCLA BASE TITÂNIO 4.1 MM ROTACIONAL HE CURTO COM PH | 405612;189864
3412;189905 - 865.007 | UCLA BASE TITÂNIO 4.1 MM ROTACIONAL HE CURTO COM PQ | 405653;189905
3413;189828 - 858.020 | UCLA BASE TITÂNIO 4.3 MM ANTIRROTACIONAL HI CR COM PH | 405576;189828
3414;189841 - 860.013 | UCLA BASE TITÂNIO 4.3 MM ANTIRROTACIONAL HI CR COM PQ | 405589;189841
3415;189794 - 856.024 | UCLA BASE TITÂNIO 5.0 MM ANTIRROTACIONAL HE COM PH | 405542;189794
3416;189819 - 857.024 | UCLA BASE TITÂNIO 5.0 MM ANTIRROTACIONAL HE COM PQ | 405567;189819
3417;189873 - 863.016 | UCLA BASE TITÂNIO 5.0 MM ANTIRROTACIONAL HE CURTO COM PH | 405621;189873
3418;189914 - 865.016 | UCLA BASE TITÂNIO 5.0 MM ANTIRROTACIONAL HE CURTO COM PQ | 405662;189914
3419;189837 - 860.008 | UCLA BASE TITÂNIO 5.0 MM ANTIRROTACIONAL HI COM PQ | 405585;189837
3420;189844 - 860.017 | UCLA BASE TITÂNIO 5.0 MM ANTIRROTACIONAL HI CR COM PQ | 405592;189844
3421;189793 - 856.023 | UCLA BASE TITÂNIO 5.0 MM ROTACIONAL HE COM PH | 405541;189793
3422;189818 - 857.023 | UCLA BASE TITÂNIO 5.0 MM ROTACIONAL HE COM PQ | 405566;189818
3423;189872 - 863.015 | UCLA BASE TITÂNIO 5.0 MM ROTACIONAL HE CURTO COM PH | 405620;189872
3424;189913 - 865.015 | UCLA BASE TITÂNIO 5.0 MM ROTACIONAL HE CURTO COM PQ | 405661;189913
3425;189849 - 861.004 | UCLA MPC HE/HI/ICM CALCI BASE EM TITÂN ROTA C/ PH | 405597;189849
3426;189857 - 862.008 | UCLA PC CALCINÁVEL BASE TITÂNIO ANTI COM PH | 405605;189857
3427;189856 - 862.007 | UCLA PC CALCINÁVEL BASE TITÂNIO ROTA COM PH | 405604;189856
